[2025-08-27 15:50:44] local.INFO: Début de la méthode store {"request_data":{"montant_total":6565.0,"patient_id":4,"medicaments_prescrits":[{"quantite":1,"statut":false,"posologie":"1 comprimé par jour","duree":"7 jours","avis":"Aucun","substitution_autorisee":true,"pharmaceutical_product_id":2}]},"headers":{"user-agent":["Dart/3.6 (dart:io)"],"content-type":["application/json"],"accept-encoding":["gzip"],"content-length":["223"],"host":["192.168.100.175:53800"]},"ip":"192.168.100.212","url":"http://192.168.100.175:53800/api/save_ordonnance"} 
[2025-08-27 15:50:44] local.INFO: Début de la validation des données  
[2025-08-27 15:50:44] local.INFO: Liste des meds {"validated_data":[{"quantite":1,"statut":false,"posologie":"1 comprimé par jour","duree":"7 jours","avis":"Aucun","substitution_autorisee":true,"pharmaceutical_product_id":2}]} 
[2025-08-27 15:50:44] local.INFO: Validation réussie {"validated_data":{"montant_total":6565.0,"medicaments_prescrits":[{"quantite":1,"statut":false,"posologie":"1 comprimé par jour","duree":"7 jours","avis":"Aucun","substitution_autorisee":true,"pharmaceutical_product_id":2}],"patient_id":4}} 
[2025-08-27 15:50:44] local.INFO: Création de l'ordonnance  
[2025-08-27 15:50:45] local.INFO: Ordonnance créée {"ordonnance_id":1} 
[2025-08-27 15:50:45] local.INFO: Début de la création des médicaments prescrits  
[2025-08-27 15:50:45] local.INFO: Création du médicament prescrit {"index":0,"data":{"quantite":1,"statut":false,"posologie":"1 comprimé par jour","duree":"7 jours","avis":"Aucun","substitution_autorisee":true,"pharmaceutical_product_id":2}} 
[2025-08-27 15:50:46] local.INFO: Médicaments prescrits créés avec succès  
[2025-08-27 15:50:46] local.INFO: Préparation de la réponse JSON  
[2025-08-27 15:51:52] local.INFO: Début de la fonction findUserSpecialite -----------------  
[2025-08-27 15:51:52] local.INFO: Spécialité trouvée pour l'utilisateur {"user_id":2,"specialite_id":1} 
[2025-08-27 16:56:30] local.INFO: Début de la fonction findUserSpecialite -----------------  
[2025-08-27 16:56:31] local.INFO: Spécialité trouvée pour l'utilisateur {"user_id":2,"specialite_id":1} 
[2025-08-27 17:00:09] local.INFO: Début de la fonction findUserSpecialite -----------------  
[2025-08-27 17:00:09] local.INFO: Spécialité trouvée pour l'utilisateur {"user_id":2,"specialite_id":1} 
[2025-08-27 17:04:35] local.INFO: Début de la fonction findUserSpecialite -----------------  
[2025-08-27 17:04:36] local.WARNING: Aucune spécialité trouvée pour l'utilisateur {"user_id":2} 
[2025-08-27 17:05:08] local.INFO: Début de la fonction enregistrerSpecialiste {"request_data":{"tarif":"20000.0","description":"khdigdhdi","langue_ids":["1","3","4"],"image":{"Illuminate\\Http\\UploadedFile":"/tmp/phpDEzIeF"}},"ip_address":"192.168.122.39","user_agent":"Dart/3.6 (dart:io)"} 
[2025-08-27 17:05:08] local.INFO: Données validées avec succès {"validated_data":{"image":{"Illuminate\\Http\\UploadedFile":"/tmp/phpDEzIeF"},"tarif":"20000.0","description":"khdigdhdi","langue_ids":["1","3","4"]}} 
[2025-08-27 17:05:08] local.INFO: Utilisateur authentifié {"specialiste_id":2,"specialiste_email":"capostephania@gmail.com"} 
[2025-08-27 17:05:08] local.INFO: Spécialité créée avec succès {"specialite_id":2,"specialite_data":{"description":"khdigdhdi","tarif":"20000.0","specialiste_id":2,"updated_at":"2025-08-27T17:05:08.000000Z","created_at":"2025-08-27T17:05:08.000000Z","id":2}} 
[2025-08-27 17:05:08] local.DEBUG: Traitement de langue_id {"langue_id":"1","specialite_id":2} 
[2025-08-27 17:05:08] local.DEBUG: Langue associée avec succès {"langue_id":"1","specialite_id":2} 
[2025-08-27 17:05:08] local.DEBUG: Traitement de langue_id {"langue_id":"3","specialite_id":2} 
[2025-08-27 17:05:08] local.DEBUG: Langue associée avec succès {"langue_id":"3","specialite_id":2} 
[2025-08-27 17:05:08] local.DEBUG: Traitement de langue_id {"langue_id":"4","specialite_id":2} 
[2025-08-27 17:05:08] local.DEBUG: Langue associée avec succès {"langue_id":"4","specialite_id":2} 
[2025-08-27 17:05:09] local.INFO: Enregistrement du spécialiste terminé avec succès {"specialite_id":2,"langue_ids":["1","3","4"]} 
[2025-08-27 17:15:14] local.INFO: Début de la fonction findUserSpecialite -----------------  
[2025-08-27 17:15:14] local.INFO: Spécialité trouvée pour l'utilisateur {"user_id":2,"specialite_id":2} 
[2025-08-27 17:58:17] local.ERROR: SQLSTATE[42S22]: Column not found: 1054 Unknown column 'service_id' in 'field list' (Connection: mysql, SQL: update `users` set `service_id` = 1, `users`.`updated_at` = 2025-08-27 17:58:15 where `id` = 2) {"exception":"[object] (Illuminate\\Database\\QueryException(code: 42S22): SQLSTATE[42S22]: Column not found: 1054 Unknown column 'service_id' in 'field list' (Connection: mysql, SQL: update `users` set `service_id` = 1, `users`.`updated_at` = 2025-08-27 17:58:15 where `id` = 2) at /home/obed/Bureau/my-api-project/vendor/laravel/framework/src/Illuminate/Database/Connection.php:824)
[stacktrace]
#0 /home/obed/Bureau/my-api-project/vendor/laravel/framework/src/Illuminate/Database/Connection.php(778): Illuminate\\Database\\Connection->runQueryCallback()
#1 /home/obed/Bureau/my-api-project/vendor/laravel/framework/src/Illuminate/Database/Connection.php(583): Illuminate\\Database\\Connection->run()
#2 /home/obed/Bureau/my-api-project/vendor/laravel/framework/src/Illuminate/Database/Connection.php(535): Illuminate\\Database\\Connection->affectingStatement()
#3 /home/obed/Bureau/my-api-project/vendor/laravel/framework/src/Illuminate/Database/Query/Builder.php(3917): Illuminate\\Database\\Connection->update()
#4 /home/obed/Bureau/my-api-project/vendor/laravel/framework/src/Illuminate/Database/Eloquent/Builder.php(1251): Illuminate\\Database\\Query\\Builder->update()
#5 /home/obed/Bureau/my-api-project/vendor/laravel/framework/src/Illuminate/Database/Eloquent/Model.php(1314): Illuminate\\Database\\Eloquent\\Builder->update()
#6 /home/obed/Bureau/my-api-project/vendor/laravel/framework/src/Illuminate/Database/Eloquent/Model.php(1231): Illuminate\\Database\\Eloquent\\Model->performUpdate()
#7 /home/obed/Bureau/my-api-project/app/Http/Controllers/RoleController.php(67): Illuminate\\Database\\Eloquent\\Model->save()
#8 /home/obed/Bureau/my-api-project/vendor/laravel/framework/src/Illuminate/Routing/ControllerDispatcher.php(46): App\\Http\\Controllers\\RoleController->updatePersonnelRole()
#9 /home/obed/Bureau/my-api-project/vendor/laravel/framework/src/Illuminate/Routing/Route.php(265): Illuminate\\Routing\\ControllerDispatcher->dispatch()
#10 /home/obed/Bureau/my-api-project/vendor/laravel/framework/src/Illuminate/Routing/Route.php(211): Illuminate\\Routing\\Route->runController()
#11 /home/obed/Bureau/my-api-project/vendor/laravel/framework/src/Illuminate/Routing/Router.php(822): Illuminate\\Routing\\Route->run()
#12 /home/obed/Bureau/my-api-project/vendor/laravel/framework/src/Illuminate/Pipeline/Pipeline.php(180): Illuminate\\Routing\\Router->Illuminate\\Routing\\{closure}()
#13 /home/obed/Bureau/my-api-project/vendor/laravel/framework/src/Illuminate/Routing/Middleware/SubstituteBindings.php(50): Illuminate\\Pipeline\\Pipeline->Illuminate\\Pipeline\\{closure}()
#14 /home/obed/Bureau/my-api-project/vendor/laravel/framework/src/Illuminate/Pipeline/Pipeline.php(219): Illuminate\\Routing\\Middleware\\SubstituteBindings->handle()
#15 /home/obed/Bureau/my-api-project/vendor/laravel/sanctum/src/Http/Middleware/EnsureFrontendRequestsAreStateful.php(26): Illuminate\\Pipeline\\Pipeline->Illuminate\\Pipeline\\{closure}()
#16 /home/obed/Bureau/my-api-project/vendor/laravel/framework/src/Illuminate/Pipeline/Pipeline.php(180): Laravel\\Sanctum\\Http\\Middleware\\EnsureFrontendRequestsAreStateful->Laravel\\Sanctum\\Http\\Middleware\\{closure}()
#17 /home/obed/Bureau/my-api-project/vendor/laravel/framework/src/Illuminate/Pipeline/Pipeline.php(137): Illuminate\\Pipeline\\Pipeline->Illuminate\\Pipeline\\{closure}()
#18 /home/obed/Bureau/my-api-project/vendor/laravel/sanctum/src/Http/Middleware/EnsureFrontendRequestsAreStateful.php(25): Illuminate\\Pipeline\\Pipeline->then()
#19 /home/obed/Bureau/my-api-project/vendor/laravel/framework/src/Illuminate/Pipeline/Pipeline.php(219): Laravel\\Sanctum\\Http\\Middleware\\EnsureFrontendRequestsAreStateful->handle()
#20 /home/obed/Bureau/my-api-project/vendor/laravel/framework/src/Illuminate/Pipeline/Pipeline.php(137): Illuminate\\Pipeline\\Pipeline->Illuminate\\Pipeline\\{closure}()
#21 /home/obed/Bureau/my-api-project/vendor/laravel/framework/src/Illuminate/Routing/Router.php(821): Illuminate\\Pipeline\\Pipeline->then()
#22 /home/obed/Bureau/my-api-project/vendor/laravel/framework/src/Illuminate/Routing/Router.php(800): Illuminate\\Routing\\Router->runRouteWithinStack()
#23 /home/obed/Bureau/my-api-project/vendor/laravel/framework/src/Illuminate/Routing/Router.php(764): Illuminate\\Routing\\Router->runRoute()
#24 /home/obed/Bureau/my-api-project/vendor/laravel/framework/src/Illuminate/Routing/Router.php(753): Illuminate\\Routing\\Router->dispatchToRoute()
#25 /home/obed/Bureau/my-api-project/vendor/laravel/framework/src/Illuminate/Foundation/Http/Kernel.php(200): Illuminate\\Routing\\Router->dispatch()
#26 /home/obed/Bureau/my-api-project/vendor/laravel/framework/src/Illuminate/Pipeline/Pipeline.php(180): Illuminate\\Foundation\\Http\\Kernel->Illuminate\\Foundation\\Http\\{closure}()
#27 /home/obed/Bureau/my-api-project/vendor/laravel/framework/src/Illuminate/Foundation/Http/Middleware/TransformsRequest.php(21): Illuminate\\Pipeline\\Pipeline->Illuminate\\Pipeline\\{closure}()
#28 /home/obed/Bureau/my-api-project/vendor/laravel/framework/src/Illuminate/Foundation/Http/Middleware/ConvertEmptyStringsToNull.php(31): Illuminate\\Foundation\\Http\\Middleware\\TransformsRequest->handle()
#29 /home/obed/Bureau/my-api-project/vendor/laravel/framework/src/Illuminate/Pipeline/Pipeline.php(219): Illuminate\\Foundation\\Http\\Middleware\\ConvertEmptyStringsToNull->handle()
#30 /home/obed/Bureau/my-api-project/vendor/laravel/framework/src/Illuminate/Foundation/Http/Middleware/TransformsRequest.php(21): Illuminate\\Pipeline\\Pipeline->Illuminate\\Pipeline\\{closure}()
#31 /home/obed/Bureau/my-api-project/vendor/laravel/framework/src/Illuminate/Foundation/Http/Middleware/TrimStrings.php(51): Illuminate\\Foundation\\Http\\Middleware\\TransformsRequest->handle()
#32 /home/obed/Bureau/my-api-project/vendor/laravel/framework/src/Illuminate/Pipeline/Pipeline.php(219): Illuminate\\Foundation\\Http\\Middleware\\TrimStrings->handle()
#33 /home/obed/Bureau/my-api-project/vendor/laravel/framework/src/Illuminate/Http/Middleware/ValidatePostSize.php(27): Illuminate\\Pipeline\\Pipeline->Illuminate\\Pipeline\\{closure}()
#34 /home/obed/Bureau/my-api-project/vendor/laravel/framework/src/Illuminate/Pipeline/Pipeline.php(219): Illuminate\\Http\\Middleware\\ValidatePostSize->handle()
#35 /home/obed/Bureau/my-api-project/vendor/laravel/framework/src/Illuminate/Foundation/Http/Middleware/PreventRequestsDuringMaintenance.php(109): Illuminate\\Pipeline\\Pipeline->Illuminate\\Pipeline\\{closure}()
#36 /home/obed/Bureau/my-api-project/vendor/laravel/framework/src/Illuminate/Pipeline/Pipeline.php(219): Illuminate\\Foundation\\Http\\Middleware\\PreventRequestsDuringMaintenance->handle()
#37 /home/obed/Bureau/my-api-project/vendor/laravel/framework/src/Illuminate/Http/Middleware/HandleCors.php(61): Illuminate\\Pipeline\\Pipeline->Illuminate\\Pipeline\\{closure}()
#38 /home/obed/Bureau/my-api-project/vendor/laravel/framework/src/Illuminate/Pipeline/Pipeline.php(219): Illuminate\\Http\\Middleware\\HandleCors->handle()
#39 /home/obed/Bureau/my-api-project/vendor/laravel/framework/src/Illuminate/Http/Middleware/TrustProxies.php(58): Illuminate\\Pipeline\\Pipeline->Illuminate\\Pipeline\\{closure}()
#40 /home/obed/Bureau/my-api-project/vendor/laravel/framework/src/Illuminate/Pipeline/Pipeline.php(219): Illuminate\\Http\\Middleware\\TrustProxies->handle()
#41 /home/obed/Bureau/my-api-project/vendor/laravel/framework/src/Illuminate/Foundation/Http/Middleware/InvokeDeferredCallbacks.php(22): Illuminate\\Pipeline\\Pipeline->Illuminate\\Pipeline\\{closure}()
#42 /home/obed/Bureau/my-api-project/vendor/laravel/framework/src/Illuminate/Pipeline/Pipeline.php(219): Illuminate\\Foundation\\Http\\Middleware\\InvokeDeferredCallbacks->handle()
#43 /home/obed/Bureau/my-api-project/vendor/laravel/framework/src/Illuminate/Http/Middleware/ValidatePathEncoding.php(26): Illuminate\\Pipeline\\Pipeline->Illuminate\\Pipeline\\{closure}()
#44 /home/obed/Bureau/my-api-project/vendor/laravel/framework/src/Illuminate/Pipeline/Pipeline.php(219): Illuminate\\Http\\Middleware\\ValidatePathEncoding->handle()
#45 /home/obed/Bureau/my-api-project/vendor/laravel/framework/src/Illuminate/Pipeline/Pipeline.php(137): Illuminate\\Pipeline\\Pipeline->Illuminate\\Pipeline\\{closure}()
#46 /home/obed/Bureau/my-api-project/vendor/laravel/framework/src/Illuminate/Foundation/Http/Kernel.php(175): Illuminate\\Pipeline\\Pipeline->then()
#47 /home/obed/Bureau/my-api-project/vendor/laravel/framework/src/Illuminate/Foundation/Http/Kernel.php(144): Illuminate\\Foundation\\Http\\Kernel->sendRequestThroughRouter()
#48 /home/obed/Bureau/my-api-project/vendor/laravel/framework/src/Illuminate/Foundation/Application.php(1219): Illuminate\\Foundation\\Http\\Kernel->handle()
#49 /home/obed/Bureau/my-api-project/public/index.php(20): Illuminate\\Foundation\\Application->handleRequest()
#50 /home/obed/Bureau/my-api-project/vendor/laravel/framework/src/Illuminate/Foundation/resources/server.php(23): require_once('...')
#51 {main}

[previous exception] [object] (PDOException(code: 42S22): SQLSTATE[42S22]: Column not found: 1054 Unknown column 'service_id' in 'field list' at /home/obed/Bureau/my-api-project/vendor/laravel/framework/src/Illuminate/Database/Connection.php:591)
[stacktrace]
#0 /home/obed/Bureau/my-api-project/vendor/laravel/framework/src/Illuminate/Database/Connection.php(591): PDO->prepare()
#1 /home/obed/Bureau/my-api-project/vendor/laravel/framework/src/Illuminate/Database/Connection.php(811): Illuminate\\Database\\Connection->Illuminate\\Database\\{closure}()
#2 /home/obed/Bureau/my-api-project/vendor/laravel/framework/src/Illuminate/Database/Connection.php(778): Illuminate\\Database\\Connection->runQueryCallback()
#3 /home/obed/Bureau/my-api-project/vendor/laravel/framework/src/Illuminate/Database/Connection.php(583): Illuminate\\Database\\Connection->run()
#4 /home/obed/Bureau/my-api-project/vendor/laravel/framework/src/Illuminate/Database/Connection.php(535): Illuminate\\Database\\Connection->affectingStatement()
#5 /home/obed/Bureau/my-api-project/vendor/laravel/framework/src/Illuminate/Database/Query/Builder.php(3917): Illuminate\\Database\\Connection->update()
#6 /home/obed/Bureau/my-api-project/vendor/laravel/framework/src/Illuminate/Database/Eloquent/Builder.php(1251): Illuminate\\Database\\Query\\Builder->update()
#7 /home/obed/Bureau/my-api-project/vendor/laravel/framework/src/Illuminate/Database/Eloquent/Model.php(1314): Illuminate\\Database\\Eloquent\\Builder->update()
#8 /home/obed/Bureau/my-api-project/vendor/laravel/framework/src/Illuminate/Database/Eloquent/Model.php(1231): Illuminate\\Database\\Eloquent\\Model->performUpdate()
#9 /home/obed/Bureau/my-api-project/app/Http/Controllers/RoleController.php(67): Illuminate\\Database\\Eloquent\\Model->save()
#10 /home/obed/Bureau/my-api-project/vendor/laravel/framework/src/Illuminate/Routing/ControllerDispatcher.php(46): App\\Http\\Controllers\\RoleController->updatePersonnelRole()
#11 /home/obed/Bureau/my-api-project/vendor/laravel/framework/src/Illuminate/Routing/Route.php(265): Illuminate\\Routing\\ControllerDispatcher->dispatch()
#12 /home/obed/Bureau/my-api-project/vendor/laravel/framework/src/Illuminate/Routing/Route.php(211): Illuminate\\Routing\\Route->runController()
#13 /home/obed/Bureau/my-api-project/vendor/laravel/framework/src/Illuminate/Routing/Router.php(822): Illuminate\\Routing\\Route->run()
#14 /home/obed/Bureau/my-api-project/vendor/laravel/framework/src/Illuminate/Pipeline/Pipeline.php(180): Illuminate\\Routing\\Router->Illuminate\\Routing\\{closure}()
#15 /home/obed/Bureau/my-api-project/vendor/laravel/framework/src/Illuminate/Routing/Middleware/SubstituteBindings.php(50): Illuminate\\Pipeline\\Pipeline->Illuminate\\Pipeline\\{closure}()
#16 /home/obed/Bureau/my-api-project/vendor/laravel/framework/src/Illuminate/Pipeline/Pipeline.php(219): Illuminate\\Routing\\Middleware\\SubstituteBindings->handle()
#17 /home/obed/Bureau/my-api-project/vendor/laravel/sanctum/src/Http/Middleware/EnsureFrontendRequestsAreStateful.php(26): Illuminate\\Pipeline\\Pipeline->Illuminate\\Pipeline\\{closure}()
#18 /home/obed/Bureau/my-api-project/vendor/laravel/framework/src/Illuminate/Pipeline/Pipeline.php(180): Laravel\\Sanctum\\Http\\Middleware\\EnsureFrontendRequestsAreStateful->Laravel\\Sanctum\\Http\\Middleware\\{closure}()
#19 /home/obed/Bureau/my-api-project/vendor/laravel/framework/src/Illuminate/Pipeline/Pipeline.php(137): Illuminate\\Pipeline\\Pipeline->Illuminate\\Pipeline\\{closure}()
#20 /home/obed/Bureau/my-api-project/vendor/laravel/sanctum/src/Http/Middleware/EnsureFrontendRequestsAreStateful.php(25): Illuminate\\Pipeline\\Pipeline->then()
#21 /home/obed/Bureau/my-api-project/vendor/laravel/framework/src/Illuminate/Pipeline/Pipeline.php(219): Laravel\\Sanctum\\Http\\Middleware\\EnsureFrontendRequestsAreStateful->handle()
#22 /home/obed/Bureau/my-api-project/vendor/laravel/framework/src/Illuminate/Pipeline/Pipeline.php(137): Illuminate\\Pipeline\\Pipeline->Illuminate\\Pipeline\\{closure}()
#23 /home/obed/Bureau/my-api-project/vendor/laravel/framework/src/Illuminate/Routing/Router.php(821): Illuminate\\Pipeline\\Pipeline->then()
#24 /home/obed/Bureau/my-api-project/vendor/laravel/framework/src/Illuminate/Routing/Router.php(800): Illuminate\\Routing\\Router->runRouteWithinStack()
#25 /home/obed/Bureau/my-api-project/vendor/laravel/framework/src/Illuminate/Routing/Router.php(764): Illuminate\\Routing\\Router->runRoute()
#26 /home/obed/Bureau/my-api-project/vendor/laravel/framework/src/Illuminate/Routing/Router.php(753): Illuminate\\Routing\\Router->dispatchToRoute()
#27 /home/obed/Bureau/my-api-project/vendor/laravel/framework/src/Illuminate/Foundation/Http/Kernel.php(200): Illuminate\\Routing\\Router->dispatch()
#28 /home/obed/Bureau/my-api-project/vendor/laravel/framework/src/Illuminate/Pipeline/Pipeline.php(180): Illuminate\\Foundation\\Http\\Kernel->Illuminate\\Foundation\\Http\\{closure}()
#29 /home/obed/Bureau/my-api-project/vendor/laravel/framework/src/Illuminate/Foundation/Http/Middleware/TransformsRequest.php(21): Illuminate\\Pipeline\\Pipeline->Illuminate\\Pipeline\\{closure}()
#30 /home/obed/Bureau/my-api-project/vendor/laravel/framework/src/Illuminate/Foundation/Http/Middleware/ConvertEmptyStringsToNull.php(31): Illuminate\\Foundation\\Http\\Middleware\\TransformsRequest->handle()
#31 /home/obed/Bureau/my-api-project/vendor/laravel/framework/src/Illuminate/Pipeline/Pipeline.php(219): Illuminate\\Foundation\\Http\\Middleware\\ConvertEmptyStringsToNull->handle()
#32 /home/obed/Bureau/my-api-project/vendor/laravel/framework/src/Illuminate/Foundation/Http/Middleware/TransformsRequest.php(21): Illuminate\\Pipeline\\Pipeline->Illuminate\\Pipeline\\{closure}()
#33 /home/obed/Bureau/my-api-project/vendor/laravel/framework/src/Illuminate/Foundation/Http/Middleware/TrimStrings.php(51): Illuminate\\Foundation\\Http\\Middleware\\TransformsRequest->handle()
#34 /home/obed/Bureau/my-api-project/vendor/laravel/framework/src/Illuminate/Pipeline/Pipeline.php(219): Illuminate\\Foundation\\Http\\Middleware\\TrimStrings->handle()
#35 /home/obed/Bureau/my-api-project/vendor/laravel/framework/src/Illuminate/Http/Middleware/ValidatePostSize.php(27): Illuminate\\Pipeline\\Pipeline->Illuminate\\Pipeline\\{closure}()
#36 /home/obed/Bureau/my-api-project/vendor/laravel/framework/src/Illuminate/Pipeline/Pipeline.php(219): Illuminate\\Http\\Middleware\\ValidatePostSize->handle()
#37 /home/obed/Bureau/my-api-project/vendor/laravel/framework/src/Illuminate/Foundation/Http/Middleware/PreventRequestsDuringMaintenance.php(109): Illuminate\\Pipeline\\Pipeline->Illuminate\\Pipeline\\{closure}()
#38 /home/obed/Bureau/my-api-project/vendor/laravel/framework/src/Illuminate/Pipeline/Pipeline.php(219): Illuminate\\Foundation\\Http\\Middleware\\PreventRequestsDuringMaintenance->handle()
#39 /home/obed/Bureau/my-api-project/vendor/laravel/framework/src/Illuminate/Http/Middleware/HandleCors.php(61): Illuminate\\Pipeline\\Pipeline->Illuminate\\Pipeline\\{closure}()
#40 /home/obed/Bureau/my-api-project/vendor/laravel/framework/src/Illuminate/Pipeline/Pipeline.php(219): Illuminate\\Http\\Middleware\\HandleCors->handle()
#41 /home/obed/Bureau/my-api-project/vendor/laravel/framework/src/Illuminate/Http/Middleware/TrustProxies.php(58): Illuminate\\Pipeline\\Pipeline->Illuminate\\Pipeline\\{closure}()
#42 /home/obed/Bureau/my-api-project/vendor/laravel/framework/src/Illuminate/Pipeline/Pipeline.php(219): Illuminate\\Http\\Middleware\\TrustProxies->handle()
#43 /home/obed/Bureau/my-api-project/vendor/laravel/framework/src/Illuminate/Foundation/Http/Middleware/InvokeDeferredCallbacks.php(22): Illuminate\\Pipeline\\Pipeline->Illuminate\\Pipeline\\{closure}()
#44 /home/obed/Bureau/my-api-project/vendor/laravel/framework/src/Illuminate/Pipeline/Pipeline.php(219): Illuminate\\Foundation\\Http\\Middleware\\InvokeDeferredCallbacks->handle()
#45 /home/obed/Bureau/my-api-project/vendor/laravel/framework/src/Illuminate/Http/Middleware/ValidatePathEncoding.php(26): Illuminate\\Pipeline\\Pipeline->Illuminate\\Pipeline\\{closure}()
#46 /home/obed/Bureau/my-api-project/vendor/laravel/framework/src/Illuminate/Pipeline/Pipeline.php(219): Illuminate\\Http\\Middleware\\ValidatePathEncoding->handle()
#47 /home/obed/Bureau/my-api-project/vendor/laravel/framework/src/Illuminate/Pipeline/Pipeline.php(137): Illuminate\\Pipeline\\Pipeline->Illuminate\\Pipeline\\{closure}()
#48 /home/obed/Bureau/my-api-project/vendor/laravel/framework/src/Illuminate/Foundation/Http/Kernel.php(175): Illuminate\\Pipeline\\Pipeline->then()
#49 /home/obed/Bureau/my-api-project/vendor/laravel/framework/src/Illuminate/Foundation/Http/Kernel.php(144): Illuminate\\Foundation\\Http\\Kernel->sendRequestThroughRouter()
#50 /home/obed/Bureau/my-api-project/vendor/laravel/framework/src/Illuminate/Foundation/Application.php(1219): Illuminate\\Foundation\\Http\\Kernel->handle()
#51 /home/obed/Bureau/my-api-project/public/index.php(20): Illuminate\\Foundation\\Application->handleRequest()
#52 /home/obed/Bureau/my-api-project/vendor/laravel/framework/src/Illuminate/Foundation/resources/server.php(23): require_once('...')
#53 {main}
"} 
[2025-08-27 22:08:42] local.INFO: Début de la méthode store {"request_data":{"montant_total":48618.0,"patient_id":4,"medicaments_prescrits":[{"quantite":58,"statut":false,"posologie":"1 comprimé par jour","duree":"7 jours","avis":"Aucun","substitution_autorisee":true,"pharmaceutical_product_id":1},{"quantite":1,"statut":false,"posologie":"1 comprimé par jour","duree":"7 jours","avis":"Aucun","substitution_autorisee":true,"pharmaceutical_product_id":4}]},"headers":{"user-agent":["Dart/3.6 (dart:io)"],"content-type":["application/json"],"accept-encoding":["gzip"],"content-length":["383"],"host":["192.168.48.238:53800"]},"ip":"192.168.48.153","url":"http://192.168.48.238:53800/api/save_ordonnance"} 
[2025-08-27 22:08:42] local.INFO: Début de la validation des données  
[2025-08-27 22:08:42] local.INFO: Liste des meds {"validated_data":[{"quantite":58,"statut":false,"posologie":"1 comprimé par jour","duree":"7 jours","avis":"Aucun","substitution_autorisee":true,"pharmaceutical_product_id":1},{"quantite":1,"statut":false,"posologie":"1 comprimé par jour","duree":"7 jours","avis":"Aucun","substitution_autorisee":true,"pharmaceutical_product_id":4}]} 
[2025-08-27 22:08:42] local.INFO: Validation réussie {"validated_data":{"montant_total":48618.0,"medicaments_prescrits":[{"quantite":58,"statut":false,"posologie":"1 comprimé par jour","duree":"7 jours","avis":"Aucun","substitution_autorisee":true,"pharmaceutical_product_id":1},{"quantite":1,"statut":false,"posologie":"1 comprimé par jour","duree":"7 jours","avis":"Aucun","substitution_autorisee":true,"pharmaceutical_product_id":4}],"patient_id":4}} 
[2025-08-27 22:08:42] local.INFO: Création de l'ordonnance  
[2025-08-27 22:08:42] local.INFO: Ordonnance créée {"ordonnance_id":2} 
[2025-08-27 22:08:42] local.INFO: Début de la création des médicaments prescrits  
[2025-08-27 22:08:42] local.INFO: Création du médicament prescrit {"index":0,"data":{"quantite":58,"statut":false,"posologie":"1 comprimé par jour","duree":"7 jours","avis":"Aucun","substitution_autorisee":true,"pharmaceutical_product_id":1}} 
[2025-08-27 22:08:44] local.INFO: Création du médicament prescrit {"index":1,"data":{"quantite":1,"statut":false,"posologie":"1 comprimé par jour","duree":"7 jours","avis":"Aucun","substitution_autorisee":true,"pharmaceutical_product_id":4}} 
[2025-08-27 22:08:44] local.INFO: Médicaments prescrits créés avec succès  
[2025-08-27 22:08:44] local.INFO: Préparation de la réponse JSON  
[2025-08-27 22:28:45] local.INFO: Début de la méthode store {"request_data":{"montant_total":6565.0,"patient_id":4,"medicaments_prescrits":[{"quantite":1,"statut":false,"posologie":"1 comprimé par jour","duree":"7 jours","avis":"Aucun","substitution_autorisee":true,"pharmaceutical_product_id":5}]},"headers":{"user-agent":["Dart/3.6 (dart:io)"],"content-type":["application/json"],"accept-encoding":["gzip"],"content-length":["223"],"host":["192.168.48.238:53800"]},"ip":"192.168.48.153","url":"http://192.168.48.238:53800/api/save_ordonnance"} 
[2025-08-27 22:28:45] local.INFO: Début de la validation des données  
[2025-08-27 22:28:45] local.INFO: Liste des meds {"validated_data":[{"quantite":1,"statut":false,"posologie":"1 comprimé par jour","duree":"7 jours","avis":"Aucun","substitution_autorisee":true,"pharmaceutical_product_id":5}]} 
[2025-08-27 22:28:45] local.INFO: Validation réussie {"validated_data":{"montant_total":6565.0,"medicaments_prescrits":[{"quantite":1,"statut":false,"posologie":"1 comprimé par jour","duree":"7 jours","avis":"Aucun","substitution_autorisee":true,"pharmaceutical_product_id":5}],"patient_id":4}} 
[2025-08-27 22:28:45] local.INFO: Création de l'ordonnance  
[2025-08-27 22:28:46] local.INFO: Ordonnance créée {"ordonnance_id":3} 
[2025-08-27 22:28:46] local.INFO: Début de la création des médicaments prescrits  
[2025-08-27 22:28:46] local.INFO: Création du médicament prescrit {"index":0,"data":{"quantite":1,"statut":false,"posologie":"1 comprimé par jour","duree":"7 jours","avis":"Aucun","substitution_autorisee":true,"pharmaceutical_product_id":5}} 
[2025-08-27 22:28:46] local.INFO: Médicaments prescrits créés avec succès  
[2025-08-27 22:28:46] local.INFO: Préparation de la réponse JSON  
[2025-08-27 22:29:48] local.INFO: Début de la méthode store {"request_data":{"montant_total":6565.0,"patient_id":4,"medicaments_prescrits":[{"quantite":1,"statut":false,"posologie":"1 comprimé par jour","duree":"7 jours","avis":"Aucun","substitution_autorisee":true,"pharmaceutical_product_id":5}]},"headers":{"user-agent":["Dart/3.6 (dart:io)"],"content-type":["application/json"],"accept-encoding":["gzip"],"content-length":["223"],"host":["192.168.48.238:53800"]},"ip":"192.168.48.153","url":"http://192.168.48.238:53800/api/save_ordonnance"} 
[2025-08-27 22:29:48] local.INFO: Début de la validation des données  
[2025-08-27 22:29:48] local.INFO: Liste des meds {"validated_data":[{"quantite":1,"statut":false,"posologie":"1 comprimé par jour","duree":"7 jours","avis":"Aucun","substitution_autorisee":true,"pharmaceutical_product_id":5}]} 
[2025-08-27 22:29:48] local.INFO: Validation réussie {"validated_data":{"montant_total":6565.0,"medicaments_prescrits":[{"quantite":1,"statut":false,"posologie":"1 comprimé par jour","duree":"7 jours","avis":"Aucun","substitution_autorisee":true,"pharmaceutical_product_id":5}],"patient_id":4}} 
[2025-08-27 22:29:48] local.INFO: Création de l'ordonnance  
[2025-08-27 22:29:49] local.INFO: Ordonnance créée {"ordonnance_id":4} 
[2025-08-27 22:29:49] local.INFO: Début de la création des médicaments prescrits  
[2025-08-27 22:29:49] local.INFO: Création du médicament prescrit {"index":0,"data":{"quantite":1,"statut":false,"posologie":"1 comprimé par jour","duree":"7 jours","avis":"Aucun","substitution_autorisee":true,"pharmaceutical_product_id":5}} 
[2025-08-27 22:29:49] local.INFO: Médicaments prescrits créés avec succès  
[2025-08-27 22:29:49] local.INFO: Préparation de la réponse JSON  
[2025-08-27 22:32:09] local.INFO: Début de la méthode store {"request_data":{"montant_total":6565.0,"patient_id":4,"medicaments_prescrits":[{"quantite":1,"statut":false,"posologie":"1 comprimé par jour","duree":"7 jours","avis":"Aucun","substitution_autorisee":true,"pharmaceutical_product_id":5}]},"headers":{"user-agent":["Dart/3.6 (dart:io)"],"content-type":["application/json"],"accept-encoding":["gzip"],"content-length":["223"],"host":["192.168.48.238:53800"]},"ip":"192.168.48.153","url":"http://192.168.48.238:53800/api/save_ordonnance"} 
[2025-08-27 22:32:09] local.INFO: Début de la validation des données  
[2025-08-27 22:32:09] local.INFO: Liste des meds {"validated_data":[{"quantite":1,"statut":false,"posologie":"1 comprimé par jour","duree":"7 jours","avis":"Aucun","substitution_autorisee":true,"pharmaceutical_product_id":5}]} 
[2025-08-27 22:32:09] local.INFO: Validation réussie {"validated_data":{"montant_total":6565.0,"medicaments_prescrits":[{"quantite":1,"statut":false,"posologie":"1 comprimé par jour","duree":"7 jours","avis":"Aucun","substitution_autorisee":true,"pharmaceutical_product_id":5}],"patient_id":4}} 
[2025-08-27 22:32:09] local.INFO: Création de l'ordonnance  
[2025-08-27 22:32:10] local.INFO: Ordonnance créée {"ordonnance_id":5} 
[2025-08-27 22:32:10] local.INFO: Début de la création des médicaments prescrits  
[2025-08-27 22:32:10] local.INFO: Création du médicament prescrit {"index":0,"data":{"quantite":1,"statut":false,"posologie":"1 comprimé par jour","duree":"7 jours","avis":"Aucun","substitution_autorisee":true,"pharmaceutical_product_id":5}} 
[2025-08-27 22:32:10] local.INFO: Médicaments prescrits créés avec succès  
[2025-08-27 22:32:10] local.INFO: Préparation de la réponse JSON  
[2025-08-27 22:33:28] local.INFO: Début de la méthode store {"request_data":{"montant_total":6565.0,"patient_id":4,"medicaments_prescrits":[{"quantite":1,"statut":false,"posologie":"1 comprimé par jour","duree":"7 jours","avis":"Aucun","substitution_autorisee":true,"pharmaceutical_product_id":5}]},"headers":{"user-agent":["Dart/3.6 (dart:io)"],"content-type":["application/json"],"accept-encoding":["gzip"],"content-length":["223"],"host":["192.168.48.238:53800"]},"ip":"192.168.48.153","url":"http://192.168.48.238:53800/api/save_ordonnance"} 
[2025-08-27 22:33:28] local.INFO: Début de la validation des données  
[2025-08-27 22:33:28] local.INFO: Liste des meds {"validated_data":[{"quantite":1,"statut":false,"posologie":"1 comprimé par jour","duree":"7 jours","avis":"Aucun","substitution_autorisee":true,"pharmaceutical_product_id":5}]} 
[2025-08-27 22:33:28] local.INFO: Validation réussie {"validated_data":{"montant_total":6565.0,"medicaments_prescrits":[{"quantite":1,"statut":false,"posologie":"1 comprimé par jour","duree":"7 jours","avis":"Aucun","substitution_autorisee":true,"pharmaceutical_product_id":5}],"patient_id":4}} 
[2025-08-27 22:33:28] local.INFO: Création de l'ordonnance  
[2025-08-27 22:33:28] local.INFO: Ordonnance créée {"ordonnance_id":6} 
[2025-08-27 22:33:28] local.INFO: Début de la création des médicaments prescrits  
[2025-08-27 22:33:28] local.INFO: Création du médicament prescrit {"index":0,"data":{"quantite":1,"statut":false,"posologie":"1 comprimé par jour","duree":"7 jours","avis":"Aucun","substitution_autorisee":true,"pharmaceutical_product_id":5}} 
[2025-08-27 22:33:28] local.INFO: Médicaments prescrits créés avec succès  
[2025-08-27 22:33:28] local.INFO: Préparation de la réponse JSON  
[2025-08-27 22:36:36] local.INFO: Début de la méthode store {"request_data":{"montant_total":6565.0,"patient_id":4,"medicaments_prescrits":[{"quantite":1,"statut":false,"posologie":"1 comprimé par jour","duree":"7 jours","avis":"Aucun","substitution_autorisee":true,"pharmaceutical_product_id":5}]},"headers":{"user-agent":["Dart/3.6 (dart:io)"],"content-type":["application/json"],"accept-encoding":["gzip"],"content-length":["223"],"host":["192.168.48.238:53800"]},"ip":"192.168.48.153","url":"http://192.168.48.238:53800/api/save_ordonnance"} 
[2025-08-27 22:36:36] local.INFO: Début de la validation des données  
[2025-08-27 22:36:36] local.INFO: Liste des meds {"validated_data":[{"quantite":1,"statut":false,"posologie":"1 comprimé par jour","duree":"7 jours","avis":"Aucun","substitution_autorisee":true,"pharmaceutical_product_id":5}]} 
[2025-08-27 22:36:36] local.INFO: Validation réussie {"validated_data":{"montant_total":6565.0,"medicaments_prescrits":[{"quantite":1,"statut":false,"posologie":"1 comprimé par jour","duree":"7 jours","avis":"Aucun","substitution_autorisee":true,"pharmaceutical_product_id":5}],"patient_id":4}} 
[2025-08-27 22:36:36] local.INFO: Création de l'ordonnance  
[2025-08-27 22:36:36] local.INFO: Ordonnance créée {"ordonnance_id":7} 
[2025-08-27 22:36:36] local.INFO: Début de la création des médicaments prescrits  
[2025-08-27 22:36:36] local.INFO: Création du médicament prescrit {"index":0,"data":{"quantite":1,"statut":false,"posologie":"1 comprimé par jour","duree":"7 jours","avis":"Aucun","substitution_autorisee":true,"pharmaceutical_product_id":5}} 
[2025-08-27 22:36:37] local.INFO: Médicaments prescrits créés avec succès  
[2025-08-27 22:36:37] local.INFO: Préparation de la réponse JSON  
[2025-08-28 10:43:16] local.INFO: Début de la fonction findUserSpecialite -----------------  
[2025-08-28 10:43:16] local.WARNING: Aucune spécialité trouvée pour l'utilisateur {"user_id":5} 
[2025-08-28 10:50:45] local.INFO: Début de la fonction findUserSpecialite -----------------  
[2025-08-28 10:50:45] local.WARNING: Aucune spécialité trouvée pour l'utilisateur {"user_id":5} 
[2025-08-28 11:15:59] local.INFO: Début de la fonction findUserSpecialite -----------------  
[2025-08-28 11:15:59] local.WARNING: Aucune spécialité trouvée pour l'utilisateur {"user_id":5} 
[2025-08-28 11:22:26] local.INFO: Début de la fonction findUserSpecialite -----------------  
[2025-08-28 11:22:26] local.WARNING: Aucune spécialité trouvée pour l'utilisateur {"user_id":5} 
[2025-08-28 11:28:20] local.INFO: Début de la fonction findUserSpecialite -----------------  
[2025-08-28 11:28:20] local.WARNING: Aucune spécialité trouvée pour l'utilisateur {"user_id":5} 
[2025-08-28 13:09:40] local.INFO: Incoming updateConsultation request {"data":{"consultation_id":1},"ip":"192.168.59.117","url":"http://192.168.59.238:53800/api/update_consultation"} 
[2025-08-28 13:09:40] local.INFO: Consultation updated successfully  
[2025-08-28 16:11:54] local.ERROR: SQLSTATE[42S22]: Column not found: 1054 Unknown column 'langues.specialite_id' in 'where clause' (Connection: mysql, SQL: select * from `langues` where `langues`.`specialite_id` in (2) and `langues`.`deleted_at` is null) {"exception":"[object] (Illuminate\\Database\\QueryException(code: 42S22): SQLSTATE[42S22]: Column not found: 1054 Unknown column 'langues.specialite_id' in 'where clause' (Connection: mysql, SQL: select * from `langues` where `langues`.`specialite_id` in (2) and `langues`.`deleted_at` is null) at /home/obed/Bureau/my-api-project/vendor/laravel/framework/src/Illuminate/Database/Connection.php:824)
[stacktrace]
#0 /home/obed/Bureau/my-api-project/vendor/laravel/framework/src/Illuminate/Database/Connection.php(778): Illuminate\\Database\\Connection->runQueryCallback()
#1 /home/obed/Bureau/my-api-project/vendor/laravel/framework/src/Illuminate/Database/Connection.php(397): Illuminate\\Database\\Connection->run()
#2 /home/obed/Bureau/my-api-project/vendor/laravel/framework/src/Illuminate/Database/Query/Builder.php(3188): Illuminate\\Database\\Connection->select()
#3 /home/obed/Bureau/my-api-project/vendor/laravel/framework/src/Illuminate/Database/Query/Builder.php(3173): Illuminate\\Database\\Query\\Builder->runSelect()
#4 /home/obed/Bureau/my-api-project/vendor/laravel/framework/src/Illuminate/Database/Query/Builder.php(3763): Illuminate\\Database\\Query\\Builder->Illuminate\\Database\\Query\\{closure}()
#5 /home/obed/Bureau/my-api-project/vendor/laravel/framework/src/Illuminate/Database/Query/Builder.php(3172): Illuminate\\Database\\Query\\Builder->onceWithColumns()
#6 /home/obed/Bureau/my-api-project/vendor/laravel/framework/src/Illuminate/Database/Eloquent/Builder.php(887): Illuminate\\Database\\Query\\Builder->get()
#7 /home/obed/Bureau/my-api-project/vendor/laravel/framework/src/Illuminate/Database/Eloquent/Builder.php(869): Illuminate\\Database\\Eloquent\\Builder->getModels()
#8 /home/obed/Bureau/my-api-project/vendor/laravel/framework/src/Illuminate/Database/Eloquent/Relations/Relation.php(212): Illuminate\\Database\\Eloquent\\Builder->get()
#9 /home/obed/Bureau/my-api-project/vendor/laravel/framework/src/Illuminate/Database/Eloquent/Relations/Relation.php(175): Illuminate\\Database\\Eloquent\\Relations\\Relation->get()
#10 /home/obed/Bureau/my-api-project/vendor/laravel/framework/src/Illuminate/Database/Eloquent/Builder.php(935): Illuminate\\Database\\Eloquent\\Relations\\Relation->getEager()
#11 /home/obed/Bureau/my-api-project/vendor/laravel/framework/src/Illuminate/Database/Eloquent/Builder.php(904): Illuminate\\Database\\Eloquent\\Builder->eagerLoadRelation()
#12 /home/obed/Bureau/my-api-project/vendor/laravel/framework/src/Illuminate/Database/Eloquent/Builder.php(870): Illuminate\\Database\\Eloquent\\Builder->eagerLoadRelations()
#13 /home/obed/Bureau/my-api-project/vendor/laravel/framework/src/Illuminate/Database/Concerns/BuildsQueries.php(366): Illuminate\\Database\\Eloquent\\Builder->get()
#14 /home/obed/Bureau/my-api-project/app/Http/Controllers/SpecialiteController.php(64): Illuminate\\Database\\Eloquent\\Builder->first()
#15 /home/obed/Bureau/my-api-project/vendor/laravel/framework/src/Illuminate/Routing/ControllerDispatcher.php(46): App\\Http\\Controllers\\SpecialiteController->getSpecialistInfo()
#16 /home/obed/Bureau/my-api-project/vendor/laravel/framework/src/Illuminate/Routing/Route.php(265): Illuminate\\Routing\\ControllerDispatcher->dispatch()
#17 /home/obed/Bureau/my-api-project/vendor/laravel/framework/src/Illuminate/Routing/Route.php(211): Illuminate\\Routing\\Route->runController()
#18 /home/obed/Bureau/my-api-project/vendor/laravel/framework/src/Illuminate/Routing/Router.php(822): Illuminate\\Routing\\Route->run()
#19 /home/obed/Bureau/my-api-project/vendor/laravel/framework/src/Illuminate/Pipeline/Pipeline.php(180): Illuminate\\Routing\\Router->Illuminate\\Routing\\{closure}()
#20 /home/obed/Bureau/my-api-project/vendor/laravel/framework/src/Illuminate/Routing/Middleware/SubstituteBindings.php(50): Illuminate\\Pipeline\\Pipeline->Illuminate\\Pipeline\\{closure}()
#21 /home/obed/Bureau/my-api-project/vendor/laravel/framework/src/Illuminate/Pipeline/Pipeline.php(219): Illuminate\\Routing\\Middleware\\SubstituteBindings->handle()
#22 /home/obed/Bureau/my-api-project/vendor/laravel/sanctum/src/Http/Middleware/EnsureFrontendRequestsAreStateful.php(26): Illuminate\\Pipeline\\Pipeline->Illuminate\\Pipeline\\{closure}()
#23 /home/obed/Bureau/my-api-project/vendor/laravel/framework/src/Illuminate/Pipeline/Pipeline.php(180): Laravel\\Sanctum\\Http\\Middleware\\EnsureFrontendRequestsAreStateful->Laravel\\Sanctum\\Http\\Middleware\\{closure}()
#24 /home/obed/Bureau/my-api-project/vendor/laravel/framework/src/Illuminate/Pipeline/Pipeline.php(137): Illuminate\\Pipeline\\Pipeline->Illuminate\\Pipeline\\{closure}()
#25 /home/obed/Bureau/my-api-project/vendor/laravel/sanctum/src/Http/Middleware/EnsureFrontendRequestsAreStateful.php(25): Illuminate\\Pipeline\\Pipeline->then()
#26 /home/obed/Bureau/my-api-project/vendor/laravel/framework/src/Illuminate/Pipeline/Pipeline.php(219): Laravel\\Sanctum\\Http\\Middleware\\EnsureFrontendRequestsAreStateful->handle()
#27 /home/obed/Bureau/my-api-project/vendor/laravel/framework/src/Illuminate/Pipeline/Pipeline.php(137): Illuminate\\Pipeline\\Pipeline->Illuminate\\Pipeline\\{closure}()
#28 /home/obed/Bureau/my-api-project/vendor/laravel/framework/src/Illuminate/Routing/Router.php(821): Illuminate\\Pipeline\\Pipeline->then()
#29 /home/obed/Bureau/my-api-project/vendor/laravel/framework/src/Illuminate/Routing/Router.php(800): Illuminate\\Routing\\Router->runRouteWithinStack()
#30 /home/obed/Bureau/my-api-project/vendor/laravel/framework/src/Illuminate/Routing/Router.php(764): Illuminate\\Routing\\Router->runRoute()
#31 /home/obed/Bureau/my-api-project/vendor/laravel/framework/src/Illuminate/Routing/Router.php(753): Illuminate\\Routing\\Router->dispatchToRoute()
#32 /home/obed/Bureau/my-api-project/vendor/laravel/framework/src/Illuminate/Foundation/Http/Kernel.php(200): Illuminate\\Routing\\Router->dispatch()
#33 /home/obed/Bureau/my-api-project/vendor/laravel/framework/src/Illuminate/Pipeline/Pipeline.php(180): Illuminate\\Foundation\\Http\\Kernel->Illuminate\\Foundation\\Http\\{closure}()
#34 /home/obed/Bureau/my-api-project/vendor/laravel/framework/src/Illuminate/Foundation/Http/Middleware/TransformsRequest.php(21): Illuminate\\Pipeline\\Pipeline->Illuminate\\Pipeline\\{closure}()
#35 /home/obed/Bureau/my-api-project/vendor/laravel/framework/src/Illuminate/Foundation/Http/Middleware/ConvertEmptyStringsToNull.php(31): Illuminate\\Foundation\\Http\\Middleware\\TransformsRequest->handle()
#36 /home/obed/Bureau/my-api-project/vendor/laravel/framework/src/Illuminate/Pipeline/Pipeline.php(219): Illuminate\\Foundation\\Http\\Middleware\\ConvertEmptyStringsToNull->handle()
#37 /home/obed/Bureau/my-api-project/vendor/laravel/framework/src/Illuminate/Foundation/Http/Middleware/TransformsRequest.php(21): Illuminate\\Pipeline\\Pipeline->Illuminate\\Pipeline\\{closure}()
#38 /home/obed/Bureau/my-api-project/vendor/laravel/framework/src/Illuminate/Foundation/Http/Middleware/TrimStrings.php(51): Illuminate\\Foundation\\Http\\Middleware\\TransformsRequest->handle()
#39 /home/obed/Bureau/my-api-project/vendor/laravel/framework/src/Illuminate/Pipeline/Pipeline.php(219): Illuminate\\Foundation\\Http\\Middleware\\TrimStrings->handle()
#40 /home/obed/Bureau/my-api-project/vendor/laravel/framework/src/Illuminate/Http/Middleware/ValidatePostSize.php(27): Illuminate\\Pipeline\\Pipeline->Illuminate\\Pipeline\\{closure}()
#41 /home/obed/Bureau/my-api-project/vendor/laravel/framework/src/Illuminate/Pipeline/Pipeline.php(219): Illuminate\\Http\\Middleware\\ValidatePostSize->handle()
#42 /home/obed/Bureau/my-api-project/vendor/laravel/framework/src/Illuminate/Foundation/Http/Middleware/PreventRequestsDuringMaintenance.php(109): Illuminate\\Pipeline\\Pipeline->Illuminate\\Pipeline\\{closure}()
#43 /home/obed/Bureau/my-api-project/vendor/laravel/framework/src/Illuminate/Pipeline/Pipeline.php(219): Illuminate\\Foundation\\Http\\Middleware\\PreventRequestsDuringMaintenance->handle()
#44 /home/obed/Bureau/my-api-project/vendor/laravel/framework/src/Illuminate/Http/Middleware/HandleCors.php(61): Illuminate\\Pipeline\\Pipeline->Illuminate\\Pipeline\\{closure}()
#45 /home/obed/Bureau/my-api-project/vendor/laravel/framework/src/Illuminate/Pipeline/Pipeline.php(219): Illuminate\\Http\\Middleware\\HandleCors->handle()
#46 /home/obed/Bureau/my-api-project/vendor/laravel/framework/src/Illuminate/Http/Middleware/TrustProxies.php(58): Illuminate\\Pipeline\\Pipeline->Illuminate\\Pipeline\\{closure}()
#47 /home/obed/Bureau/my-api-project/vendor/laravel/framework/src/Illuminate/Pipeline/Pipeline.php(219): Illuminate\\Http\\Middleware\\TrustProxies->handle()
#48 /home/obed/Bureau/my-api-project/vendor/laravel/framework/src/Illuminate/Foundation/Http/Middleware/InvokeDeferredCallbacks.php(22): Illuminate\\Pipeline\\Pipeline->Illuminate\\Pipeline\\{closure}()
#49 /home/obed/Bureau/my-api-project/vendor/laravel/framework/src/Illuminate/Pipeline/Pipeline.php(219): Illuminate\\Foundation\\Http\\Middleware\\InvokeDeferredCallbacks->handle()
#50 /home/obed/Bureau/my-api-project/vendor/laravel/framework/src/Illuminate/Http/Middleware/ValidatePathEncoding.php(26): Illuminate\\Pipeline\\Pipeline->Illuminate\\Pipeline\\{closure}()
#51 /home/obed/Bureau/my-api-project/vendor/laravel/framework/src/Illuminate/Pipeline/Pipeline.php(219): Illuminate\\Http\\Middleware\\ValidatePathEncoding->handle()
#52 /home/obed/Bureau/my-api-project/vendor/laravel/framework/src/Illuminate/Pipeline/Pipeline.php(137): Illuminate\\Pipeline\\Pipeline->Illuminate\\Pipeline\\{closure}()
#53 /home/obed/Bureau/my-api-project/vendor/laravel/framework/src/Illuminate/Foundation/Http/Kernel.php(175): Illuminate\\Pipeline\\Pipeline->then()
#54 /home/obed/Bureau/my-api-project/vendor/laravel/framework/src/Illuminate/Foundation/Http/Kernel.php(144): Illuminate\\Foundation\\Http\\Kernel->sendRequestThroughRouter()
#55 /home/obed/Bureau/my-api-project/vendor/laravel/framework/src/Illuminate/Foundation/Application.php(1219): Illuminate\\Foundation\\Http\\Kernel->handle()
#56 /home/obed/Bureau/my-api-project/public/index.php(20): Illuminate\\Foundation\\Application->handleRequest()
#57 /home/obed/Bureau/my-api-project/vendor/laravel/framework/src/Illuminate/Foundation/resources/server.php(23): require_once('...')
#58 {main}

[previous exception] [object] (PDOException(code: 42S22): SQLSTATE[42S22]: Column not found: 1054 Unknown column 'langues.specialite_id' in 'where clause' at /home/obed/Bureau/my-api-project/vendor/laravel/framework/src/Illuminate/Database/Connection.php:406)
[stacktrace]
#0 /home/obed/Bureau/my-api-project/vendor/laravel/framework/src/Illuminate/Database/Connection.php(406): PDO->prepare()
#1 /home/obed/Bureau/my-api-project/vendor/laravel/framework/src/Illuminate/Database/Connection.php(811): Illuminate\\Database\\Connection->Illuminate\\Database\\{closure}()
#2 /home/obed/Bureau/my-api-project/vendor/laravel/framework/src/Illuminate/Database/Connection.php(778): Illuminate\\Database\\Connection->runQueryCallback()
#3 /home/obed/Bureau/my-api-project/vendor/laravel/framework/src/Illuminate/Database/Connection.php(397): Illuminate\\Database\\Connection->run()
#4 /home/obed/Bureau/my-api-project/vendor/laravel/framework/src/Illuminate/Database/Query/Builder.php(3188): Illuminate\\Database\\Connection->select()
#5 /home/obed/Bureau/my-api-project/vendor/laravel/framework/src/Illuminate/Database/Query/Builder.php(3173): Illuminate\\Database\\Query\\Builder->runSelect()
#6 /home/obed/Bureau/my-api-project/vendor/laravel/framework/src/Illuminate/Database/Query/Builder.php(3763): Illuminate\\Database\\Query\\Builder->Illuminate\\Database\\Query\\{closure}()
#7 /home/obed/Bureau/my-api-project/vendor/laravel/framework/src/Illuminate/Database/Query/Builder.php(3172): Illuminate\\Database\\Query\\Builder->onceWithColumns()
#8 /home/obed/Bureau/my-api-project/vendor/laravel/framework/src/Illuminate/Database/Eloquent/Builder.php(887): Illuminate\\Database\\Query\\Builder->get()
#9 /home/obed/Bureau/my-api-project/vendor/laravel/framework/src/Illuminate/Database/Eloquent/Builder.php(869): Illuminate\\Database\\Eloquent\\Builder->getModels()
#10 /home/obed/Bureau/my-api-project/vendor/laravel/framework/src/Illuminate/Database/Eloquent/Relations/Relation.php(212): Illuminate\\Database\\Eloquent\\Builder->get()
#11 /home/obed/Bureau/my-api-project/vendor/laravel/framework/src/Illuminate/Database/Eloquent/Relations/Relation.php(175): Illuminate\\Database\\Eloquent\\Relations\\Relation->get()
#12 /home/obed/Bureau/my-api-project/vendor/laravel/framework/src/Illuminate/Database/Eloquent/Builder.php(935): Illuminate\\Database\\Eloquent\\Relations\\Relation->getEager()
#13 /home/obed/Bureau/my-api-project/vendor/laravel/framework/src/Illuminate/Database/Eloquent/Builder.php(904): Illuminate\\Database\\Eloquent\\Builder->eagerLoadRelation()
#14 /home/obed/Bureau/my-api-project/vendor/laravel/framework/src/Illuminate/Database/Eloquent/Builder.php(870): Illuminate\\Database\\Eloquent\\Builder->eagerLoadRelations()
#15 /home/obed/Bureau/my-api-project/vendor/laravel/framework/src/Illuminate/Database/Concerns/BuildsQueries.php(366): Illuminate\\Database\\Eloquent\\Builder->get()
#16 /home/obed/Bureau/my-api-project/app/Http/Controllers/SpecialiteController.php(64): Illuminate\\Database\\Eloquent\\Builder->first()
#17 /home/obed/Bureau/my-api-project/vendor/laravel/framework/src/Illuminate/Routing/ControllerDispatcher.php(46): App\\Http\\Controllers\\SpecialiteController->getSpecialistInfo()
#18 /home/obed/Bureau/my-api-project/vendor/laravel/framework/src/Illuminate/Routing/Route.php(265): Illuminate\\Routing\\ControllerDispatcher->dispatch()
#19 /home/obed/Bureau/my-api-project/vendor/laravel/framework/src/Illuminate/Routing/Route.php(211): Illuminate\\Routing\\Route->runController()
#20 /home/obed/Bureau/my-api-project/vendor/laravel/framework/src/Illuminate/Routing/Router.php(822): Illuminate\\Routing\\Route->run()
#21 /home/obed/Bureau/my-api-project/vendor/laravel/framework/src/Illuminate/Pipeline/Pipeline.php(180): Illuminate\\Routing\\Router->Illuminate\\Routing\\{closure}()
#22 /home/obed/Bureau/my-api-project/vendor/laravel/framework/src/Illuminate/Routing/Middleware/SubstituteBindings.php(50): Illuminate\\Pipeline\\Pipeline->Illuminate\\Pipeline\\{closure}()
#23 /home/obed/Bureau/my-api-project/vendor/laravel/framework/src/Illuminate/Pipeline/Pipeline.php(219): Illuminate\\Routing\\Middleware\\SubstituteBindings->handle()
#24 /home/obed/Bureau/my-api-project/vendor/laravel/sanctum/src/Http/Middleware/EnsureFrontendRequestsAreStateful.php(26): Illuminate\\Pipeline\\Pipeline->Illuminate\\Pipeline\\{closure}()
#25 /home/obed/Bureau/my-api-project/vendor/laravel/framework/src/Illuminate/Pipeline/Pipeline.php(180): Laravel\\Sanctum\\Http\\Middleware\\EnsureFrontendRequestsAreStateful->Laravel\\Sanctum\\Http\\Middleware\\{closure}()
#26 /home/obed/Bureau/my-api-project/vendor/laravel/framework/src/Illuminate/Pipeline/Pipeline.php(137): Illuminate\\Pipeline\\Pipeline->Illuminate\\Pipeline\\{closure}()
#27 /home/obed/Bureau/my-api-project/vendor/laravel/sanctum/src/Http/Middleware/EnsureFrontendRequestsAreStateful.php(25): Illuminate\\Pipeline\\Pipeline->then()
#28 /home/obed/Bureau/my-api-project/vendor/laravel/framework/src/Illuminate/Pipeline/Pipeline.php(219): Laravel\\Sanctum\\Http\\Middleware\\EnsureFrontendRequestsAreStateful->handle()
#29 /home/obed/Bureau/my-api-project/vendor/laravel/framework/src/Illuminate/Pipeline/Pipeline.php(137): Illuminate\\Pipeline\\Pipeline->Illuminate\\Pipeline\\{closure}()
#30 /home/obed/Bureau/my-api-project/vendor/laravel/framework/src/Illuminate/Routing/Router.php(821): Illuminate\\Pipeline\\Pipeline->then()
#31 /home/obed/Bureau/my-api-project/vendor/laravel/framework/src/Illuminate/Routing/Router.php(800): Illuminate\\Routing\\Router->runRouteWithinStack()
#32 /home/obed/Bureau/my-api-project/vendor/laravel/framework/src/Illuminate/Routing/Router.php(764): Illuminate\\Routing\\Router->runRoute()
#33 /home/obed/Bureau/my-api-project/vendor/laravel/framework/src/Illuminate/Routing/Router.php(753): Illuminate\\Routing\\Router->dispatchToRoute()
#34 /home/obed/Bureau/my-api-project/vendor/laravel/framework/src/Illuminate/Foundation/Http/Kernel.php(200): Illuminate\\Routing\\Router->dispatch()
#35 /home/obed/Bureau/my-api-project/vendor/laravel/framework/src/Illuminate/Pipeline/Pipeline.php(180): Illuminate\\Foundation\\Http\\Kernel->Illuminate\\Foundation\\Http\\{closure}()
#36 /home/obed/Bureau/my-api-project/vendor/laravel/framework/src/Illuminate/Foundation/Http/Middleware/TransformsRequest.php(21): Illuminate\\Pipeline\\Pipeline->Illuminate\\Pipeline\\{closure}()
#37 /home/obed/Bureau/my-api-project/vendor/laravel/framework/src/Illuminate/Foundation/Http/Middleware/ConvertEmptyStringsToNull.php(31): Illuminate\\Foundation\\Http\\Middleware\\TransformsRequest->handle()
#38 /home/obed/Bureau/my-api-project/vendor/laravel/framework/src/Illuminate/Pipeline/Pipeline.php(219): Illuminate\\Foundation\\Http\\Middleware\\ConvertEmptyStringsToNull->handle()
#39 /home/obed/Bureau/my-api-project/vendor/laravel/framework/src/Illuminate/Foundation/Http/Middleware/TransformsRequest.php(21): Illuminate\\Pipeline\\Pipeline->Illuminate\\Pipeline\\{closure}()
#40 /home/obed/Bureau/my-api-project/vendor/laravel/framework/src/Illuminate/Foundation/Http/Middleware/TrimStrings.php(51): Illuminate\\Foundation\\Http\\Middleware\\TransformsRequest->handle()
#41 /home/obed/Bureau/my-api-project/vendor/laravel/framework/src/Illuminate/Pipeline/Pipeline.php(219): Illuminate\\Foundation\\Http\\Middleware\\TrimStrings->handle()
#42 /home/obed/Bureau/my-api-project/vendor/laravel/framework/src/Illuminate/Http/Middleware/ValidatePostSize.php(27): Illuminate\\Pipeline\\Pipeline->Illuminate\\Pipeline\\{closure}()
#43 /home/obed/Bureau/my-api-project/vendor/laravel/framework/src/Illuminate/Pipeline/Pipeline.php(219): Illuminate\\Http\\Middleware\\ValidatePostSize->handle()
#44 /home/obed/Bureau/my-api-project/vendor/laravel/framework/src/Illuminate/Foundation/Http/Middleware/PreventRequestsDuringMaintenance.php(109): Illuminate\\Pipeline\\Pipeline->Illuminate\\Pipeline\\{closure}()
#45 /home/obed/Bureau/my-api-project/vendor/laravel/framework/src/Illuminate/Pipeline/Pipeline.php(219): Illuminate\\Foundation\\Http\\Middleware\\PreventRequestsDuringMaintenance->handle()
#46 /home/obed/Bureau/my-api-project/vendor/laravel/framework/src/Illuminate/Http/Middleware/HandleCors.php(61): Illuminate\\Pipeline\\Pipeline->Illuminate\\Pipeline\\{closure}()
#47 /home/obed/Bureau/my-api-project/vendor/laravel/framework/src/Illuminate/Pipeline/Pipeline.php(219): Illuminate\\Http\\Middleware\\HandleCors->handle()
#48 /home/obed/Bureau/my-api-project/vendor/laravel/framework/src/Illuminate/Http/Middleware/TrustProxies.php(58): Illuminate\\Pipeline\\Pipeline->Illuminate\\Pipeline\\{closure}()
#49 /home/obed/Bureau/my-api-project/vendor/laravel/framework/src/Illuminate/Pipeline/Pipeline.php(219): Illuminate\\Http\\Middleware\\TrustProxies->handle()
#50 /home/obed/Bureau/my-api-project/vendor/laravel/framework/src/Illuminate/Foundation/Http/Middleware/InvokeDeferredCallbacks.php(22): Illuminate\\Pipeline\\Pipeline->Illuminate\\Pipeline\\{closure}()
#51 /home/obed/Bureau/my-api-project/vendor/laravel/framework/src/Illuminate/Pipeline/Pipeline.php(219): Illuminate\\Foundation\\Http\\Middleware\\InvokeDeferredCallbacks->handle()
#52 /home/obed/Bureau/my-api-project/vendor/laravel/framework/src/Illuminate/Http/Middleware/ValidatePathEncoding.php(26): Illuminate\\Pipeline\\Pipeline->Illuminate\\Pipeline\\{closure}()
#53 /home/obed/Bureau/my-api-project/vendor/laravel/framework/src/Illuminate/Pipeline/Pipeline.php(219): Illuminate\\Http\\Middleware\\ValidatePathEncoding->handle()
#54 /home/obed/Bureau/my-api-project/vendor/laravel/framework/src/Illuminate/Pipeline/Pipeline.php(137): Illuminate\\Pipeline\\Pipeline->Illuminate\\Pipeline\\{closure}()
#55 /home/obed/Bureau/my-api-project/vendor/laravel/framework/src/Illuminate/Foundation/Http/Kernel.php(175): Illuminate\\Pipeline\\Pipeline->then()
#56 /home/obed/Bureau/my-api-project/vendor/laravel/framework/src/Illuminate/Foundation/Http/Kernel.php(144): Illuminate\\Foundation\\Http\\Kernel->sendRequestThroughRouter()
#57 /home/obed/Bureau/my-api-project/vendor/laravel/framework/src/Illuminate/Foundation/Application.php(1219): Illuminate\\Foundation\\Http\\Kernel->handle()
#58 /home/obed/Bureau/my-api-project/public/index.php(20): Illuminate\\Foundation\\Application->handleRequest()
#59 /home/obed/Bureau/my-api-project/vendor/laravel/framework/src/Illuminate/Foundation/resources/server.php(23): require_once('...')
#60 {main}
"} 
[2025-08-28 16:13:16] local.ERROR: SQLSTATE[42S22]: Column not found: 1054 Unknown column 'langues.specialite_id' in 'where clause' (Connection: mysql, SQL: select * from `langues` where `langues`.`specialite_id` in (2) and `langues`.`deleted_at` is null) {"exception":"[object] (Illuminate\\Database\\QueryException(code: 42S22): SQLSTATE[42S22]: Column not found: 1054 Unknown column 'langues.specialite_id' in 'where clause' (Connection: mysql, SQL: select * from `langues` where `langues`.`specialite_id` in (2) and `langues`.`deleted_at` is null) at /home/obed/Bureau/my-api-project/vendor/laravel/framework/src/Illuminate/Database/Connection.php:824)
[stacktrace]
#0 /home/obed/Bureau/my-api-project/vendor/laravel/framework/src/Illuminate/Database/Connection.php(778): Illuminate\\Database\\Connection->runQueryCallback()
#1 /home/obed/Bureau/my-api-project/vendor/laravel/framework/src/Illuminate/Database/Connection.php(397): Illuminate\\Database\\Connection->run()
#2 /home/obed/Bureau/my-api-project/vendor/laravel/framework/src/Illuminate/Database/Query/Builder.php(3188): Illuminate\\Database\\Connection->select()
#3 /home/obed/Bureau/my-api-project/vendor/laravel/framework/src/Illuminate/Database/Query/Builder.php(3173): Illuminate\\Database\\Query\\Builder->runSelect()
#4 /home/obed/Bureau/my-api-project/vendor/laravel/framework/src/Illuminate/Database/Query/Builder.php(3763): Illuminate\\Database\\Query\\Builder->Illuminate\\Database\\Query\\{closure}()
#5 /home/obed/Bureau/my-api-project/vendor/laravel/framework/src/Illuminate/Database/Query/Builder.php(3172): Illuminate\\Database\\Query\\Builder->onceWithColumns()
#6 /home/obed/Bureau/my-api-project/vendor/laravel/framework/src/Illuminate/Database/Eloquent/Builder.php(887): Illuminate\\Database\\Query\\Builder->get()
#7 /home/obed/Bureau/my-api-project/vendor/laravel/framework/src/Illuminate/Database/Eloquent/Builder.php(869): Illuminate\\Database\\Eloquent\\Builder->getModels()
#8 /home/obed/Bureau/my-api-project/vendor/laravel/framework/src/Illuminate/Database/Eloquent/Relations/Relation.php(212): Illuminate\\Database\\Eloquent\\Builder->get()
#9 /home/obed/Bureau/my-api-project/vendor/laravel/framework/src/Illuminate/Database/Eloquent/Relations/Relation.php(175): Illuminate\\Database\\Eloquent\\Relations\\Relation->get()
#10 /home/obed/Bureau/my-api-project/vendor/laravel/framework/src/Illuminate/Database/Eloquent/Builder.php(935): Illuminate\\Database\\Eloquent\\Relations\\Relation->getEager()
#11 /home/obed/Bureau/my-api-project/vendor/laravel/framework/src/Illuminate/Database/Eloquent/Builder.php(904): Illuminate\\Database\\Eloquent\\Builder->eagerLoadRelation()
#12 /home/obed/Bureau/my-api-project/vendor/laravel/framework/src/Illuminate/Database/Eloquent/Builder.php(870): Illuminate\\Database\\Eloquent\\Builder->eagerLoadRelations()
#13 /home/obed/Bureau/my-api-project/vendor/laravel/framework/src/Illuminate/Database/Concerns/BuildsQueries.php(366): Illuminate\\Database\\Eloquent\\Builder->get()
#14 /home/obed/Bureau/my-api-project/app/Http/Controllers/SpecialiteController.php(64): Illuminate\\Database\\Eloquent\\Builder->first()
#15 /home/obed/Bureau/my-api-project/vendor/laravel/framework/src/Illuminate/Routing/ControllerDispatcher.php(46): App\\Http\\Controllers\\SpecialiteController->getSpecialistInfo()
#16 /home/obed/Bureau/my-api-project/vendor/laravel/framework/src/Illuminate/Routing/Route.php(265): Illuminate\\Routing\\ControllerDispatcher->dispatch()
#17 /home/obed/Bureau/my-api-project/vendor/laravel/framework/src/Illuminate/Routing/Route.php(211): Illuminate\\Routing\\Route->runController()
#18 /home/obed/Bureau/my-api-project/vendor/laravel/framework/src/Illuminate/Routing/Router.php(822): Illuminate\\Routing\\Route->run()
#19 /home/obed/Bureau/my-api-project/vendor/laravel/framework/src/Illuminate/Pipeline/Pipeline.php(180): Illuminate\\Routing\\Router->Illuminate\\Routing\\{closure}()
#20 /home/obed/Bureau/my-api-project/vendor/laravel/framework/src/Illuminate/Routing/Middleware/SubstituteBindings.php(50): Illuminate\\Pipeline\\Pipeline->Illuminate\\Pipeline\\{closure}()
#21 /home/obed/Bureau/my-api-project/vendor/laravel/framework/src/Illuminate/Pipeline/Pipeline.php(219): Illuminate\\Routing\\Middleware\\SubstituteBindings->handle()
#22 /home/obed/Bureau/my-api-project/vendor/laravel/sanctum/src/Http/Middleware/EnsureFrontendRequestsAreStateful.php(26): Illuminate\\Pipeline\\Pipeline->Illuminate\\Pipeline\\{closure}()
#23 /home/obed/Bureau/my-api-project/vendor/laravel/framework/src/Illuminate/Pipeline/Pipeline.php(180): Laravel\\Sanctum\\Http\\Middleware\\EnsureFrontendRequestsAreStateful->Laravel\\Sanctum\\Http\\Middleware\\{closure}()
#24 /home/obed/Bureau/my-api-project/vendor/laravel/framework/src/Illuminate/Pipeline/Pipeline.php(137): Illuminate\\Pipeline\\Pipeline->Illuminate\\Pipeline\\{closure}()
#25 /home/obed/Bureau/my-api-project/vendor/laravel/sanctum/src/Http/Middleware/EnsureFrontendRequestsAreStateful.php(25): Illuminate\\Pipeline\\Pipeline->then()
#26 /home/obed/Bureau/my-api-project/vendor/laravel/framework/src/Illuminate/Pipeline/Pipeline.php(219): Laravel\\Sanctum\\Http\\Middleware\\EnsureFrontendRequestsAreStateful->handle()
#27 /home/obed/Bureau/my-api-project/vendor/laravel/framework/src/Illuminate/Pipeline/Pipeline.php(137): Illuminate\\Pipeline\\Pipeline->Illuminate\\Pipeline\\{closure}()
#28 /home/obed/Bureau/my-api-project/vendor/laravel/framework/src/Illuminate/Routing/Router.php(821): Illuminate\\Pipeline\\Pipeline->then()
#29 /home/obed/Bureau/my-api-project/vendor/laravel/framework/src/Illuminate/Routing/Router.php(800): Illuminate\\Routing\\Router->runRouteWithinStack()
#30 /home/obed/Bureau/my-api-project/vendor/laravel/framework/src/Illuminate/Routing/Router.php(764): Illuminate\\Routing\\Router->runRoute()
#31 /home/obed/Bureau/my-api-project/vendor/laravel/framework/src/Illuminate/Routing/Router.php(753): Illuminate\\Routing\\Router->dispatchToRoute()
#32 /home/obed/Bureau/my-api-project/vendor/laravel/framework/src/Illuminate/Foundation/Http/Kernel.php(200): Illuminate\\Routing\\Router->dispatch()
#33 /home/obed/Bureau/my-api-project/vendor/laravel/framework/src/Illuminate/Pipeline/Pipeline.php(180): Illuminate\\Foundation\\Http\\Kernel->Illuminate\\Foundation\\Http\\{closure}()
#34 /home/obed/Bureau/my-api-project/vendor/laravel/framework/src/Illuminate/Foundation/Http/Middleware/TransformsRequest.php(21): Illuminate\\Pipeline\\Pipeline->Illuminate\\Pipeline\\{closure}()
#35 /home/obed/Bureau/my-api-project/vendor/laravel/framework/src/Illuminate/Foundation/Http/Middleware/ConvertEmptyStringsToNull.php(31): Illuminate\\Foundation\\Http\\Middleware\\TransformsRequest->handle()
#36 /home/obed/Bureau/my-api-project/vendor/laravel/framework/src/Illuminate/Pipeline/Pipeline.php(219): Illuminate\\Foundation\\Http\\Middleware\\ConvertEmptyStringsToNull->handle()
#37 /home/obed/Bureau/my-api-project/vendor/laravel/framework/src/Illuminate/Foundation/Http/Middleware/TransformsRequest.php(21): Illuminate\\Pipeline\\Pipeline->Illuminate\\Pipeline\\{closure}()
#38 /home/obed/Bureau/my-api-project/vendor/laravel/framework/src/Illuminate/Foundation/Http/Middleware/TrimStrings.php(51): Illuminate\\Foundation\\Http\\Middleware\\TransformsRequest->handle()
#39 /home/obed/Bureau/my-api-project/vendor/laravel/framework/src/Illuminate/Pipeline/Pipeline.php(219): Illuminate\\Foundation\\Http\\Middleware\\TrimStrings->handle()
#40 /home/obed/Bureau/my-api-project/vendor/laravel/framework/src/Illuminate/Http/Middleware/ValidatePostSize.php(27): Illuminate\\Pipeline\\Pipeline->Illuminate\\Pipeline\\{closure}()
#41 /home/obed/Bureau/my-api-project/vendor/laravel/framework/src/Illuminate/Pipeline/Pipeline.php(219): Illuminate\\Http\\Middleware\\ValidatePostSize->handle()
#42 /home/obed/Bureau/my-api-project/vendor/laravel/framework/src/Illuminate/Foundation/Http/Middleware/PreventRequestsDuringMaintenance.php(109): Illuminate\\Pipeline\\Pipeline->Illuminate\\Pipeline\\{closure}()
#43 /home/obed/Bureau/my-api-project/vendor/laravel/framework/src/Illuminate/Pipeline/Pipeline.php(219): Illuminate\\Foundation\\Http\\Middleware\\PreventRequestsDuringMaintenance->handle()
#44 /home/obed/Bureau/my-api-project/vendor/laravel/framework/src/Illuminate/Http/Middleware/HandleCors.php(61): Illuminate\\Pipeline\\Pipeline->Illuminate\\Pipeline\\{closure}()
#45 /home/obed/Bureau/my-api-project/vendor/laravel/framework/src/Illuminate/Pipeline/Pipeline.php(219): Illuminate\\Http\\Middleware\\HandleCors->handle()
#46 /home/obed/Bureau/my-api-project/vendor/laravel/framework/src/Illuminate/Http/Middleware/TrustProxies.php(58): Illuminate\\Pipeline\\Pipeline->Illuminate\\Pipeline\\{closure}()
#47 /home/obed/Bureau/my-api-project/vendor/laravel/framework/src/Illuminate/Pipeline/Pipeline.php(219): Illuminate\\Http\\Middleware\\TrustProxies->handle()
#48 /home/obed/Bureau/my-api-project/vendor/laravel/framework/src/Illuminate/Foundation/Http/Middleware/InvokeDeferredCallbacks.php(22): Illuminate\\Pipeline\\Pipeline->Illuminate\\Pipeline\\{closure}()
#49 /home/obed/Bureau/my-api-project/vendor/laravel/framework/src/Illuminate/Pipeline/Pipeline.php(219): Illuminate\\Foundation\\Http\\Middleware\\InvokeDeferredCallbacks->handle()
#50 /home/obed/Bureau/my-api-project/vendor/laravel/framework/src/Illuminate/Http/Middleware/ValidatePathEncoding.php(26): Illuminate\\Pipeline\\Pipeline->Illuminate\\Pipeline\\{closure}()
#51 /home/obed/Bureau/my-api-project/vendor/laravel/framework/src/Illuminate/Pipeline/Pipeline.php(219): Illuminate\\Http\\Middleware\\ValidatePathEncoding->handle()
#52 /home/obed/Bureau/my-api-project/vendor/laravel/framework/src/Illuminate/Pipeline/Pipeline.php(137): Illuminate\\Pipeline\\Pipeline->Illuminate\\Pipeline\\{closure}()
#53 /home/obed/Bureau/my-api-project/vendor/laravel/framework/src/Illuminate/Foundation/Http/Kernel.php(175): Illuminate\\Pipeline\\Pipeline->then()
#54 /home/obed/Bureau/my-api-project/vendor/laravel/framework/src/Illuminate/Foundation/Http/Kernel.php(144): Illuminate\\Foundation\\Http\\Kernel->sendRequestThroughRouter()
#55 /home/obed/Bureau/my-api-project/vendor/laravel/framework/src/Illuminate/Foundation/Application.php(1219): Illuminate\\Foundation\\Http\\Kernel->handle()
#56 /home/obed/Bureau/my-api-project/public/index.php(20): Illuminate\\Foundation\\Application->handleRequest()
#57 /home/obed/Bureau/my-api-project/vendor/laravel/framework/src/Illuminate/Foundation/resources/server.php(23): require_once('...')
#58 {main}

[previous exception] [object] (PDOException(code: 42S22): SQLSTATE[42S22]: Column not found: 1054 Unknown column 'langues.specialite_id' in 'where clause' at /home/obed/Bureau/my-api-project/vendor/laravel/framework/src/Illuminate/Database/Connection.php:406)
[stacktrace]
#0 /home/obed/Bureau/my-api-project/vendor/laravel/framework/src/Illuminate/Database/Connection.php(406): PDO->prepare()
#1 /home/obed/Bureau/my-api-project/vendor/laravel/framework/src/Illuminate/Database/Connection.php(811): Illuminate\\Database\\Connection->Illuminate\\Database\\{closure}()
#2 /home/obed/Bureau/my-api-project/vendor/laravel/framework/src/Illuminate/Database/Connection.php(778): Illuminate\\Database\\Connection->runQueryCallback()
#3 /home/obed/Bureau/my-api-project/vendor/laravel/framework/src/Illuminate/Database/Connection.php(397): Illuminate\\Database\\Connection->run()
#4 /home/obed/Bureau/my-api-project/vendor/laravel/framework/src/Illuminate/Database/Query/Builder.php(3188): Illuminate\\Database\\Connection->select()
#5 /home/obed/Bureau/my-api-project/vendor/laravel/framework/src/Illuminate/Database/Query/Builder.php(3173): Illuminate\\Database\\Query\\Builder->runSelect()
#6 /home/obed/Bureau/my-api-project/vendor/laravel/framework/src/Illuminate/Database/Query/Builder.php(3763): Illuminate\\Database\\Query\\Builder->Illuminate\\Database\\Query\\{closure}()
#7 /home/obed/Bureau/my-api-project/vendor/laravel/framework/src/Illuminate/Database/Query/Builder.php(3172): Illuminate\\Database\\Query\\Builder->onceWithColumns()
#8 /home/obed/Bureau/my-api-project/vendor/laravel/framework/src/Illuminate/Database/Eloquent/Builder.php(887): Illuminate\\Database\\Query\\Builder->get()
#9 /home/obed/Bureau/my-api-project/vendor/laravel/framework/src/Illuminate/Database/Eloquent/Builder.php(869): Illuminate\\Database\\Eloquent\\Builder->getModels()
#10 /home/obed/Bureau/my-api-project/vendor/laravel/framework/src/Illuminate/Database/Eloquent/Relations/Relation.php(212): Illuminate\\Database\\Eloquent\\Builder->get()
#11 /home/obed/Bureau/my-api-project/vendor/laravel/framework/src/Illuminate/Database/Eloquent/Relations/Relation.php(175): Illuminate\\Database\\Eloquent\\Relations\\Relation->get()
#12 /home/obed/Bureau/my-api-project/vendor/laravel/framework/src/Illuminate/Database/Eloquent/Builder.php(935): Illuminate\\Database\\Eloquent\\Relations\\Relation->getEager()
#13 /home/obed/Bureau/my-api-project/vendor/laravel/framework/src/Illuminate/Database/Eloquent/Builder.php(904): Illuminate\\Database\\Eloquent\\Builder->eagerLoadRelation()
#14 /home/obed/Bureau/my-api-project/vendor/laravel/framework/src/Illuminate/Database/Eloquent/Builder.php(870): Illuminate\\Database\\Eloquent\\Builder->eagerLoadRelations()
#15 /home/obed/Bureau/my-api-project/vendor/laravel/framework/src/Illuminate/Database/Concerns/BuildsQueries.php(366): Illuminate\\Database\\Eloquent\\Builder->get()
#16 /home/obed/Bureau/my-api-project/app/Http/Controllers/SpecialiteController.php(64): Illuminate\\Database\\Eloquent\\Builder->first()
#17 /home/obed/Bureau/my-api-project/vendor/laravel/framework/src/Illuminate/Routing/ControllerDispatcher.php(46): App\\Http\\Controllers\\SpecialiteController->getSpecialistInfo()
#18 /home/obed/Bureau/my-api-project/vendor/laravel/framework/src/Illuminate/Routing/Route.php(265): Illuminate\\Routing\\ControllerDispatcher->dispatch()
#19 /home/obed/Bureau/my-api-project/vendor/laravel/framework/src/Illuminate/Routing/Route.php(211): Illuminate\\Routing\\Route->runController()
#20 /home/obed/Bureau/my-api-project/vendor/laravel/framework/src/Illuminate/Routing/Router.php(822): Illuminate\\Routing\\Route->run()
#21 /home/obed/Bureau/my-api-project/vendor/laravel/framework/src/Illuminate/Pipeline/Pipeline.php(180): Illuminate\\Routing\\Router->Illuminate\\Routing\\{closure}()
#22 /home/obed/Bureau/my-api-project/vendor/laravel/framework/src/Illuminate/Routing/Middleware/SubstituteBindings.php(50): Illuminate\\Pipeline\\Pipeline->Illuminate\\Pipeline\\{closure}()
#23 /home/obed/Bureau/my-api-project/vendor/laravel/framework/src/Illuminate/Pipeline/Pipeline.php(219): Illuminate\\Routing\\Middleware\\SubstituteBindings->handle()
#24 /home/obed/Bureau/my-api-project/vendor/laravel/sanctum/src/Http/Middleware/EnsureFrontendRequestsAreStateful.php(26): Illuminate\\Pipeline\\Pipeline->Illuminate\\Pipeline\\{closure}()
#25 /home/obed/Bureau/my-api-project/vendor/laravel/framework/src/Illuminate/Pipeline/Pipeline.php(180): Laravel\\Sanctum\\Http\\Middleware\\EnsureFrontendRequestsAreStateful->Laravel\\Sanctum\\Http\\Middleware\\{closure}()
#26 /home/obed/Bureau/my-api-project/vendor/laravel/framework/src/Illuminate/Pipeline/Pipeline.php(137): Illuminate\\Pipeline\\Pipeline->Illuminate\\Pipeline\\{closure}()
#27 /home/obed/Bureau/my-api-project/vendor/laravel/sanctum/src/Http/Middleware/EnsureFrontendRequestsAreStateful.php(25): Illuminate\\Pipeline\\Pipeline->then()
#28 /home/obed/Bureau/my-api-project/vendor/laravel/framework/src/Illuminate/Pipeline/Pipeline.php(219): Laravel\\Sanctum\\Http\\Middleware\\EnsureFrontendRequestsAreStateful->handle()
#29 /home/obed/Bureau/my-api-project/vendor/laravel/framework/src/Illuminate/Pipeline/Pipeline.php(137): Illuminate\\Pipeline\\Pipeline->Illuminate\\Pipeline\\{closure}()
#30 /home/obed/Bureau/my-api-project/vendor/laravel/framework/src/Illuminate/Routing/Router.php(821): Illuminate\\Pipeline\\Pipeline->then()
#31 /home/obed/Bureau/my-api-project/vendor/laravel/framework/src/Illuminate/Routing/Router.php(800): Illuminate\\Routing\\Router->runRouteWithinStack()
#32 /home/obed/Bureau/my-api-project/vendor/laravel/framework/src/Illuminate/Routing/Router.php(764): Illuminate\\Routing\\Router->runRoute()
#33 /home/obed/Bureau/my-api-project/vendor/laravel/framework/src/Illuminate/Routing/Router.php(753): Illuminate\\Routing\\Router->dispatchToRoute()
#34 /home/obed/Bureau/my-api-project/vendor/laravel/framework/src/Illuminate/Foundation/Http/Kernel.php(200): Illuminate\\Routing\\Router->dispatch()
#35 /home/obed/Bureau/my-api-project/vendor/laravel/framework/src/Illuminate/Pipeline/Pipeline.php(180): Illuminate\\Foundation\\Http\\Kernel->Illuminate\\Foundation\\Http\\{closure}()
#36 /home/obed/Bureau/my-api-project/vendor/laravel/framework/src/Illuminate/Foundation/Http/Middleware/TransformsRequest.php(21): Illuminate\\Pipeline\\Pipeline->Illuminate\\Pipeline\\{closure}()
#37 /home/obed/Bureau/my-api-project/vendor/laravel/framework/src/Illuminate/Foundation/Http/Middleware/ConvertEmptyStringsToNull.php(31): Illuminate\\Foundation\\Http\\Middleware\\TransformsRequest->handle()
#38 /home/obed/Bureau/my-api-project/vendor/laravel/framework/src/Illuminate/Pipeline/Pipeline.php(219): Illuminate\\Foundation\\Http\\Middleware\\ConvertEmptyStringsToNull->handle()
#39 /home/obed/Bureau/my-api-project/vendor/laravel/framework/src/Illuminate/Foundation/Http/Middleware/TransformsRequest.php(21): Illuminate\\Pipeline\\Pipeline->Illuminate\\Pipeline\\{closure}()
#40 /home/obed/Bureau/my-api-project/vendor/laravel/framework/src/Illuminate/Foundation/Http/Middleware/TrimStrings.php(51): Illuminate\\Foundation\\Http\\Middleware\\TransformsRequest->handle()
#41 /home/obed/Bureau/my-api-project/vendor/laravel/framework/src/Illuminate/Pipeline/Pipeline.php(219): Illuminate\\Foundation\\Http\\Middleware\\TrimStrings->handle()
#42 /home/obed/Bureau/my-api-project/vendor/laravel/framework/src/Illuminate/Http/Middleware/ValidatePostSize.php(27): Illuminate\\Pipeline\\Pipeline->Illuminate\\Pipeline\\{closure}()
#43 /home/obed/Bureau/my-api-project/vendor/laravel/framework/src/Illuminate/Pipeline/Pipeline.php(219): Illuminate\\Http\\Middleware\\ValidatePostSize->handle()
#44 /home/obed/Bureau/my-api-project/vendor/laravel/framework/src/Illuminate/Foundation/Http/Middleware/PreventRequestsDuringMaintenance.php(109): Illuminate\\Pipeline\\Pipeline->Illuminate\\Pipeline\\{closure}()
#45 /home/obed/Bureau/my-api-project/vendor/laravel/framework/src/Illuminate/Pipeline/Pipeline.php(219): Illuminate\\Foundation\\Http\\Middleware\\PreventRequestsDuringMaintenance->handle()
#46 /home/obed/Bureau/my-api-project/vendor/laravel/framework/src/Illuminate/Http/Middleware/HandleCors.php(61): Illuminate\\Pipeline\\Pipeline->Illuminate\\Pipeline\\{closure}()
#47 /home/obed/Bureau/my-api-project/vendor/laravel/framework/src/Illuminate/Pipeline/Pipeline.php(219): Illuminate\\Http\\Middleware\\HandleCors->handle()
#48 /home/obed/Bureau/my-api-project/vendor/laravel/framework/src/Illuminate/Http/Middleware/TrustProxies.php(58): Illuminate\\Pipeline\\Pipeline->Illuminate\\Pipeline\\{closure}()
#49 /home/obed/Bureau/my-api-project/vendor/laravel/framework/src/Illuminate/Pipeline/Pipeline.php(219): Illuminate\\Http\\Middleware\\TrustProxies->handle()
#50 /home/obed/Bureau/my-api-project/vendor/laravel/framework/src/Illuminate/Foundation/Http/Middleware/InvokeDeferredCallbacks.php(22): Illuminate\\Pipeline\\Pipeline->Illuminate\\Pipeline\\{closure}()
#51 /home/obed/Bureau/my-api-project/vendor/laravel/framework/src/Illuminate/Pipeline/Pipeline.php(219): Illuminate\\Foundation\\Http\\Middleware\\InvokeDeferredCallbacks->handle()
#52 /home/obed/Bureau/my-api-project/vendor/laravel/framework/src/Illuminate/Http/Middleware/ValidatePathEncoding.php(26): Illuminate\\Pipeline\\Pipeline->Illuminate\\Pipeline\\{closure}()
#53 /home/obed/Bureau/my-api-project/vendor/laravel/framework/src/Illuminate/Pipeline/Pipeline.php(219): Illuminate\\Http\\Middleware\\ValidatePathEncoding->handle()
#54 /home/obed/Bureau/my-api-project/vendor/laravel/framework/src/Illuminate/Pipeline/Pipeline.php(137): Illuminate\\Pipeline\\Pipeline->Illuminate\\Pipeline\\{closure}()
#55 /home/obed/Bureau/my-api-project/vendor/laravel/framework/src/Illuminate/Foundation/Http/Kernel.php(175): Illuminate\\Pipeline\\Pipeline->then()
#56 /home/obed/Bureau/my-api-project/vendor/laravel/framework/src/Illuminate/Foundation/Http/Kernel.php(144): Illuminate\\Foundation\\Http\\Kernel->sendRequestThroughRouter()
#57 /home/obed/Bureau/my-api-project/vendor/laravel/framework/src/Illuminate/Foundation/Application.php(1219): Illuminate\\Foundation\\Http\\Kernel->handle()
#58 /home/obed/Bureau/my-api-project/public/index.php(20): Illuminate\\Foundation\\Application->handleRequest()
#59 /home/obed/Bureau/my-api-project/vendor/laravel/framework/src/Illuminate/Foundation/resources/server.php(23): require_once('...')
#60 {main}
"} 
[2025-08-28 16:13:18] local.ERROR: SQLSTATE[42S22]: Column not found: 1054 Unknown column 'langues.specialite_id' in 'where clause' (Connection: mysql, SQL: select * from `langues` where `langues`.`specialite_id` in (2) and `langues`.`deleted_at` is null) {"exception":"[object] (Illuminate\\Database\\QueryException(code: 42S22): SQLSTATE[42S22]: Column not found: 1054 Unknown column 'langues.specialite_id' in 'where clause' (Connection: mysql, SQL: select * from `langues` where `langues`.`specialite_id` in (2) and `langues`.`deleted_at` is null) at /home/obed/Bureau/my-api-project/vendor/laravel/framework/src/Illuminate/Database/Connection.php:824)
[stacktrace]
#0 /home/obed/Bureau/my-api-project/vendor/laravel/framework/src/Illuminate/Database/Connection.php(778): Illuminate\\Database\\Connection->runQueryCallback()
#1 /home/obed/Bureau/my-api-project/vendor/laravel/framework/src/Illuminate/Database/Connection.php(397): Illuminate\\Database\\Connection->run()
#2 /home/obed/Bureau/my-api-project/vendor/laravel/framework/src/Illuminate/Database/Query/Builder.php(3188): Illuminate\\Database\\Connection->select()
#3 /home/obed/Bureau/my-api-project/vendor/laravel/framework/src/Illuminate/Database/Query/Builder.php(3173): Illuminate\\Database\\Query\\Builder->runSelect()
#4 /home/obed/Bureau/my-api-project/vendor/laravel/framework/src/Illuminate/Database/Query/Builder.php(3763): Illuminate\\Database\\Query\\Builder->Illuminate\\Database\\Query\\{closure}()
#5 /home/obed/Bureau/my-api-project/vendor/laravel/framework/src/Illuminate/Database/Query/Builder.php(3172): Illuminate\\Database\\Query\\Builder->onceWithColumns()
#6 /home/obed/Bureau/my-api-project/vendor/laravel/framework/src/Illuminate/Database/Eloquent/Builder.php(887): Illuminate\\Database\\Query\\Builder->get()
#7 /home/obed/Bureau/my-api-project/vendor/laravel/framework/src/Illuminate/Database/Eloquent/Builder.php(869): Illuminate\\Database\\Eloquent\\Builder->getModels()
#8 /home/obed/Bureau/my-api-project/vendor/laravel/framework/src/Illuminate/Database/Eloquent/Relations/Relation.php(212): Illuminate\\Database\\Eloquent\\Builder->get()
#9 /home/obed/Bureau/my-api-project/vendor/laravel/framework/src/Illuminate/Database/Eloquent/Relations/Relation.php(175): Illuminate\\Database\\Eloquent\\Relations\\Relation->get()
#10 /home/obed/Bureau/my-api-project/vendor/laravel/framework/src/Illuminate/Database/Eloquent/Builder.php(935): Illuminate\\Database\\Eloquent\\Relations\\Relation->getEager()
#11 /home/obed/Bureau/my-api-project/vendor/laravel/framework/src/Illuminate/Database/Eloquent/Builder.php(904): Illuminate\\Database\\Eloquent\\Builder->eagerLoadRelation()
#12 /home/obed/Bureau/my-api-project/vendor/laravel/framework/src/Illuminate/Database/Eloquent/Builder.php(870): Illuminate\\Database\\Eloquent\\Builder->eagerLoadRelations()
#13 /home/obed/Bureau/my-api-project/vendor/laravel/framework/src/Illuminate/Database/Concerns/BuildsQueries.php(366): Illuminate\\Database\\Eloquent\\Builder->get()
#14 /home/obed/Bureau/my-api-project/app/Http/Controllers/SpecialiteController.php(64): Illuminate\\Database\\Eloquent\\Builder->first()
#15 /home/obed/Bureau/my-api-project/vendor/laravel/framework/src/Illuminate/Routing/ControllerDispatcher.php(46): App\\Http\\Controllers\\SpecialiteController->getSpecialistInfo()
#16 /home/obed/Bureau/my-api-project/vendor/laravel/framework/src/Illuminate/Routing/Route.php(265): Illuminate\\Routing\\ControllerDispatcher->dispatch()
#17 /home/obed/Bureau/my-api-project/vendor/laravel/framework/src/Illuminate/Routing/Route.php(211): Illuminate\\Routing\\Route->runController()
#18 /home/obed/Bureau/my-api-project/vendor/laravel/framework/src/Illuminate/Routing/Router.php(822): Illuminate\\Routing\\Route->run()
#19 /home/obed/Bureau/my-api-project/vendor/laravel/framework/src/Illuminate/Pipeline/Pipeline.php(180): Illuminate\\Routing\\Router->Illuminate\\Routing\\{closure}()
#20 /home/obed/Bureau/my-api-project/vendor/laravel/framework/src/Illuminate/Routing/Middleware/SubstituteBindings.php(50): Illuminate\\Pipeline\\Pipeline->Illuminate\\Pipeline\\{closure}()
#21 /home/obed/Bureau/my-api-project/vendor/laravel/framework/src/Illuminate/Pipeline/Pipeline.php(219): Illuminate\\Routing\\Middleware\\SubstituteBindings->handle()
#22 /home/obed/Bureau/my-api-project/vendor/laravel/sanctum/src/Http/Middleware/EnsureFrontendRequestsAreStateful.php(26): Illuminate\\Pipeline\\Pipeline->Illuminate\\Pipeline\\{closure}()
#23 /home/obed/Bureau/my-api-project/vendor/laravel/framework/src/Illuminate/Pipeline/Pipeline.php(180): Laravel\\Sanctum\\Http\\Middleware\\EnsureFrontendRequestsAreStateful->Laravel\\Sanctum\\Http\\Middleware\\{closure}()
#24 /home/obed/Bureau/my-api-project/vendor/laravel/framework/src/Illuminate/Pipeline/Pipeline.php(137): Illuminate\\Pipeline\\Pipeline->Illuminate\\Pipeline\\{closure}()
#25 /home/obed/Bureau/my-api-project/vendor/laravel/sanctum/src/Http/Middleware/EnsureFrontendRequestsAreStateful.php(25): Illuminate\\Pipeline\\Pipeline->then()
#26 /home/obed/Bureau/my-api-project/vendor/laravel/framework/src/Illuminate/Pipeline/Pipeline.php(219): Laravel\\Sanctum\\Http\\Middleware\\EnsureFrontendRequestsAreStateful->handle()
#27 /home/obed/Bureau/my-api-project/vendor/laravel/framework/src/Illuminate/Pipeline/Pipeline.php(137): Illuminate\\Pipeline\\Pipeline->Illuminate\\Pipeline\\{closure}()
#28 /home/obed/Bureau/my-api-project/vendor/laravel/framework/src/Illuminate/Routing/Router.php(821): Illuminate\\Pipeline\\Pipeline->then()
#29 /home/obed/Bureau/my-api-project/vendor/laravel/framework/src/Illuminate/Routing/Router.php(800): Illuminate\\Routing\\Router->runRouteWithinStack()
#30 /home/obed/Bureau/my-api-project/vendor/laravel/framework/src/Illuminate/Routing/Router.php(764): Illuminate\\Routing\\Router->runRoute()
#31 /home/obed/Bureau/my-api-project/vendor/laravel/framework/src/Illuminate/Routing/Router.php(753): Illuminate\\Routing\\Router->dispatchToRoute()
#32 /home/obed/Bureau/my-api-project/vendor/laravel/framework/src/Illuminate/Foundation/Http/Kernel.php(200): Illuminate\\Routing\\Router->dispatch()
#33 /home/obed/Bureau/my-api-project/vendor/laravel/framework/src/Illuminate/Pipeline/Pipeline.php(180): Illuminate\\Foundation\\Http\\Kernel->Illuminate\\Foundation\\Http\\{closure}()
#34 /home/obed/Bureau/my-api-project/vendor/laravel/framework/src/Illuminate/Foundation/Http/Middleware/TransformsRequest.php(21): Illuminate\\Pipeline\\Pipeline->Illuminate\\Pipeline\\{closure}()
#35 /home/obed/Bureau/my-api-project/vendor/laravel/framework/src/Illuminate/Foundation/Http/Middleware/ConvertEmptyStringsToNull.php(31): Illuminate\\Foundation\\Http\\Middleware\\TransformsRequest->handle()
#36 /home/obed/Bureau/my-api-project/vendor/laravel/framework/src/Illuminate/Pipeline/Pipeline.php(219): Illuminate\\Foundation\\Http\\Middleware\\ConvertEmptyStringsToNull->handle()
#37 /home/obed/Bureau/my-api-project/vendor/laravel/framework/src/Illuminate/Foundation/Http/Middleware/TransformsRequest.php(21): Illuminate\\Pipeline\\Pipeline->Illuminate\\Pipeline\\{closure}()
#38 /home/obed/Bureau/my-api-project/vendor/laravel/framework/src/Illuminate/Foundation/Http/Middleware/TrimStrings.php(51): Illuminate\\Foundation\\Http\\Middleware\\TransformsRequest->handle()
#39 /home/obed/Bureau/my-api-project/vendor/laravel/framework/src/Illuminate/Pipeline/Pipeline.php(219): Illuminate\\Foundation\\Http\\Middleware\\TrimStrings->handle()
#40 /home/obed/Bureau/my-api-project/vendor/laravel/framework/src/Illuminate/Http/Middleware/ValidatePostSize.php(27): Illuminate\\Pipeline\\Pipeline->Illuminate\\Pipeline\\{closure}()
#41 /home/obed/Bureau/my-api-project/vendor/laravel/framework/src/Illuminate/Pipeline/Pipeline.php(219): Illuminate\\Http\\Middleware\\ValidatePostSize->handle()
#42 /home/obed/Bureau/my-api-project/vendor/laravel/framework/src/Illuminate/Foundation/Http/Middleware/PreventRequestsDuringMaintenance.php(109): Illuminate\\Pipeline\\Pipeline->Illuminate\\Pipeline\\{closure}()
#43 /home/obed/Bureau/my-api-project/vendor/laravel/framework/src/Illuminate/Pipeline/Pipeline.php(219): Illuminate\\Foundation\\Http\\Middleware\\PreventRequestsDuringMaintenance->handle()
#44 /home/obed/Bureau/my-api-project/vendor/laravel/framework/src/Illuminate/Http/Middleware/HandleCors.php(61): Illuminate\\Pipeline\\Pipeline->Illuminate\\Pipeline\\{closure}()
#45 /home/obed/Bureau/my-api-project/vendor/laravel/framework/src/Illuminate/Pipeline/Pipeline.php(219): Illuminate\\Http\\Middleware\\HandleCors->handle()
#46 /home/obed/Bureau/my-api-project/vendor/laravel/framework/src/Illuminate/Http/Middleware/TrustProxies.php(58): Illuminate\\Pipeline\\Pipeline->Illuminate\\Pipeline\\{closure}()
#47 /home/obed/Bureau/my-api-project/vendor/laravel/framework/src/Illuminate/Pipeline/Pipeline.php(219): Illuminate\\Http\\Middleware\\TrustProxies->handle()
#48 /home/obed/Bureau/my-api-project/vendor/laravel/framework/src/Illuminate/Foundation/Http/Middleware/InvokeDeferredCallbacks.php(22): Illuminate\\Pipeline\\Pipeline->Illuminate\\Pipeline\\{closure}()
#49 /home/obed/Bureau/my-api-project/vendor/laravel/framework/src/Illuminate/Pipeline/Pipeline.php(219): Illuminate\\Foundation\\Http\\Middleware\\InvokeDeferredCallbacks->handle()
#50 /home/obed/Bureau/my-api-project/vendor/laravel/framework/src/Illuminate/Http/Middleware/ValidatePathEncoding.php(26): Illuminate\\Pipeline\\Pipeline->Illuminate\\Pipeline\\{closure}()
#51 /home/obed/Bureau/my-api-project/vendor/laravel/framework/src/Illuminate/Pipeline/Pipeline.php(219): Illuminate\\Http\\Middleware\\ValidatePathEncoding->handle()
#52 /home/obed/Bureau/my-api-project/vendor/laravel/framework/src/Illuminate/Pipeline/Pipeline.php(137): Illuminate\\Pipeline\\Pipeline->Illuminate\\Pipeline\\{closure}()
#53 /home/obed/Bureau/my-api-project/vendor/laravel/framework/src/Illuminate/Foundation/Http/Kernel.php(175): Illuminate\\Pipeline\\Pipeline->then()
#54 /home/obed/Bureau/my-api-project/vendor/laravel/framework/src/Illuminate/Foundation/Http/Kernel.php(144): Illuminate\\Foundation\\Http\\Kernel->sendRequestThroughRouter()
#55 /home/obed/Bureau/my-api-project/vendor/laravel/framework/src/Illuminate/Foundation/Application.php(1219): Illuminate\\Foundation\\Http\\Kernel->handle()
#56 /home/obed/Bureau/my-api-project/public/index.php(20): Illuminate\\Foundation\\Application->handleRequest()
#57 /home/obed/Bureau/my-api-project/vendor/laravel/framework/src/Illuminate/Foundation/resources/server.php(23): require_once('...')
#58 {main}

[previous exception] [object] (PDOException(code: 42S22): SQLSTATE[42S22]: Column not found: 1054 Unknown column 'langues.specialite_id' in 'where clause' at /home/obed/Bureau/my-api-project/vendor/laravel/framework/src/Illuminate/Database/Connection.php:406)
[stacktrace]
#0 /home/obed/Bureau/my-api-project/vendor/laravel/framework/src/Illuminate/Database/Connection.php(406): PDO->prepare()
#1 /home/obed/Bureau/my-api-project/vendor/laravel/framework/src/Illuminate/Database/Connection.php(811): Illuminate\\Database\\Connection->Illuminate\\Database\\{closure}()
#2 /home/obed/Bureau/my-api-project/vendor/laravel/framework/src/Illuminate/Database/Connection.php(778): Illuminate\\Database\\Connection->runQueryCallback()
#3 /home/obed/Bureau/my-api-project/vendor/laravel/framework/src/Illuminate/Database/Connection.php(397): Illuminate\\Database\\Connection->run()
#4 /home/obed/Bureau/my-api-project/vendor/laravel/framework/src/Illuminate/Database/Query/Builder.php(3188): Illuminate\\Database\\Connection->select()
#5 /home/obed/Bureau/my-api-project/vendor/laravel/framework/src/Illuminate/Database/Query/Builder.php(3173): Illuminate\\Database\\Query\\Builder->runSelect()
#6 /home/obed/Bureau/my-api-project/vendor/laravel/framework/src/Illuminate/Database/Query/Builder.php(3763): Illuminate\\Database\\Query\\Builder->Illuminate\\Database\\Query\\{closure}()
#7 /home/obed/Bureau/my-api-project/vendor/laravel/framework/src/Illuminate/Database/Query/Builder.php(3172): Illuminate\\Database\\Query\\Builder->onceWithColumns()
#8 /home/obed/Bureau/my-api-project/vendor/laravel/framework/src/Illuminate/Database/Eloquent/Builder.php(887): Illuminate\\Database\\Query\\Builder->get()
#9 /home/obed/Bureau/my-api-project/vendor/laravel/framework/src/Illuminate/Database/Eloquent/Builder.php(869): Illuminate\\Database\\Eloquent\\Builder->getModels()
#10 /home/obed/Bureau/my-api-project/vendor/laravel/framework/src/Illuminate/Database/Eloquent/Relations/Relation.php(212): Illuminate\\Database\\Eloquent\\Builder->get()
#11 /home/obed/Bureau/my-api-project/vendor/laravel/framework/src/Illuminate/Database/Eloquent/Relations/Relation.php(175): Illuminate\\Database\\Eloquent\\Relations\\Relation->get()
#12 /home/obed/Bureau/my-api-project/vendor/laravel/framework/src/Illuminate/Database/Eloquent/Builder.php(935): Illuminate\\Database\\Eloquent\\Relations\\Relation->getEager()
#13 /home/obed/Bureau/my-api-project/vendor/laravel/framework/src/Illuminate/Database/Eloquent/Builder.php(904): Illuminate\\Database\\Eloquent\\Builder->eagerLoadRelation()
#14 /home/obed/Bureau/my-api-project/vendor/laravel/framework/src/Illuminate/Database/Eloquent/Builder.php(870): Illuminate\\Database\\Eloquent\\Builder->eagerLoadRelations()
#15 /home/obed/Bureau/my-api-project/vendor/laravel/framework/src/Illuminate/Database/Concerns/BuildsQueries.php(366): Illuminate\\Database\\Eloquent\\Builder->get()
#16 /home/obed/Bureau/my-api-project/app/Http/Controllers/SpecialiteController.php(64): Illuminate\\Database\\Eloquent\\Builder->first()
#17 /home/obed/Bureau/my-api-project/vendor/laravel/framework/src/Illuminate/Routing/ControllerDispatcher.php(46): App\\Http\\Controllers\\SpecialiteController->getSpecialistInfo()
#18 /home/obed/Bureau/my-api-project/vendor/laravel/framework/src/Illuminate/Routing/Route.php(265): Illuminate\\Routing\\ControllerDispatcher->dispatch()
#19 /home/obed/Bureau/my-api-project/vendor/laravel/framework/src/Illuminate/Routing/Route.php(211): Illuminate\\Routing\\Route->runController()
#20 /home/obed/Bureau/my-api-project/vendor/laravel/framework/src/Illuminate/Routing/Router.php(822): Illuminate\\Routing\\Route->run()
#21 /home/obed/Bureau/my-api-project/vendor/laravel/framework/src/Illuminate/Pipeline/Pipeline.php(180): Illuminate\\Routing\\Router->Illuminate\\Routing\\{closure}()
#22 /home/obed/Bureau/my-api-project/vendor/laravel/framework/src/Illuminate/Routing/Middleware/SubstituteBindings.php(50): Illuminate\\Pipeline\\Pipeline->Illuminate\\Pipeline\\{closure}()
#23 /home/obed/Bureau/my-api-project/vendor/laravel/framework/src/Illuminate/Pipeline/Pipeline.php(219): Illuminate\\Routing\\Middleware\\SubstituteBindings->handle()
#24 /home/obed/Bureau/my-api-project/vendor/laravel/sanctum/src/Http/Middleware/EnsureFrontendRequestsAreStateful.php(26): Illuminate\\Pipeline\\Pipeline->Illuminate\\Pipeline\\{closure}()
#25 /home/obed/Bureau/my-api-project/vendor/laravel/framework/src/Illuminate/Pipeline/Pipeline.php(180): Laravel\\Sanctum\\Http\\Middleware\\EnsureFrontendRequestsAreStateful->Laravel\\Sanctum\\Http\\Middleware\\{closure}()
#26 /home/obed/Bureau/my-api-project/vendor/laravel/framework/src/Illuminate/Pipeline/Pipeline.php(137): Illuminate\\Pipeline\\Pipeline->Illuminate\\Pipeline\\{closure}()
#27 /home/obed/Bureau/my-api-project/vendor/laravel/sanctum/src/Http/Middleware/EnsureFrontendRequestsAreStateful.php(25): Illuminate\\Pipeline\\Pipeline->then()
#28 /home/obed/Bureau/my-api-project/vendor/laravel/framework/src/Illuminate/Pipeline/Pipeline.php(219): Laravel\\Sanctum\\Http\\Middleware\\EnsureFrontendRequestsAreStateful->handle()
#29 /home/obed/Bureau/my-api-project/vendor/laravel/framework/src/Illuminate/Pipeline/Pipeline.php(137): Illuminate\\Pipeline\\Pipeline->Illuminate\\Pipeline\\{closure}()
#30 /home/obed/Bureau/my-api-project/vendor/laravel/framework/src/Illuminate/Routing/Router.php(821): Illuminate\\Pipeline\\Pipeline->then()
#31 /home/obed/Bureau/my-api-project/vendor/laravel/framework/src/Illuminate/Routing/Router.php(800): Illuminate\\Routing\\Router->runRouteWithinStack()
#32 /home/obed/Bureau/my-api-project/vendor/laravel/framework/src/Illuminate/Routing/Router.php(764): Illuminate\\Routing\\Router->runRoute()
#33 /home/obed/Bureau/my-api-project/vendor/laravel/framework/src/Illuminate/Routing/Router.php(753): Illuminate\\Routing\\Router->dispatchToRoute()
#34 /home/obed/Bureau/my-api-project/vendor/laravel/framework/src/Illuminate/Foundation/Http/Kernel.php(200): Illuminate\\Routing\\Router->dispatch()
#35 /home/obed/Bureau/my-api-project/vendor/laravel/framework/src/Illuminate/Pipeline/Pipeline.php(180): Illuminate\\Foundation\\Http\\Kernel->Illuminate\\Foundation\\Http\\{closure}()
#36 /home/obed/Bureau/my-api-project/vendor/laravel/framework/src/Illuminate/Foundation/Http/Middleware/TransformsRequest.php(21): Illuminate\\Pipeline\\Pipeline->Illuminate\\Pipeline\\{closure}()
#37 /home/obed/Bureau/my-api-project/vendor/laravel/framework/src/Illuminate/Foundation/Http/Middleware/ConvertEmptyStringsToNull.php(31): Illuminate\\Foundation\\Http\\Middleware\\TransformsRequest->handle()
#38 /home/obed/Bureau/my-api-project/vendor/laravel/framework/src/Illuminate/Pipeline/Pipeline.php(219): Illuminate\\Foundation\\Http\\Middleware\\ConvertEmptyStringsToNull->handle()
#39 /home/obed/Bureau/my-api-project/vendor/laravel/framework/src/Illuminate/Foundation/Http/Middleware/TransformsRequest.php(21): Illuminate\\Pipeline\\Pipeline->Illuminate\\Pipeline\\{closure}()
#40 /home/obed/Bureau/my-api-project/vendor/laravel/framework/src/Illuminate/Foundation/Http/Middleware/TrimStrings.php(51): Illuminate\\Foundation\\Http\\Middleware\\TransformsRequest->handle()
#41 /home/obed/Bureau/my-api-project/vendor/laravel/framework/src/Illuminate/Pipeline/Pipeline.php(219): Illuminate\\Foundation\\Http\\Middleware\\TrimStrings->handle()
#42 /home/obed/Bureau/my-api-project/vendor/laravel/framework/src/Illuminate/Http/Middleware/ValidatePostSize.php(27): Illuminate\\Pipeline\\Pipeline->Illuminate\\Pipeline\\{closure}()
#43 /home/obed/Bureau/my-api-project/vendor/laravel/framework/src/Illuminate/Pipeline/Pipeline.php(219): Illuminate\\Http\\Middleware\\ValidatePostSize->handle()
#44 /home/obed/Bureau/my-api-project/vendor/laravel/framework/src/Illuminate/Foundation/Http/Middleware/PreventRequestsDuringMaintenance.php(109): Illuminate\\Pipeline\\Pipeline->Illuminate\\Pipeline\\{closure}()
#45 /home/obed/Bureau/my-api-project/vendor/laravel/framework/src/Illuminate/Pipeline/Pipeline.php(219): Illuminate\\Foundation\\Http\\Middleware\\PreventRequestsDuringMaintenance->handle()
#46 /home/obed/Bureau/my-api-project/vendor/laravel/framework/src/Illuminate/Http/Middleware/HandleCors.php(61): Illuminate\\Pipeline\\Pipeline->Illuminate\\Pipeline\\{closure}()
#47 /home/obed/Bureau/my-api-project/vendor/laravel/framework/src/Illuminate/Pipeline/Pipeline.php(219): Illuminate\\Http\\Middleware\\HandleCors->handle()
#48 /home/obed/Bureau/my-api-project/vendor/laravel/framework/src/Illuminate/Http/Middleware/TrustProxies.php(58): Illuminate\\Pipeline\\Pipeline->Illuminate\\Pipeline\\{closure}()
#49 /home/obed/Bureau/my-api-project/vendor/laravel/framework/src/Illuminate/Pipeline/Pipeline.php(219): Illuminate\\Http\\Middleware\\TrustProxies->handle()
#50 /home/obed/Bureau/my-api-project/vendor/laravel/framework/src/Illuminate/Foundation/Http/Middleware/InvokeDeferredCallbacks.php(22): Illuminate\\Pipeline\\Pipeline->Illuminate\\Pipeline\\{closure}()
#51 /home/obed/Bureau/my-api-project/vendor/laravel/framework/src/Illuminate/Pipeline/Pipeline.php(219): Illuminate\\Foundation\\Http\\Middleware\\InvokeDeferredCallbacks->handle()
#52 /home/obed/Bureau/my-api-project/vendor/laravel/framework/src/Illuminate/Http/Middleware/ValidatePathEncoding.php(26): Illuminate\\Pipeline\\Pipeline->Illuminate\\Pipeline\\{closure}()
#53 /home/obed/Bureau/my-api-project/vendor/laravel/framework/src/Illuminate/Pipeline/Pipeline.php(219): Illuminate\\Http\\Middleware\\ValidatePathEncoding->handle()
#54 /home/obed/Bureau/my-api-project/vendor/laravel/framework/src/Illuminate/Pipeline/Pipeline.php(137): Illuminate\\Pipeline\\Pipeline->Illuminate\\Pipeline\\{closure}()
#55 /home/obed/Bureau/my-api-project/vendor/laravel/framework/src/Illuminate/Foundation/Http/Kernel.php(175): Illuminate\\Pipeline\\Pipeline->then()
#56 /home/obed/Bureau/my-api-project/vendor/laravel/framework/src/Illuminate/Foundation/Http/Kernel.php(144): Illuminate\\Foundation\\Http\\Kernel->sendRequestThroughRouter()
#57 /home/obed/Bureau/my-api-project/vendor/laravel/framework/src/Illuminate/Foundation/Application.php(1219): Illuminate\\Foundation\\Http\\Kernel->handle()
#58 /home/obed/Bureau/my-api-project/public/index.php(20): Illuminate\\Foundation\\Application->handleRequest()
#59 /home/obed/Bureau/my-api-project/vendor/laravel/framework/src/Illuminate/Foundation/resources/server.php(23): require_once('...')
#60 {main}
"} 
[2025-08-28 16:14:49] local.ERROR: SQLSTATE[42S22]: Column not found: 1054 Unknown column 'langues.specialite_id' in 'where clause' (Connection: mysql, SQL: select * from `langues` where `langues`.`specialite_id` in (2) and `langues`.`deleted_at` is null) {"exception":"[object] (Illuminate\\Database\\QueryException(code: 42S22): SQLSTATE[42S22]: Column not found: 1054 Unknown column 'langues.specialite_id' in 'where clause' (Connection: mysql, SQL: select * from `langues` where `langues`.`specialite_id` in (2) and `langues`.`deleted_at` is null) at /home/obed/Bureau/my-api-project/vendor/laravel/framework/src/Illuminate/Database/Connection.php:824)
[stacktrace]
#0 /home/obed/Bureau/my-api-project/vendor/laravel/framework/src/Illuminate/Database/Connection.php(778): Illuminate\\Database\\Connection->runQueryCallback()
#1 /home/obed/Bureau/my-api-project/vendor/laravel/framework/src/Illuminate/Database/Connection.php(397): Illuminate\\Database\\Connection->run()
#2 /home/obed/Bureau/my-api-project/vendor/laravel/framework/src/Illuminate/Database/Query/Builder.php(3188): Illuminate\\Database\\Connection->select()
#3 /home/obed/Bureau/my-api-project/vendor/laravel/framework/src/Illuminate/Database/Query/Builder.php(3173): Illuminate\\Database\\Query\\Builder->runSelect()
#4 /home/obed/Bureau/my-api-project/vendor/laravel/framework/src/Illuminate/Database/Query/Builder.php(3763): Illuminate\\Database\\Query\\Builder->Illuminate\\Database\\Query\\{closure}()
#5 /home/obed/Bureau/my-api-project/vendor/laravel/framework/src/Illuminate/Database/Query/Builder.php(3172): Illuminate\\Database\\Query\\Builder->onceWithColumns()
#6 /home/obed/Bureau/my-api-project/vendor/laravel/framework/src/Illuminate/Database/Eloquent/Builder.php(887): Illuminate\\Database\\Query\\Builder->get()
#7 /home/obed/Bureau/my-api-project/vendor/laravel/framework/src/Illuminate/Database/Eloquent/Builder.php(869): Illuminate\\Database\\Eloquent\\Builder->getModels()
#8 /home/obed/Bureau/my-api-project/vendor/laravel/framework/src/Illuminate/Database/Eloquent/Relations/Relation.php(212): Illuminate\\Database\\Eloquent\\Builder->get()
#9 /home/obed/Bureau/my-api-project/vendor/laravel/framework/src/Illuminate/Database/Eloquent/Relations/Relation.php(175): Illuminate\\Database\\Eloquent\\Relations\\Relation->get()
#10 /home/obed/Bureau/my-api-project/vendor/laravel/framework/src/Illuminate/Database/Eloquent/Builder.php(935): Illuminate\\Database\\Eloquent\\Relations\\Relation->getEager()
#11 /home/obed/Bureau/my-api-project/vendor/laravel/framework/src/Illuminate/Database/Eloquent/Builder.php(904): Illuminate\\Database\\Eloquent\\Builder->eagerLoadRelation()
#12 /home/obed/Bureau/my-api-project/vendor/laravel/framework/src/Illuminate/Database/Eloquent/Builder.php(870): Illuminate\\Database\\Eloquent\\Builder->eagerLoadRelations()
#13 /home/obed/Bureau/my-api-project/vendor/laravel/framework/src/Illuminate/Database/Concerns/BuildsQueries.php(366): Illuminate\\Database\\Eloquent\\Builder->get()
#14 /home/obed/Bureau/my-api-project/app/Http/Controllers/SpecialiteController.php(64): Illuminate\\Database\\Eloquent\\Builder->first()
#15 /home/obed/Bureau/my-api-project/vendor/laravel/framework/src/Illuminate/Routing/ControllerDispatcher.php(46): App\\Http\\Controllers\\SpecialiteController->getSpecialistInfo()
#16 /home/obed/Bureau/my-api-project/vendor/laravel/framework/src/Illuminate/Routing/Route.php(265): Illuminate\\Routing\\ControllerDispatcher->dispatch()
#17 /home/obed/Bureau/my-api-project/vendor/laravel/framework/src/Illuminate/Routing/Route.php(211): Illuminate\\Routing\\Route->runController()
#18 /home/obed/Bureau/my-api-project/vendor/laravel/framework/src/Illuminate/Routing/Router.php(822): Illuminate\\Routing\\Route->run()
#19 /home/obed/Bureau/my-api-project/vendor/laravel/framework/src/Illuminate/Pipeline/Pipeline.php(180): Illuminate\\Routing\\Router->Illuminate\\Routing\\{closure}()
#20 /home/obed/Bureau/my-api-project/vendor/laravel/framework/src/Illuminate/Routing/Middleware/SubstituteBindings.php(50): Illuminate\\Pipeline\\Pipeline->Illuminate\\Pipeline\\{closure}()
#21 /home/obed/Bureau/my-api-project/vendor/laravel/framework/src/Illuminate/Pipeline/Pipeline.php(219): Illuminate\\Routing\\Middleware\\SubstituteBindings->handle()
#22 /home/obed/Bureau/my-api-project/vendor/laravel/sanctum/src/Http/Middleware/EnsureFrontendRequestsAreStateful.php(26): Illuminate\\Pipeline\\Pipeline->Illuminate\\Pipeline\\{closure}()
#23 /home/obed/Bureau/my-api-project/vendor/laravel/framework/src/Illuminate/Pipeline/Pipeline.php(180): Laravel\\Sanctum\\Http\\Middleware\\EnsureFrontendRequestsAreStateful->Laravel\\Sanctum\\Http\\Middleware\\{closure}()
#24 /home/obed/Bureau/my-api-project/vendor/laravel/framework/src/Illuminate/Pipeline/Pipeline.php(137): Illuminate\\Pipeline\\Pipeline->Illuminate\\Pipeline\\{closure}()
#25 /home/obed/Bureau/my-api-project/vendor/laravel/sanctum/src/Http/Middleware/EnsureFrontendRequestsAreStateful.php(25): Illuminate\\Pipeline\\Pipeline->then()
#26 /home/obed/Bureau/my-api-project/vendor/laravel/framework/src/Illuminate/Pipeline/Pipeline.php(219): Laravel\\Sanctum\\Http\\Middleware\\EnsureFrontendRequestsAreStateful->handle()
#27 /home/obed/Bureau/my-api-project/vendor/laravel/framework/src/Illuminate/Pipeline/Pipeline.php(137): Illuminate\\Pipeline\\Pipeline->Illuminate\\Pipeline\\{closure}()
#28 /home/obed/Bureau/my-api-project/vendor/laravel/framework/src/Illuminate/Routing/Router.php(821): Illuminate\\Pipeline\\Pipeline->then()
#29 /home/obed/Bureau/my-api-project/vendor/laravel/framework/src/Illuminate/Routing/Router.php(800): Illuminate\\Routing\\Router->runRouteWithinStack()
#30 /home/obed/Bureau/my-api-project/vendor/laravel/framework/src/Illuminate/Routing/Router.php(764): Illuminate\\Routing\\Router->runRoute()
#31 /home/obed/Bureau/my-api-project/vendor/laravel/framework/src/Illuminate/Routing/Router.php(753): Illuminate\\Routing\\Router->dispatchToRoute()
#32 /home/obed/Bureau/my-api-project/vendor/laravel/framework/src/Illuminate/Foundation/Http/Kernel.php(200): Illuminate\\Routing\\Router->dispatch()
#33 /home/obed/Bureau/my-api-project/vendor/laravel/framework/src/Illuminate/Pipeline/Pipeline.php(180): Illuminate\\Foundation\\Http\\Kernel->Illuminate\\Foundation\\Http\\{closure}()
#34 /home/obed/Bureau/my-api-project/vendor/laravel/framework/src/Illuminate/Foundation/Http/Middleware/TransformsRequest.php(21): Illuminate\\Pipeline\\Pipeline->Illuminate\\Pipeline\\{closure}()
#35 /home/obed/Bureau/my-api-project/vendor/laravel/framework/src/Illuminate/Foundation/Http/Middleware/ConvertEmptyStringsToNull.php(31): Illuminate\\Foundation\\Http\\Middleware\\TransformsRequest->handle()
#36 /home/obed/Bureau/my-api-project/vendor/laravel/framework/src/Illuminate/Pipeline/Pipeline.php(219): Illuminate\\Foundation\\Http\\Middleware\\ConvertEmptyStringsToNull->handle()
#37 /home/obed/Bureau/my-api-project/vendor/laravel/framework/src/Illuminate/Foundation/Http/Middleware/TransformsRequest.php(21): Illuminate\\Pipeline\\Pipeline->Illuminate\\Pipeline\\{closure}()
#38 /home/obed/Bureau/my-api-project/vendor/laravel/framework/src/Illuminate/Foundation/Http/Middleware/TrimStrings.php(51): Illuminate\\Foundation\\Http\\Middleware\\TransformsRequest->handle()
#39 /home/obed/Bureau/my-api-project/vendor/laravel/framework/src/Illuminate/Pipeline/Pipeline.php(219): Illuminate\\Foundation\\Http\\Middleware\\TrimStrings->handle()
#40 /home/obed/Bureau/my-api-project/vendor/laravel/framework/src/Illuminate/Http/Middleware/ValidatePostSize.php(27): Illuminate\\Pipeline\\Pipeline->Illuminate\\Pipeline\\{closure}()
#41 /home/obed/Bureau/my-api-project/vendor/laravel/framework/src/Illuminate/Pipeline/Pipeline.php(219): Illuminate\\Http\\Middleware\\ValidatePostSize->handle()
#42 /home/obed/Bureau/my-api-project/vendor/laravel/framework/src/Illuminate/Foundation/Http/Middleware/PreventRequestsDuringMaintenance.php(109): Illuminate\\Pipeline\\Pipeline->Illuminate\\Pipeline\\{closure}()
#43 /home/obed/Bureau/my-api-project/vendor/laravel/framework/src/Illuminate/Pipeline/Pipeline.php(219): Illuminate\\Foundation\\Http\\Middleware\\PreventRequestsDuringMaintenance->handle()
#44 /home/obed/Bureau/my-api-project/vendor/laravel/framework/src/Illuminate/Http/Middleware/HandleCors.php(61): Illuminate\\Pipeline\\Pipeline->Illuminate\\Pipeline\\{closure}()
#45 /home/obed/Bureau/my-api-project/vendor/laravel/framework/src/Illuminate/Pipeline/Pipeline.php(219): Illuminate\\Http\\Middleware\\HandleCors->handle()
#46 /home/obed/Bureau/my-api-project/vendor/laravel/framework/src/Illuminate/Http/Middleware/TrustProxies.php(58): Illuminate\\Pipeline\\Pipeline->Illuminate\\Pipeline\\{closure}()
#47 /home/obed/Bureau/my-api-project/vendor/laravel/framework/src/Illuminate/Pipeline/Pipeline.php(219): Illuminate\\Http\\Middleware\\TrustProxies->handle()
#48 /home/obed/Bureau/my-api-project/vendor/laravel/framework/src/Illuminate/Foundation/Http/Middleware/InvokeDeferredCallbacks.php(22): Illuminate\\Pipeline\\Pipeline->Illuminate\\Pipeline\\{closure}()
#49 /home/obed/Bureau/my-api-project/vendor/laravel/framework/src/Illuminate/Pipeline/Pipeline.php(219): Illuminate\\Foundation\\Http\\Middleware\\InvokeDeferredCallbacks->handle()
#50 /home/obed/Bureau/my-api-project/vendor/laravel/framework/src/Illuminate/Http/Middleware/ValidatePathEncoding.php(26): Illuminate\\Pipeline\\Pipeline->Illuminate\\Pipeline\\{closure}()
#51 /home/obed/Bureau/my-api-project/vendor/laravel/framework/src/Illuminate/Pipeline/Pipeline.php(219): Illuminate\\Http\\Middleware\\ValidatePathEncoding->handle()
#52 /home/obed/Bureau/my-api-project/vendor/laravel/framework/src/Illuminate/Pipeline/Pipeline.php(137): Illuminate\\Pipeline\\Pipeline->Illuminate\\Pipeline\\{closure}()
#53 /home/obed/Bureau/my-api-project/vendor/laravel/framework/src/Illuminate/Foundation/Http/Kernel.php(175): Illuminate\\Pipeline\\Pipeline->then()
#54 /home/obed/Bureau/my-api-project/vendor/laravel/framework/src/Illuminate/Foundation/Http/Kernel.php(144): Illuminate\\Foundation\\Http\\Kernel->sendRequestThroughRouter()
#55 /home/obed/Bureau/my-api-project/vendor/laravel/framework/src/Illuminate/Foundation/Application.php(1219): Illuminate\\Foundation\\Http\\Kernel->handle()
#56 /home/obed/Bureau/my-api-project/public/index.php(20): Illuminate\\Foundation\\Application->handleRequest()
#57 /home/obed/Bureau/my-api-project/vendor/laravel/framework/src/Illuminate/Foundation/resources/server.php(23): require_once('...')
#58 {main}

[previous exception] [object] (PDOException(code: 42S22): SQLSTATE[42S22]: Column not found: 1054 Unknown column 'langues.specialite_id' in 'where clause' at /home/obed/Bureau/my-api-project/vendor/laravel/framework/src/Illuminate/Database/Connection.php:406)
[stacktrace]
#0 /home/obed/Bureau/my-api-project/vendor/laravel/framework/src/Illuminate/Database/Connection.php(406): PDO->prepare()
#1 /home/obed/Bureau/my-api-project/vendor/laravel/framework/src/Illuminate/Database/Connection.php(811): Illuminate\\Database\\Connection->Illuminate\\Database\\{closure}()
#2 /home/obed/Bureau/my-api-project/vendor/laravel/framework/src/Illuminate/Database/Connection.php(778): Illuminate\\Database\\Connection->runQueryCallback()
#3 /home/obed/Bureau/my-api-project/vendor/laravel/framework/src/Illuminate/Database/Connection.php(397): Illuminate\\Database\\Connection->run()
#4 /home/obed/Bureau/my-api-project/vendor/laravel/framework/src/Illuminate/Database/Query/Builder.php(3188): Illuminate\\Database\\Connection->select()
#5 /home/obed/Bureau/my-api-project/vendor/laravel/framework/src/Illuminate/Database/Query/Builder.php(3173): Illuminate\\Database\\Query\\Builder->runSelect()
#6 /home/obed/Bureau/my-api-project/vendor/laravel/framework/src/Illuminate/Database/Query/Builder.php(3763): Illuminate\\Database\\Query\\Builder->Illuminate\\Database\\Query\\{closure}()
#7 /home/obed/Bureau/my-api-project/vendor/laravel/framework/src/Illuminate/Database/Query/Builder.php(3172): Illuminate\\Database\\Query\\Builder->onceWithColumns()
#8 /home/obed/Bureau/my-api-project/vendor/laravel/framework/src/Illuminate/Database/Eloquent/Builder.php(887): Illuminate\\Database\\Query\\Builder->get()
#9 /home/obed/Bureau/my-api-project/vendor/laravel/framework/src/Illuminate/Database/Eloquent/Builder.php(869): Illuminate\\Database\\Eloquent\\Builder->getModels()
#10 /home/obed/Bureau/my-api-project/vendor/laravel/framework/src/Illuminate/Database/Eloquent/Relations/Relation.php(212): Illuminate\\Database\\Eloquent\\Builder->get()
#11 /home/obed/Bureau/my-api-project/vendor/laravel/framework/src/Illuminate/Database/Eloquent/Relations/Relation.php(175): Illuminate\\Database\\Eloquent\\Relations\\Relation->get()
#12 /home/obed/Bureau/my-api-project/vendor/laravel/framework/src/Illuminate/Database/Eloquent/Builder.php(935): Illuminate\\Database\\Eloquent\\Relations\\Relation->getEager()
#13 /home/obed/Bureau/my-api-project/vendor/laravel/framework/src/Illuminate/Database/Eloquent/Builder.php(904): Illuminate\\Database\\Eloquent\\Builder->eagerLoadRelation()
#14 /home/obed/Bureau/my-api-project/vendor/laravel/framework/src/Illuminate/Database/Eloquent/Builder.php(870): Illuminate\\Database\\Eloquent\\Builder->eagerLoadRelations()
#15 /home/obed/Bureau/my-api-project/vendor/laravel/framework/src/Illuminate/Database/Concerns/BuildsQueries.php(366): Illuminate\\Database\\Eloquent\\Builder->get()
#16 /home/obed/Bureau/my-api-project/app/Http/Controllers/SpecialiteController.php(64): Illuminate\\Database\\Eloquent\\Builder->first()
#17 /home/obed/Bureau/my-api-project/vendor/laravel/framework/src/Illuminate/Routing/ControllerDispatcher.php(46): App\\Http\\Controllers\\SpecialiteController->getSpecialistInfo()
#18 /home/obed/Bureau/my-api-project/vendor/laravel/framework/src/Illuminate/Routing/Route.php(265): Illuminate\\Routing\\ControllerDispatcher->dispatch()
#19 /home/obed/Bureau/my-api-project/vendor/laravel/framework/src/Illuminate/Routing/Route.php(211): Illuminate\\Routing\\Route->runController()
#20 /home/obed/Bureau/my-api-project/vendor/laravel/framework/src/Illuminate/Routing/Router.php(822): Illuminate\\Routing\\Route->run()
#21 /home/obed/Bureau/my-api-project/vendor/laravel/framework/src/Illuminate/Pipeline/Pipeline.php(180): Illuminate\\Routing\\Router->Illuminate\\Routing\\{closure}()
#22 /home/obed/Bureau/my-api-project/vendor/laravel/framework/src/Illuminate/Routing/Middleware/SubstituteBindings.php(50): Illuminate\\Pipeline\\Pipeline->Illuminate\\Pipeline\\{closure}()
#23 /home/obed/Bureau/my-api-project/vendor/laravel/framework/src/Illuminate/Pipeline/Pipeline.php(219): Illuminate\\Routing\\Middleware\\SubstituteBindings->handle()
#24 /home/obed/Bureau/my-api-project/vendor/laravel/sanctum/src/Http/Middleware/EnsureFrontendRequestsAreStateful.php(26): Illuminate\\Pipeline\\Pipeline->Illuminate\\Pipeline\\{closure}()
#25 /home/obed/Bureau/my-api-project/vendor/laravel/framework/src/Illuminate/Pipeline/Pipeline.php(180): Laravel\\Sanctum\\Http\\Middleware\\EnsureFrontendRequestsAreStateful->Laravel\\Sanctum\\Http\\Middleware\\{closure}()
#26 /home/obed/Bureau/my-api-project/vendor/laravel/framework/src/Illuminate/Pipeline/Pipeline.php(137): Illuminate\\Pipeline\\Pipeline->Illuminate\\Pipeline\\{closure}()
#27 /home/obed/Bureau/my-api-project/vendor/laravel/sanctum/src/Http/Middleware/EnsureFrontendRequestsAreStateful.php(25): Illuminate\\Pipeline\\Pipeline->then()
#28 /home/obed/Bureau/my-api-project/vendor/laravel/framework/src/Illuminate/Pipeline/Pipeline.php(219): Laravel\\Sanctum\\Http\\Middleware\\EnsureFrontendRequestsAreStateful->handle()
#29 /home/obed/Bureau/my-api-project/vendor/laravel/framework/src/Illuminate/Pipeline/Pipeline.php(137): Illuminate\\Pipeline\\Pipeline->Illuminate\\Pipeline\\{closure}()
#30 /home/obed/Bureau/my-api-project/vendor/laravel/framework/src/Illuminate/Routing/Router.php(821): Illuminate\\Pipeline\\Pipeline->then()
#31 /home/obed/Bureau/my-api-project/vendor/laravel/framework/src/Illuminate/Routing/Router.php(800): Illuminate\\Routing\\Router->runRouteWithinStack()
#32 /home/obed/Bureau/my-api-project/vendor/laravel/framework/src/Illuminate/Routing/Router.php(764): Illuminate\\Routing\\Router->runRoute()
#33 /home/obed/Bureau/my-api-project/vendor/laravel/framework/src/Illuminate/Routing/Router.php(753): Illuminate\\Routing\\Router->dispatchToRoute()
#34 /home/obed/Bureau/my-api-project/vendor/laravel/framework/src/Illuminate/Foundation/Http/Kernel.php(200): Illuminate\\Routing\\Router->dispatch()
#35 /home/obed/Bureau/my-api-project/vendor/laravel/framework/src/Illuminate/Pipeline/Pipeline.php(180): Illuminate\\Foundation\\Http\\Kernel->Illuminate\\Foundation\\Http\\{closure}()
#36 /home/obed/Bureau/my-api-project/vendor/laravel/framework/src/Illuminate/Foundation/Http/Middleware/TransformsRequest.php(21): Illuminate\\Pipeline\\Pipeline->Illuminate\\Pipeline\\{closure}()
#37 /home/obed/Bureau/my-api-project/vendor/laravel/framework/src/Illuminate/Foundation/Http/Middleware/ConvertEmptyStringsToNull.php(31): Illuminate\\Foundation\\Http\\Middleware\\TransformsRequest->handle()
#38 /home/obed/Bureau/my-api-project/vendor/laravel/framework/src/Illuminate/Pipeline/Pipeline.php(219): Illuminate\\Foundation\\Http\\Middleware\\ConvertEmptyStringsToNull->handle()
#39 /home/obed/Bureau/my-api-project/vendor/laravel/framework/src/Illuminate/Foundation/Http/Middleware/TransformsRequest.php(21): Illuminate\\Pipeline\\Pipeline->Illuminate\\Pipeline\\{closure}()
#40 /home/obed/Bureau/my-api-project/vendor/laravel/framework/src/Illuminate/Foundation/Http/Middleware/TrimStrings.php(51): Illuminate\\Foundation\\Http\\Middleware\\TransformsRequest->handle()
#41 /home/obed/Bureau/my-api-project/vendor/laravel/framework/src/Illuminate/Pipeline/Pipeline.php(219): Illuminate\\Foundation\\Http\\Middleware\\TrimStrings->handle()
#42 /home/obed/Bureau/my-api-project/vendor/laravel/framework/src/Illuminate/Http/Middleware/ValidatePostSize.php(27): Illuminate\\Pipeline\\Pipeline->Illuminate\\Pipeline\\{closure}()
#43 /home/obed/Bureau/my-api-project/vendor/laravel/framework/src/Illuminate/Pipeline/Pipeline.php(219): Illuminate\\Http\\Middleware\\ValidatePostSize->handle()
#44 /home/obed/Bureau/my-api-project/vendor/laravel/framework/src/Illuminate/Foundation/Http/Middleware/PreventRequestsDuringMaintenance.php(109): Illuminate\\Pipeline\\Pipeline->Illuminate\\Pipeline\\{closure}()
#45 /home/obed/Bureau/my-api-project/vendor/laravel/framework/src/Illuminate/Pipeline/Pipeline.php(219): Illuminate\\Foundation\\Http\\Middleware\\PreventRequestsDuringMaintenance->handle()
#46 /home/obed/Bureau/my-api-project/vendor/laravel/framework/src/Illuminate/Http/Middleware/HandleCors.php(61): Illuminate\\Pipeline\\Pipeline->Illuminate\\Pipeline\\{closure}()
#47 /home/obed/Bureau/my-api-project/vendor/laravel/framework/src/Illuminate/Pipeline/Pipeline.php(219): Illuminate\\Http\\Middleware\\HandleCors->handle()
#48 /home/obed/Bureau/my-api-project/vendor/laravel/framework/src/Illuminate/Http/Middleware/TrustProxies.php(58): Illuminate\\Pipeline\\Pipeline->Illuminate\\Pipeline\\{closure}()
#49 /home/obed/Bureau/my-api-project/vendor/laravel/framework/src/Illuminate/Pipeline/Pipeline.php(219): Illuminate\\Http\\Middleware\\TrustProxies->handle()
#50 /home/obed/Bureau/my-api-project/vendor/laravel/framework/src/Illuminate/Foundation/Http/Middleware/InvokeDeferredCallbacks.php(22): Illuminate\\Pipeline\\Pipeline->Illuminate\\Pipeline\\{closure}()
#51 /home/obed/Bureau/my-api-project/vendor/laravel/framework/src/Illuminate/Pipeline/Pipeline.php(219): Illuminate\\Foundation\\Http\\Middleware\\InvokeDeferredCallbacks->handle()
#52 /home/obed/Bureau/my-api-project/vendor/laravel/framework/src/Illuminate/Http/Middleware/ValidatePathEncoding.php(26): Illuminate\\Pipeline\\Pipeline->Illuminate\\Pipeline\\{closure}()
#53 /home/obed/Bureau/my-api-project/vendor/laravel/framework/src/Illuminate/Pipeline/Pipeline.php(219): Illuminate\\Http\\Middleware\\ValidatePathEncoding->handle()
#54 /home/obed/Bureau/my-api-project/vendor/laravel/framework/src/Illuminate/Pipeline/Pipeline.php(137): Illuminate\\Pipeline\\Pipeline->Illuminate\\Pipeline\\{closure}()
#55 /home/obed/Bureau/my-api-project/vendor/laravel/framework/src/Illuminate/Foundation/Http/Kernel.php(175): Illuminate\\Pipeline\\Pipeline->then()
#56 /home/obed/Bureau/my-api-project/vendor/laravel/framework/src/Illuminate/Foundation/Http/Kernel.php(144): Illuminate\\Foundation\\Http\\Kernel->sendRequestThroughRouter()
#57 /home/obed/Bureau/my-api-project/vendor/laravel/framework/src/Illuminate/Foundation/Application.php(1219): Illuminate\\Foundation\\Http\\Kernel->handle()
#58 /home/obed/Bureau/my-api-project/public/index.php(20): Illuminate\\Foundation\\Application->handleRequest()
#59 /home/obed/Bureau/my-api-project/vendor/laravel/framework/src/Illuminate/Foundation/resources/server.php(23): require_once('...')
#60 {main}
"} 
[2025-08-28 16:21:28] local.ERROR: SQLSTATE[42S22]: Column not found: 1054 Unknown column 'langues.langue_specialite_id' in 'where clause' (Connection: mysql, SQL: select * from `langues` where `langues`.`langue_specialite_id` in (3, 4, 5) and `langues`.`deleted_at` is null) {"exception":"[object] (Illuminate\\Database\\QueryException(code: 42S22): SQLSTATE[42S22]: Column not found: 1054 Unknown column 'langues.langue_specialite_id' in 'where clause' (Connection: mysql, SQL: select * from `langues` where `langues`.`langue_specialite_id` in (3, 4, 5) and `langues`.`deleted_at` is null) at /home/obed/Bureau/my-api-project/vendor/laravel/framework/src/Illuminate/Database/Connection.php:824)
[stacktrace]
#0 /home/obed/Bureau/my-api-project/vendor/laravel/framework/src/Illuminate/Database/Connection.php(778): Illuminate\\Database\\Connection->runQueryCallback()
#1 /home/obed/Bureau/my-api-project/vendor/laravel/framework/src/Illuminate/Database/Connection.php(397): Illuminate\\Database\\Connection->run()
#2 /home/obed/Bureau/my-api-project/vendor/laravel/framework/src/Illuminate/Database/Query/Builder.php(3188): Illuminate\\Database\\Connection->select()
#3 /home/obed/Bureau/my-api-project/vendor/laravel/framework/src/Illuminate/Database/Query/Builder.php(3173): Illuminate\\Database\\Query\\Builder->runSelect()
#4 /home/obed/Bureau/my-api-project/vendor/laravel/framework/src/Illuminate/Database/Query/Builder.php(3763): Illuminate\\Database\\Query\\Builder->Illuminate\\Database\\Query\\{closure}()
#5 /home/obed/Bureau/my-api-project/vendor/laravel/framework/src/Illuminate/Database/Query/Builder.php(3172): Illuminate\\Database\\Query\\Builder->onceWithColumns()
#6 /home/obed/Bureau/my-api-project/vendor/laravel/framework/src/Illuminate/Database/Eloquent/Builder.php(887): Illuminate\\Database\\Query\\Builder->get()
#7 /home/obed/Bureau/my-api-project/vendor/laravel/framework/src/Illuminate/Database/Eloquent/Builder.php(869): Illuminate\\Database\\Eloquent\\Builder->getModels()
#8 /home/obed/Bureau/my-api-project/vendor/laravel/framework/src/Illuminate/Database/Eloquent/Relations/Relation.php(212): Illuminate\\Database\\Eloquent\\Builder->get()
#9 /home/obed/Bureau/my-api-project/vendor/laravel/framework/src/Illuminate/Database/Eloquent/Relations/Relation.php(175): Illuminate\\Database\\Eloquent\\Relations\\Relation->get()
#10 /home/obed/Bureau/my-api-project/vendor/laravel/framework/src/Illuminate/Database/Eloquent/Builder.php(935): Illuminate\\Database\\Eloquent\\Relations\\Relation->getEager()
#11 /home/obed/Bureau/my-api-project/vendor/laravel/framework/src/Illuminate/Database/Eloquent/Builder.php(904): Illuminate\\Database\\Eloquent\\Builder->eagerLoadRelation()
#12 /home/obed/Bureau/my-api-project/vendor/laravel/framework/src/Illuminate/Database/Eloquent/Builder.php(870): Illuminate\\Database\\Eloquent\\Builder->eagerLoadRelations()
#13 /home/obed/Bureau/my-api-project/vendor/laravel/framework/src/Illuminate/Database/Eloquent/Relations/Relation.php(212): Illuminate\\Database\\Eloquent\\Builder->get()
#14 /home/obed/Bureau/my-api-project/vendor/laravel/framework/src/Illuminate/Database/Eloquent/Relations/Relation.php(175): Illuminate\\Database\\Eloquent\\Relations\\Relation->get()
#15 /home/obed/Bureau/my-api-project/vendor/laravel/framework/src/Illuminate/Database/Eloquent/Builder.php(935): Illuminate\\Database\\Eloquent\\Relations\\Relation->getEager()
#16 /home/obed/Bureau/my-api-project/vendor/laravel/framework/src/Illuminate/Database/Eloquent/Builder.php(904): Illuminate\\Database\\Eloquent\\Builder->eagerLoadRelation()
#17 /home/obed/Bureau/my-api-project/vendor/laravel/framework/src/Illuminate/Database/Eloquent/Builder.php(870): Illuminate\\Database\\Eloquent\\Builder->eagerLoadRelations()
#18 /home/obed/Bureau/my-api-project/vendor/laravel/framework/src/Illuminate/Database/Concerns/BuildsQueries.php(366): Illuminate\\Database\\Eloquent\\Builder->get()
#19 /home/obed/Bureau/my-api-project/app/Http/Controllers/SpecialiteController.php(64): Illuminate\\Database\\Eloquent\\Builder->first()
#20 /home/obed/Bureau/my-api-project/vendor/laravel/framework/src/Illuminate/Routing/ControllerDispatcher.php(46): App\\Http\\Controllers\\SpecialiteController->getSpecialistInfo()
#21 /home/obed/Bureau/my-api-project/vendor/laravel/framework/src/Illuminate/Routing/Route.php(265): Illuminate\\Routing\\ControllerDispatcher->dispatch()
#22 /home/obed/Bureau/my-api-project/vendor/laravel/framework/src/Illuminate/Routing/Route.php(211): Illuminate\\Routing\\Route->runController()
#23 /home/obed/Bureau/my-api-project/vendor/laravel/framework/src/Illuminate/Routing/Router.php(822): Illuminate\\Routing\\Route->run()
#24 /home/obed/Bureau/my-api-project/vendor/laravel/framework/src/Illuminate/Pipeline/Pipeline.php(180): Illuminate\\Routing\\Router->Illuminate\\Routing\\{closure}()
#25 /home/obed/Bureau/my-api-project/vendor/laravel/framework/src/Illuminate/Routing/Middleware/SubstituteBindings.php(50): Illuminate\\Pipeline\\Pipeline->Illuminate\\Pipeline\\{closure}()
#26 /home/obed/Bureau/my-api-project/vendor/laravel/framework/src/Illuminate/Pipeline/Pipeline.php(219): Illuminate\\Routing\\Middleware\\SubstituteBindings->handle()
#27 /home/obed/Bureau/my-api-project/vendor/laravel/sanctum/src/Http/Middleware/EnsureFrontendRequestsAreStateful.php(26): Illuminate\\Pipeline\\Pipeline->Illuminate\\Pipeline\\{closure}()
#28 /home/obed/Bureau/my-api-project/vendor/laravel/framework/src/Illuminate/Pipeline/Pipeline.php(180): Laravel\\Sanctum\\Http\\Middleware\\EnsureFrontendRequestsAreStateful->Laravel\\Sanctum\\Http\\Middleware\\{closure}()
#29 /home/obed/Bureau/my-api-project/vendor/laravel/framework/src/Illuminate/Pipeline/Pipeline.php(137): Illuminate\\Pipeline\\Pipeline->Illuminate\\Pipeline\\{closure}()
#30 /home/obed/Bureau/my-api-project/vendor/laravel/sanctum/src/Http/Middleware/EnsureFrontendRequestsAreStateful.php(25): Illuminate\\Pipeline\\Pipeline->then()
#31 /home/obed/Bureau/my-api-project/vendor/laravel/framework/src/Illuminate/Pipeline/Pipeline.php(219): Laravel\\Sanctum\\Http\\Middleware\\EnsureFrontendRequestsAreStateful->handle()
#32 /home/obed/Bureau/my-api-project/vendor/laravel/framework/src/Illuminate/Pipeline/Pipeline.php(137): Illuminate\\Pipeline\\Pipeline->Illuminate\\Pipeline\\{closure}()
#33 /home/obed/Bureau/my-api-project/vendor/laravel/framework/src/Illuminate/Routing/Router.php(821): Illuminate\\Pipeline\\Pipeline->then()
#34 /home/obed/Bureau/my-api-project/vendor/laravel/framework/src/Illuminate/Routing/Router.php(800): Illuminate\\Routing\\Router->runRouteWithinStack()
#35 /home/obed/Bureau/my-api-project/vendor/laravel/framework/src/Illuminate/Routing/Router.php(764): Illuminate\\Routing\\Router->runRoute()
#36 /home/obed/Bureau/my-api-project/vendor/laravel/framework/src/Illuminate/Routing/Router.php(753): Illuminate\\Routing\\Router->dispatchToRoute()
#37 /home/obed/Bureau/my-api-project/vendor/laravel/framework/src/Illuminate/Foundation/Http/Kernel.php(200): Illuminate\\Routing\\Router->dispatch()
#38 /home/obed/Bureau/my-api-project/vendor/laravel/framework/src/Illuminate/Pipeline/Pipeline.php(180): Illuminate\\Foundation\\Http\\Kernel->Illuminate\\Foundation\\Http\\{closure}()
#39 /home/obed/Bureau/my-api-project/vendor/laravel/framework/src/Illuminate/Foundation/Http/Middleware/TransformsRequest.php(21): Illuminate\\Pipeline\\Pipeline->Illuminate\\Pipeline\\{closure}()
#40 /home/obed/Bureau/my-api-project/vendor/laravel/framework/src/Illuminate/Foundation/Http/Middleware/ConvertEmptyStringsToNull.php(31): Illuminate\\Foundation\\Http\\Middleware\\TransformsRequest->handle()
#41 /home/obed/Bureau/my-api-project/vendor/laravel/framework/src/Illuminate/Pipeline/Pipeline.php(219): Illuminate\\Foundation\\Http\\Middleware\\ConvertEmptyStringsToNull->handle()
#42 /home/obed/Bureau/my-api-project/vendor/laravel/framework/src/Illuminate/Foundation/Http/Middleware/TransformsRequest.php(21): Illuminate\\Pipeline\\Pipeline->Illuminate\\Pipeline\\{closure}()
#43 /home/obed/Bureau/my-api-project/vendor/laravel/framework/src/Illuminate/Foundation/Http/Middleware/TrimStrings.php(51): Illuminate\\Foundation\\Http\\Middleware\\TransformsRequest->handle()
#44 /home/obed/Bureau/my-api-project/vendor/laravel/framework/src/Illuminate/Pipeline/Pipeline.php(219): Illuminate\\Foundation\\Http\\Middleware\\TrimStrings->handle()
#45 /home/obed/Bureau/my-api-project/vendor/laravel/framework/src/Illuminate/Http/Middleware/ValidatePostSize.php(27): Illuminate\\Pipeline\\Pipeline->Illuminate\\Pipeline\\{closure}()
#46 /home/obed/Bureau/my-api-project/vendor/laravel/framework/src/Illuminate/Pipeline/Pipeline.php(219): Illuminate\\Http\\Middleware\\ValidatePostSize->handle()
#47 /home/obed/Bureau/my-api-project/vendor/laravel/framework/src/Illuminate/Foundation/Http/Middleware/PreventRequestsDuringMaintenance.php(109): Illuminate\\Pipeline\\Pipeline->Illuminate\\Pipeline\\{closure}()
#48 /home/obed/Bureau/my-api-project/vendor/laravel/framework/src/Illuminate/Pipeline/Pipeline.php(219): Illuminate\\Foundation\\Http\\Middleware\\PreventRequestsDuringMaintenance->handle()
#49 /home/obed/Bureau/my-api-project/vendor/laravel/framework/src/Illuminate/Http/Middleware/HandleCors.php(61): Illuminate\\Pipeline\\Pipeline->Illuminate\\Pipeline\\{closure}()
#50 /home/obed/Bureau/my-api-project/vendor/laravel/framework/src/Illuminate/Pipeline/Pipeline.php(219): Illuminate\\Http\\Middleware\\HandleCors->handle()
#51 /home/obed/Bureau/my-api-project/vendor/laravel/framework/src/Illuminate/Http/Middleware/TrustProxies.php(58): Illuminate\\Pipeline\\Pipeline->Illuminate\\Pipeline\\{closure}()
#52 /home/obed/Bureau/my-api-project/vendor/laravel/framework/src/Illuminate/Pipeline/Pipeline.php(219): Illuminate\\Http\\Middleware\\TrustProxies->handle()
#53 /home/obed/Bureau/my-api-project/vendor/laravel/framework/src/Illuminate/Foundation/Http/Middleware/InvokeDeferredCallbacks.php(22): Illuminate\\Pipeline\\Pipeline->Illuminate\\Pipeline\\{closure}()
#54 /home/obed/Bureau/my-api-project/vendor/laravel/framework/src/Illuminate/Pipeline/Pipeline.php(219): Illuminate\\Foundation\\Http\\Middleware\\InvokeDeferredCallbacks->handle()
#55 /home/obed/Bureau/my-api-project/vendor/laravel/framework/src/Illuminate/Http/Middleware/ValidatePathEncoding.php(26): Illuminate\\Pipeline\\Pipeline->Illuminate\\Pipeline\\{closure}()
#56 /home/obed/Bureau/my-api-project/vendor/laravel/framework/src/Illuminate/Pipeline/Pipeline.php(219): Illuminate\\Http\\Middleware\\ValidatePathEncoding->handle()
#57 /home/obed/Bureau/my-api-project/vendor/laravel/framework/src/Illuminate/Pipeline/Pipeline.php(137): Illuminate\\Pipeline\\Pipeline->Illuminate\\Pipeline\\{closure}()
#58 /home/obed/Bureau/my-api-project/vendor/laravel/framework/src/Illuminate/Foundation/Http/Kernel.php(175): Illuminate\\Pipeline\\Pipeline->then()
#59 /home/obed/Bureau/my-api-project/vendor/laravel/framework/src/Illuminate/Foundation/Http/Kernel.php(144): Illuminate\\Foundation\\Http\\Kernel->sendRequestThroughRouter()
#60 /home/obed/Bureau/my-api-project/vendor/laravel/framework/src/Illuminate/Foundation/Application.php(1219): Illuminate\\Foundation\\Http\\Kernel->handle()
#61 /home/obed/Bureau/my-api-project/public/index.php(20): Illuminate\\Foundation\\Application->handleRequest()
#62 /home/obed/Bureau/my-api-project/vendor/laravel/framework/src/Illuminate/Foundation/resources/server.php(23): require_once('...')
#63 {main}

[previous exception] [object] (PDOException(code: 42S22): SQLSTATE[42S22]: Column not found: 1054 Unknown column 'langues.langue_specialite_id' in 'where clause' at /home/obed/Bureau/my-api-project/vendor/laravel/framework/src/Illuminate/Database/Connection.php:406)
[stacktrace]
#0 /home/obed/Bureau/my-api-project/vendor/laravel/framework/src/Illuminate/Database/Connection.php(406): PDO->prepare()
#1 /home/obed/Bureau/my-api-project/vendor/laravel/framework/src/Illuminate/Database/Connection.php(811): Illuminate\\Database\\Connection->Illuminate\\Database\\{closure}()
#2 /home/obed/Bureau/my-api-project/vendor/laravel/framework/src/Illuminate/Database/Connection.php(778): Illuminate\\Database\\Connection->runQueryCallback()
#3 /home/obed/Bureau/my-api-project/vendor/laravel/framework/src/Illuminate/Database/Connection.php(397): Illuminate\\Database\\Connection->run()
#4 /home/obed/Bureau/my-api-project/vendor/laravel/framework/src/Illuminate/Database/Query/Builder.php(3188): Illuminate\\Database\\Connection->select()
#5 /home/obed/Bureau/my-api-project/vendor/laravel/framework/src/Illuminate/Database/Query/Builder.php(3173): Illuminate\\Database\\Query\\Builder->runSelect()
#6 /home/obed/Bureau/my-api-project/vendor/laravel/framework/src/Illuminate/Database/Query/Builder.php(3763): Illuminate\\Database\\Query\\Builder->Illuminate\\Database\\Query\\{closure}()
#7 /home/obed/Bureau/my-api-project/vendor/laravel/framework/src/Illuminate/Database/Query/Builder.php(3172): Illuminate\\Database\\Query\\Builder->onceWithColumns()
#8 /home/obed/Bureau/my-api-project/vendor/laravel/framework/src/Illuminate/Database/Eloquent/Builder.php(887): Illuminate\\Database\\Query\\Builder->get()
#9 /home/obed/Bureau/my-api-project/vendor/laravel/framework/src/Illuminate/Database/Eloquent/Builder.php(869): Illuminate\\Database\\Eloquent\\Builder->getModels()
#10 /home/obed/Bureau/my-api-project/vendor/laravel/framework/src/Illuminate/Database/Eloquent/Relations/Relation.php(212): Illuminate\\Database\\Eloquent\\Builder->get()
#11 /home/obed/Bureau/my-api-project/vendor/laravel/framework/src/Illuminate/Database/Eloquent/Relations/Relation.php(175): Illuminate\\Database\\Eloquent\\Relations\\Relation->get()
#12 /home/obed/Bureau/my-api-project/vendor/laravel/framework/src/Illuminate/Database/Eloquent/Builder.php(935): Illuminate\\Database\\Eloquent\\Relations\\Relation->getEager()
#13 /home/obed/Bureau/my-api-project/vendor/laravel/framework/src/Illuminate/Database/Eloquent/Builder.php(904): Illuminate\\Database\\Eloquent\\Builder->eagerLoadRelation()
#14 /home/obed/Bureau/my-api-project/vendor/laravel/framework/src/Illuminate/Database/Eloquent/Builder.php(870): Illuminate\\Database\\Eloquent\\Builder->eagerLoadRelations()
#15 /home/obed/Bureau/my-api-project/vendor/laravel/framework/src/Illuminate/Database/Eloquent/Relations/Relation.php(212): Illuminate\\Database\\Eloquent\\Builder->get()
#16 /home/obed/Bureau/my-api-project/vendor/laravel/framework/src/Illuminate/Database/Eloquent/Relations/Relation.php(175): Illuminate\\Database\\Eloquent\\Relations\\Relation->get()
#17 /home/obed/Bureau/my-api-project/vendor/laravel/framework/src/Illuminate/Database/Eloquent/Builder.php(935): Illuminate\\Database\\Eloquent\\Relations\\Relation->getEager()
#18 /home/obed/Bureau/my-api-project/vendor/laravel/framework/src/Illuminate/Database/Eloquent/Builder.php(904): Illuminate\\Database\\Eloquent\\Builder->eagerLoadRelation()
#19 /home/obed/Bureau/my-api-project/vendor/laravel/framework/src/Illuminate/Database/Eloquent/Builder.php(870): Illuminate\\Database\\Eloquent\\Builder->eagerLoadRelations()
#20 /home/obed/Bureau/my-api-project/vendor/laravel/framework/src/Illuminate/Database/Concerns/BuildsQueries.php(366): Illuminate\\Database\\Eloquent\\Builder->get()
#21 /home/obed/Bureau/my-api-project/app/Http/Controllers/SpecialiteController.php(64): Illuminate\\Database\\Eloquent\\Builder->first()
#22 /home/obed/Bureau/my-api-project/vendor/laravel/framework/src/Illuminate/Routing/ControllerDispatcher.php(46): App\\Http\\Controllers\\SpecialiteController->getSpecialistInfo()
#23 /home/obed/Bureau/my-api-project/vendor/laravel/framework/src/Illuminate/Routing/Route.php(265): Illuminate\\Routing\\ControllerDispatcher->dispatch()
#24 /home/obed/Bureau/my-api-project/vendor/laravel/framework/src/Illuminate/Routing/Route.php(211): Illuminate\\Routing\\Route->runController()
#25 /home/obed/Bureau/my-api-project/vendor/laravel/framework/src/Illuminate/Routing/Router.php(822): Illuminate\\Routing\\Route->run()
#26 /home/obed/Bureau/my-api-project/vendor/laravel/framework/src/Illuminate/Pipeline/Pipeline.php(180): Illuminate\\Routing\\Router->Illuminate\\Routing\\{closure}()
#27 /home/obed/Bureau/my-api-project/vendor/laravel/framework/src/Illuminate/Routing/Middleware/SubstituteBindings.php(50): Illuminate\\Pipeline\\Pipeline->Illuminate\\Pipeline\\{closure}()
#28 /home/obed/Bureau/my-api-project/vendor/laravel/framework/src/Illuminate/Pipeline/Pipeline.php(219): Illuminate\\Routing\\Middleware\\SubstituteBindings->handle()
#29 /home/obed/Bureau/my-api-project/vendor/laravel/sanctum/src/Http/Middleware/EnsureFrontendRequestsAreStateful.php(26): Illuminate\\Pipeline\\Pipeline->Illuminate\\Pipeline\\{closure}()
#30 /home/obed/Bureau/my-api-project/vendor/laravel/framework/src/Illuminate/Pipeline/Pipeline.php(180): Laravel\\Sanctum\\Http\\Middleware\\EnsureFrontendRequestsAreStateful->Laravel\\Sanctum\\Http\\Middleware\\{closure}()
#31 /home/obed/Bureau/my-api-project/vendor/laravel/framework/src/Illuminate/Pipeline/Pipeline.php(137): Illuminate\\Pipeline\\Pipeline->Illuminate\\Pipeline\\{closure}()
#32 /home/obed/Bureau/my-api-project/vendor/laravel/sanctum/src/Http/Middleware/EnsureFrontendRequestsAreStateful.php(25): Illuminate\\Pipeline\\Pipeline->then()
#33 /home/obed/Bureau/my-api-project/vendor/laravel/framework/src/Illuminate/Pipeline/Pipeline.php(219): Laravel\\Sanctum\\Http\\Middleware\\EnsureFrontendRequestsAreStateful->handle()
#34 /home/obed/Bureau/my-api-project/vendor/laravel/framework/src/Illuminate/Pipeline/Pipeline.php(137): Illuminate\\Pipeline\\Pipeline->Illuminate\\Pipeline\\{closure}()
#35 /home/obed/Bureau/my-api-project/vendor/laravel/framework/src/Illuminate/Routing/Router.php(821): Illuminate\\Pipeline\\Pipeline->then()
#36 /home/obed/Bureau/my-api-project/vendor/laravel/framework/src/Illuminate/Routing/Router.php(800): Illuminate\\Routing\\Router->runRouteWithinStack()
#37 /home/obed/Bureau/my-api-project/vendor/laravel/framework/src/Illuminate/Routing/Router.php(764): Illuminate\\Routing\\Router->runRoute()
#38 /home/obed/Bureau/my-api-project/vendor/laravel/framework/src/Illuminate/Routing/Router.php(753): Illuminate\\Routing\\Router->dispatchToRoute()
#39 /home/obed/Bureau/my-api-project/vendor/laravel/framework/src/Illuminate/Foundation/Http/Kernel.php(200): Illuminate\\Routing\\Router->dispatch()
#40 /home/obed/Bureau/my-api-project/vendor/laravel/framework/src/Illuminate/Pipeline/Pipeline.php(180): Illuminate\\Foundation\\Http\\Kernel->Illuminate\\Foundation\\Http\\{closure}()
#41 /home/obed/Bureau/my-api-project/vendor/laravel/framework/src/Illuminate/Foundation/Http/Middleware/TransformsRequest.php(21): Illuminate\\Pipeline\\Pipeline->Illuminate\\Pipeline\\{closure}()
#42 /home/obed/Bureau/my-api-project/vendor/laravel/framework/src/Illuminate/Foundation/Http/Middleware/ConvertEmptyStringsToNull.php(31): Illuminate\\Foundation\\Http\\Middleware\\TransformsRequest->handle()
#43 /home/obed/Bureau/my-api-project/vendor/laravel/framework/src/Illuminate/Pipeline/Pipeline.php(219): Illuminate\\Foundation\\Http\\Middleware\\ConvertEmptyStringsToNull->handle()
#44 /home/obed/Bureau/my-api-project/vendor/laravel/framework/src/Illuminate/Foundation/Http/Middleware/TransformsRequest.php(21): Illuminate\\Pipeline\\Pipeline->Illuminate\\Pipeline\\{closure}()
#45 /home/obed/Bureau/my-api-project/vendor/laravel/framework/src/Illuminate/Foundation/Http/Middleware/TrimStrings.php(51): Illuminate\\Foundation\\Http\\Middleware\\TransformsRequest->handle()
#46 /home/obed/Bureau/my-api-project/vendor/laravel/framework/src/Illuminate/Pipeline/Pipeline.php(219): Illuminate\\Foundation\\Http\\Middleware\\TrimStrings->handle()
#47 /home/obed/Bureau/my-api-project/vendor/laravel/framework/src/Illuminate/Http/Middleware/ValidatePostSize.php(27): Illuminate\\Pipeline\\Pipeline->Illuminate\\Pipeline\\{closure}()
#48 /home/obed/Bureau/my-api-project/vendor/laravel/framework/src/Illuminate/Pipeline/Pipeline.php(219): Illuminate\\Http\\Middleware\\ValidatePostSize->handle()
#49 /home/obed/Bureau/my-api-project/vendor/laravel/framework/src/Illuminate/Foundation/Http/Middleware/PreventRequestsDuringMaintenance.php(109): Illuminate\\Pipeline\\Pipeline->Illuminate\\Pipeline\\{closure}()
#50 /home/obed/Bureau/my-api-project/vendor/laravel/framework/src/Illuminate/Pipeline/Pipeline.php(219): Illuminate\\Foundation\\Http\\Middleware\\PreventRequestsDuringMaintenance->handle()
#51 /home/obed/Bureau/my-api-project/vendor/laravel/framework/src/Illuminate/Http/Middleware/HandleCors.php(61): Illuminate\\Pipeline\\Pipeline->Illuminate\\Pipeline\\{closure}()
#52 /home/obed/Bureau/my-api-project/vendor/laravel/framework/src/Illuminate/Pipeline/Pipeline.php(219): Illuminate\\Http\\Middleware\\HandleCors->handle()
#53 /home/obed/Bureau/my-api-project/vendor/laravel/framework/src/Illuminate/Http/Middleware/TrustProxies.php(58): Illuminate\\Pipeline\\Pipeline->Illuminate\\Pipeline\\{closure}()
#54 /home/obed/Bureau/my-api-project/vendor/laravel/framework/src/Illuminate/Pipeline/Pipeline.php(219): Illuminate\\Http\\Middleware\\TrustProxies->handle()
#55 /home/obed/Bureau/my-api-project/vendor/laravel/framework/src/Illuminate/Foundation/Http/Middleware/InvokeDeferredCallbacks.php(22): Illuminate\\Pipeline\\Pipeline->Illuminate\\Pipeline\\{closure}()
#56 /home/obed/Bureau/my-api-project/vendor/laravel/framework/src/Illuminate/Pipeline/Pipeline.php(219): Illuminate\\Foundation\\Http\\Middleware\\InvokeDeferredCallbacks->handle()
#57 /home/obed/Bureau/my-api-project/vendor/laravel/framework/src/Illuminate/Http/Middleware/ValidatePathEncoding.php(26): Illuminate\\Pipeline\\Pipeline->Illuminate\\Pipeline\\{closure}()
#58 /home/obed/Bureau/my-api-project/vendor/laravel/framework/src/Illuminate/Pipeline/Pipeline.php(219): Illuminate\\Http\\Middleware\\ValidatePathEncoding->handle()
#59 /home/obed/Bureau/my-api-project/vendor/laravel/framework/src/Illuminate/Pipeline/Pipeline.php(137): Illuminate\\Pipeline\\Pipeline->Illuminate\\Pipeline\\{closure}()
#60 /home/obed/Bureau/my-api-project/vendor/laravel/framework/src/Illuminate/Foundation/Http/Kernel.php(175): Illuminate\\Pipeline\\Pipeline->then()
#61 /home/obed/Bureau/my-api-project/vendor/laravel/framework/src/Illuminate/Foundation/Http/Kernel.php(144): Illuminate\\Foundation\\Http\\Kernel->sendRequestThroughRouter()
#62 /home/obed/Bureau/my-api-project/vendor/laravel/framework/src/Illuminate/Foundation/Application.php(1219): Illuminate\\Foundation\\Http\\Kernel->handle()
#63 /home/obed/Bureau/my-api-project/public/index.php(20): Illuminate\\Foundation\\Application->handleRequest()
#64 /home/obed/Bureau/my-api-project/vendor/laravel/framework/src/Illuminate/Foundation/resources/server.php(23): require_once('...')
#65 {main}
"} 
[2025-08-28 16:25:52] local.ERROR: SQLSTATE[42S22]: Column not found: 1054 Unknown column 'langues.langue_specialite_id' in 'where clause' (Connection: mysql, SQL: select * from `langues` where `langues`.`langue_specialite_id` in (3, 4, 5) and `langues`.`deleted_at` is null) {"exception":"[object] (Illuminate\\Database\\QueryException(code: 42S22): SQLSTATE[42S22]: Column not found: 1054 Unknown column 'langues.langue_specialite_id' in 'where clause' (Connection: mysql, SQL: select * from `langues` where `langues`.`langue_specialite_id` in (3, 4, 5) and `langues`.`deleted_at` is null) at /home/obed/Bureau/my-api-project/vendor/laravel/framework/src/Illuminate/Database/Connection.php:824)
[stacktrace]
#0 /home/obed/Bureau/my-api-project/vendor/laravel/framework/src/Illuminate/Database/Connection.php(778): Illuminate\\Database\\Connection->runQueryCallback()
#1 /home/obed/Bureau/my-api-project/vendor/laravel/framework/src/Illuminate/Database/Connection.php(397): Illuminate\\Database\\Connection->run()
#2 /home/obed/Bureau/my-api-project/vendor/laravel/framework/src/Illuminate/Database/Query/Builder.php(3188): Illuminate\\Database\\Connection->select()
#3 /home/obed/Bureau/my-api-project/vendor/laravel/framework/src/Illuminate/Database/Query/Builder.php(3173): Illuminate\\Database\\Query\\Builder->runSelect()
#4 /home/obed/Bureau/my-api-project/vendor/laravel/framework/src/Illuminate/Database/Query/Builder.php(3763): Illuminate\\Database\\Query\\Builder->Illuminate\\Database\\Query\\{closure}()
#5 /home/obed/Bureau/my-api-project/vendor/laravel/framework/src/Illuminate/Database/Query/Builder.php(3172): Illuminate\\Database\\Query\\Builder->onceWithColumns()
#6 /home/obed/Bureau/my-api-project/vendor/laravel/framework/src/Illuminate/Database/Eloquent/Builder.php(887): Illuminate\\Database\\Query\\Builder->get()
#7 /home/obed/Bureau/my-api-project/vendor/laravel/framework/src/Illuminate/Database/Eloquent/Builder.php(869): Illuminate\\Database\\Eloquent\\Builder->getModels()
#8 /home/obed/Bureau/my-api-project/vendor/laravel/framework/src/Illuminate/Database/Eloquent/Relations/Relation.php(212): Illuminate\\Database\\Eloquent\\Builder->get()
#9 /home/obed/Bureau/my-api-project/vendor/laravel/framework/src/Illuminate/Database/Eloquent/Relations/Relation.php(175): Illuminate\\Database\\Eloquent\\Relations\\Relation->get()
#10 /home/obed/Bureau/my-api-project/vendor/laravel/framework/src/Illuminate/Database/Eloquent/Builder.php(935): Illuminate\\Database\\Eloquent\\Relations\\Relation->getEager()
#11 /home/obed/Bureau/my-api-project/vendor/laravel/framework/src/Illuminate/Database/Eloquent/Builder.php(904): Illuminate\\Database\\Eloquent\\Builder->eagerLoadRelation()
#12 /home/obed/Bureau/my-api-project/vendor/laravel/framework/src/Illuminate/Database/Eloquent/Builder.php(870): Illuminate\\Database\\Eloquent\\Builder->eagerLoadRelations()
#13 /home/obed/Bureau/my-api-project/vendor/laravel/framework/src/Illuminate/Database/Eloquent/Relations/Relation.php(212): Illuminate\\Database\\Eloquent\\Builder->get()
#14 /home/obed/Bureau/my-api-project/vendor/laravel/framework/src/Illuminate/Database/Eloquent/Relations/Relation.php(175): Illuminate\\Database\\Eloquent\\Relations\\Relation->get()
#15 /home/obed/Bureau/my-api-project/vendor/laravel/framework/src/Illuminate/Database/Eloquent/Builder.php(935): Illuminate\\Database\\Eloquent\\Relations\\Relation->getEager()
#16 /home/obed/Bureau/my-api-project/vendor/laravel/framework/src/Illuminate/Database/Eloquent/Builder.php(904): Illuminate\\Database\\Eloquent\\Builder->eagerLoadRelation()
#17 /home/obed/Bureau/my-api-project/vendor/laravel/framework/src/Illuminate/Database/Eloquent/Builder.php(870): Illuminate\\Database\\Eloquent\\Builder->eagerLoadRelations()
#18 /home/obed/Bureau/my-api-project/vendor/laravel/framework/src/Illuminate/Database/Concerns/BuildsQueries.php(366): Illuminate\\Database\\Eloquent\\Builder->get()
#19 /home/obed/Bureau/my-api-project/app/Http/Controllers/SpecialiteController.php(64): Illuminate\\Database\\Eloquent\\Builder->first()
#20 /home/obed/Bureau/my-api-project/vendor/laravel/framework/src/Illuminate/Routing/ControllerDispatcher.php(46): App\\Http\\Controllers\\SpecialiteController->getSpecialistInfo()
#21 /home/obed/Bureau/my-api-project/vendor/laravel/framework/src/Illuminate/Routing/Route.php(265): Illuminate\\Routing\\ControllerDispatcher->dispatch()
#22 /home/obed/Bureau/my-api-project/vendor/laravel/framework/src/Illuminate/Routing/Route.php(211): Illuminate\\Routing\\Route->runController()
#23 /home/obed/Bureau/my-api-project/vendor/laravel/framework/src/Illuminate/Routing/Router.php(822): Illuminate\\Routing\\Route->run()
#24 /home/obed/Bureau/my-api-project/vendor/laravel/framework/src/Illuminate/Pipeline/Pipeline.php(180): Illuminate\\Routing\\Router->Illuminate\\Routing\\{closure}()
#25 /home/obed/Bureau/my-api-project/vendor/laravel/framework/src/Illuminate/Routing/Middleware/SubstituteBindings.php(50): Illuminate\\Pipeline\\Pipeline->Illuminate\\Pipeline\\{closure}()
#26 /home/obed/Bureau/my-api-project/vendor/laravel/framework/src/Illuminate/Pipeline/Pipeline.php(219): Illuminate\\Routing\\Middleware\\SubstituteBindings->handle()
#27 /home/obed/Bureau/my-api-project/vendor/laravel/sanctum/src/Http/Middleware/EnsureFrontendRequestsAreStateful.php(26): Illuminate\\Pipeline\\Pipeline->Illuminate\\Pipeline\\{closure}()
#28 /home/obed/Bureau/my-api-project/vendor/laravel/framework/src/Illuminate/Pipeline/Pipeline.php(180): Laravel\\Sanctum\\Http\\Middleware\\EnsureFrontendRequestsAreStateful->Laravel\\Sanctum\\Http\\Middleware\\{closure}()
#29 /home/obed/Bureau/my-api-project/vendor/laravel/framework/src/Illuminate/Pipeline/Pipeline.php(137): Illuminate\\Pipeline\\Pipeline->Illuminate\\Pipeline\\{closure}()
#30 /home/obed/Bureau/my-api-project/vendor/laravel/sanctum/src/Http/Middleware/EnsureFrontendRequestsAreStateful.php(25): Illuminate\\Pipeline\\Pipeline->then()
#31 /home/obed/Bureau/my-api-project/vendor/laravel/framework/src/Illuminate/Pipeline/Pipeline.php(219): Laravel\\Sanctum\\Http\\Middleware\\EnsureFrontendRequestsAreStateful->handle()
#32 /home/obed/Bureau/my-api-project/vendor/laravel/framework/src/Illuminate/Pipeline/Pipeline.php(137): Illuminate\\Pipeline\\Pipeline->Illuminate\\Pipeline\\{closure}()
#33 /home/obed/Bureau/my-api-project/vendor/laravel/framework/src/Illuminate/Routing/Router.php(821): Illuminate\\Pipeline\\Pipeline->then()
#34 /home/obed/Bureau/my-api-project/vendor/laravel/framework/src/Illuminate/Routing/Router.php(800): Illuminate\\Routing\\Router->runRouteWithinStack()
#35 /home/obed/Bureau/my-api-project/vendor/laravel/framework/src/Illuminate/Routing/Router.php(764): Illuminate\\Routing\\Router->runRoute()
#36 /home/obed/Bureau/my-api-project/vendor/laravel/framework/src/Illuminate/Routing/Router.php(753): Illuminate\\Routing\\Router->dispatchToRoute()
#37 /home/obed/Bureau/my-api-project/vendor/laravel/framework/src/Illuminate/Foundation/Http/Kernel.php(200): Illuminate\\Routing\\Router->dispatch()
#38 /home/obed/Bureau/my-api-project/vendor/laravel/framework/src/Illuminate/Pipeline/Pipeline.php(180): Illuminate\\Foundation\\Http\\Kernel->Illuminate\\Foundation\\Http\\{closure}()
#39 /home/obed/Bureau/my-api-project/vendor/laravel/framework/src/Illuminate/Foundation/Http/Middleware/TransformsRequest.php(21): Illuminate\\Pipeline\\Pipeline->Illuminate\\Pipeline\\{closure}()
#40 /home/obed/Bureau/my-api-project/vendor/laravel/framework/src/Illuminate/Foundation/Http/Middleware/ConvertEmptyStringsToNull.php(31): Illuminate\\Foundation\\Http\\Middleware\\TransformsRequest->handle()
#41 /home/obed/Bureau/my-api-project/vendor/laravel/framework/src/Illuminate/Pipeline/Pipeline.php(219): Illuminate\\Foundation\\Http\\Middleware\\ConvertEmptyStringsToNull->handle()
#42 /home/obed/Bureau/my-api-project/vendor/laravel/framework/src/Illuminate/Foundation/Http/Middleware/TransformsRequest.php(21): Illuminate\\Pipeline\\Pipeline->Illuminate\\Pipeline\\{closure}()
#43 /home/obed/Bureau/my-api-project/vendor/laravel/framework/src/Illuminate/Foundation/Http/Middleware/TrimStrings.php(51): Illuminate\\Foundation\\Http\\Middleware\\TransformsRequest->handle()
#44 /home/obed/Bureau/my-api-project/vendor/laravel/framework/src/Illuminate/Pipeline/Pipeline.php(219): Illuminate\\Foundation\\Http\\Middleware\\TrimStrings->handle()
#45 /home/obed/Bureau/my-api-project/vendor/laravel/framework/src/Illuminate/Http/Middleware/ValidatePostSize.php(27): Illuminate\\Pipeline\\Pipeline->Illuminate\\Pipeline\\{closure}()
#46 /home/obed/Bureau/my-api-project/vendor/laravel/framework/src/Illuminate/Pipeline/Pipeline.php(219): Illuminate\\Http\\Middleware\\ValidatePostSize->handle()
#47 /home/obed/Bureau/my-api-project/vendor/laravel/framework/src/Illuminate/Foundation/Http/Middleware/PreventRequestsDuringMaintenance.php(109): Illuminate\\Pipeline\\Pipeline->Illuminate\\Pipeline\\{closure}()
#48 /home/obed/Bureau/my-api-project/vendor/laravel/framework/src/Illuminate/Pipeline/Pipeline.php(219): Illuminate\\Foundation\\Http\\Middleware\\PreventRequestsDuringMaintenance->handle()
#49 /home/obed/Bureau/my-api-project/vendor/laravel/framework/src/Illuminate/Http/Middleware/HandleCors.php(61): Illuminate\\Pipeline\\Pipeline->Illuminate\\Pipeline\\{closure}()
#50 /home/obed/Bureau/my-api-project/vendor/laravel/framework/src/Illuminate/Pipeline/Pipeline.php(219): Illuminate\\Http\\Middleware\\HandleCors->handle()
#51 /home/obed/Bureau/my-api-project/vendor/laravel/framework/src/Illuminate/Http/Middleware/TrustProxies.php(58): Illuminate\\Pipeline\\Pipeline->Illuminate\\Pipeline\\{closure}()
#52 /home/obed/Bureau/my-api-project/vendor/laravel/framework/src/Illuminate/Pipeline/Pipeline.php(219): Illuminate\\Http\\Middleware\\TrustProxies->handle()
#53 /home/obed/Bureau/my-api-project/vendor/laravel/framework/src/Illuminate/Foundation/Http/Middleware/InvokeDeferredCallbacks.php(22): Illuminate\\Pipeline\\Pipeline->Illuminate\\Pipeline\\{closure}()
#54 /home/obed/Bureau/my-api-project/vendor/laravel/framework/src/Illuminate/Pipeline/Pipeline.php(219): Illuminate\\Foundation\\Http\\Middleware\\InvokeDeferredCallbacks->handle()
#55 /home/obed/Bureau/my-api-project/vendor/laravel/framework/src/Illuminate/Http/Middleware/ValidatePathEncoding.php(26): Illuminate\\Pipeline\\Pipeline->Illuminate\\Pipeline\\{closure}()
#56 /home/obed/Bureau/my-api-project/vendor/laravel/framework/src/Illuminate/Pipeline/Pipeline.php(219): Illuminate\\Http\\Middleware\\ValidatePathEncoding->handle()
#57 /home/obed/Bureau/my-api-project/vendor/laravel/framework/src/Illuminate/Pipeline/Pipeline.php(137): Illuminate\\Pipeline\\Pipeline->Illuminate\\Pipeline\\{closure}()
#58 /home/obed/Bureau/my-api-project/vendor/laravel/framework/src/Illuminate/Foundation/Http/Kernel.php(175): Illuminate\\Pipeline\\Pipeline->then()
#59 /home/obed/Bureau/my-api-project/vendor/laravel/framework/src/Illuminate/Foundation/Http/Kernel.php(144): Illuminate\\Foundation\\Http\\Kernel->sendRequestThroughRouter()
#60 /home/obed/Bureau/my-api-project/vendor/laravel/framework/src/Illuminate/Foundation/Application.php(1219): Illuminate\\Foundation\\Http\\Kernel->handle()
#61 /home/obed/Bureau/my-api-project/public/index.php(20): Illuminate\\Foundation\\Application->handleRequest()
#62 /home/obed/Bureau/my-api-project/vendor/laravel/framework/src/Illuminate/Foundation/resources/server.php(23): require_once('...')
#63 {main}

[previous exception] [object] (PDOException(code: 42S22): SQLSTATE[42S22]: Column not found: 1054 Unknown column 'langues.langue_specialite_id' in 'where clause' at /home/obed/Bureau/my-api-project/vendor/laravel/framework/src/Illuminate/Database/Connection.php:406)
[stacktrace]
#0 /home/obed/Bureau/my-api-project/vendor/laravel/framework/src/Illuminate/Database/Connection.php(406): PDO->prepare()
#1 /home/obed/Bureau/my-api-project/vendor/laravel/framework/src/Illuminate/Database/Connection.php(811): Illuminate\\Database\\Connection->Illuminate\\Database\\{closure}()
#2 /home/obed/Bureau/my-api-project/vendor/laravel/framework/src/Illuminate/Database/Connection.php(778): Illuminate\\Database\\Connection->runQueryCallback()
#3 /home/obed/Bureau/my-api-project/vendor/laravel/framework/src/Illuminate/Database/Connection.php(397): Illuminate\\Database\\Connection->run()
#4 /home/obed/Bureau/my-api-project/vendor/laravel/framework/src/Illuminate/Database/Query/Builder.php(3188): Illuminate\\Database\\Connection->select()
#5 /home/obed/Bureau/my-api-project/vendor/laravel/framework/src/Illuminate/Database/Query/Builder.php(3173): Illuminate\\Database\\Query\\Builder->runSelect()
#6 /home/obed/Bureau/my-api-project/vendor/laravel/framework/src/Illuminate/Database/Query/Builder.php(3763): Illuminate\\Database\\Query\\Builder->Illuminate\\Database\\Query\\{closure}()
#7 /home/obed/Bureau/my-api-project/vendor/laravel/framework/src/Illuminate/Database/Query/Builder.php(3172): Illuminate\\Database\\Query\\Builder->onceWithColumns()
#8 /home/obed/Bureau/my-api-project/vendor/laravel/framework/src/Illuminate/Database/Eloquent/Builder.php(887): Illuminate\\Database\\Query\\Builder->get()
#9 /home/obed/Bureau/my-api-project/vendor/laravel/framework/src/Illuminate/Database/Eloquent/Builder.php(869): Illuminate\\Database\\Eloquent\\Builder->getModels()
#10 /home/obed/Bureau/my-api-project/vendor/laravel/framework/src/Illuminate/Database/Eloquent/Relations/Relation.php(212): Illuminate\\Database\\Eloquent\\Builder->get()
#11 /home/obed/Bureau/my-api-project/vendor/laravel/framework/src/Illuminate/Database/Eloquent/Relations/Relation.php(175): Illuminate\\Database\\Eloquent\\Relations\\Relation->get()
#12 /home/obed/Bureau/my-api-project/vendor/laravel/framework/src/Illuminate/Database/Eloquent/Builder.php(935): Illuminate\\Database\\Eloquent\\Relations\\Relation->getEager()
#13 /home/obed/Bureau/my-api-project/vendor/laravel/framework/src/Illuminate/Database/Eloquent/Builder.php(904): Illuminate\\Database\\Eloquent\\Builder->eagerLoadRelation()
#14 /home/obed/Bureau/my-api-project/vendor/laravel/framework/src/Illuminate/Database/Eloquent/Builder.php(870): Illuminate\\Database\\Eloquent\\Builder->eagerLoadRelations()
#15 /home/obed/Bureau/my-api-project/vendor/laravel/framework/src/Illuminate/Database/Eloquent/Relations/Relation.php(212): Illuminate\\Database\\Eloquent\\Builder->get()
#16 /home/obed/Bureau/my-api-project/vendor/laravel/framework/src/Illuminate/Database/Eloquent/Relations/Relation.php(175): Illuminate\\Database\\Eloquent\\Relations\\Relation->get()
#17 /home/obed/Bureau/my-api-project/vendor/laravel/framework/src/Illuminate/Database/Eloquent/Builder.php(935): Illuminate\\Database\\Eloquent\\Relations\\Relation->getEager()
#18 /home/obed/Bureau/my-api-project/vendor/laravel/framework/src/Illuminate/Database/Eloquent/Builder.php(904): Illuminate\\Database\\Eloquent\\Builder->eagerLoadRelation()
#19 /home/obed/Bureau/my-api-project/vendor/laravel/framework/src/Illuminate/Database/Eloquent/Builder.php(870): Illuminate\\Database\\Eloquent\\Builder->eagerLoadRelations()
#20 /home/obed/Bureau/my-api-project/vendor/laravel/framework/src/Illuminate/Database/Concerns/BuildsQueries.php(366): Illuminate\\Database\\Eloquent\\Builder->get()
#21 /home/obed/Bureau/my-api-project/app/Http/Controllers/SpecialiteController.php(64): Illuminate\\Database\\Eloquent\\Builder->first()
#22 /home/obed/Bureau/my-api-project/vendor/laravel/framework/src/Illuminate/Routing/ControllerDispatcher.php(46): App\\Http\\Controllers\\SpecialiteController->getSpecialistInfo()
#23 /home/obed/Bureau/my-api-project/vendor/laravel/framework/src/Illuminate/Routing/Route.php(265): Illuminate\\Routing\\ControllerDispatcher->dispatch()
#24 /home/obed/Bureau/my-api-project/vendor/laravel/framework/src/Illuminate/Routing/Route.php(211): Illuminate\\Routing\\Route->runController()
#25 /home/obed/Bureau/my-api-project/vendor/laravel/framework/src/Illuminate/Routing/Router.php(822): Illuminate\\Routing\\Route->run()
#26 /home/obed/Bureau/my-api-project/vendor/laravel/framework/src/Illuminate/Pipeline/Pipeline.php(180): Illuminate\\Routing\\Router->Illuminate\\Routing\\{closure}()
#27 /home/obed/Bureau/my-api-project/vendor/laravel/framework/src/Illuminate/Routing/Middleware/SubstituteBindings.php(50): Illuminate\\Pipeline\\Pipeline->Illuminate\\Pipeline\\{closure}()
#28 /home/obed/Bureau/my-api-project/vendor/laravel/framework/src/Illuminate/Pipeline/Pipeline.php(219): Illuminate\\Routing\\Middleware\\SubstituteBindings->handle()
#29 /home/obed/Bureau/my-api-project/vendor/laravel/sanctum/src/Http/Middleware/EnsureFrontendRequestsAreStateful.php(26): Illuminate\\Pipeline\\Pipeline->Illuminate\\Pipeline\\{closure}()
#30 /home/obed/Bureau/my-api-project/vendor/laravel/framework/src/Illuminate/Pipeline/Pipeline.php(180): Laravel\\Sanctum\\Http\\Middleware\\EnsureFrontendRequestsAreStateful->Laravel\\Sanctum\\Http\\Middleware\\{closure}()
#31 /home/obed/Bureau/my-api-project/vendor/laravel/framework/src/Illuminate/Pipeline/Pipeline.php(137): Illuminate\\Pipeline\\Pipeline->Illuminate\\Pipeline\\{closure}()
#32 /home/obed/Bureau/my-api-project/vendor/laravel/sanctum/src/Http/Middleware/EnsureFrontendRequestsAreStateful.php(25): Illuminate\\Pipeline\\Pipeline->then()
#33 /home/obed/Bureau/my-api-project/vendor/laravel/framework/src/Illuminate/Pipeline/Pipeline.php(219): Laravel\\Sanctum\\Http\\Middleware\\EnsureFrontendRequestsAreStateful->handle()
#34 /home/obed/Bureau/my-api-project/vendor/laravel/framework/src/Illuminate/Pipeline/Pipeline.php(137): Illuminate\\Pipeline\\Pipeline->Illuminate\\Pipeline\\{closure}()
#35 /home/obed/Bureau/my-api-project/vendor/laravel/framework/src/Illuminate/Routing/Router.php(821): Illuminate\\Pipeline\\Pipeline->then()
#36 /home/obed/Bureau/my-api-project/vendor/laravel/framework/src/Illuminate/Routing/Router.php(800): Illuminate\\Routing\\Router->runRouteWithinStack()
#37 /home/obed/Bureau/my-api-project/vendor/laravel/framework/src/Illuminate/Routing/Router.php(764): Illuminate\\Routing\\Router->runRoute()
#38 /home/obed/Bureau/my-api-project/vendor/laravel/framework/src/Illuminate/Routing/Router.php(753): Illuminate\\Routing\\Router->dispatchToRoute()
#39 /home/obed/Bureau/my-api-project/vendor/laravel/framework/src/Illuminate/Foundation/Http/Kernel.php(200): Illuminate\\Routing\\Router->dispatch()
#40 /home/obed/Bureau/my-api-project/vendor/laravel/framework/src/Illuminate/Pipeline/Pipeline.php(180): Illuminate\\Foundation\\Http\\Kernel->Illuminate\\Foundation\\Http\\{closure}()
#41 /home/obed/Bureau/my-api-project/vendor/laravel/framework/src/Illuminate/Foundation/Http/Middleware/TransformsRequest.php(21): Illuminate\\Pipeline\\Pipeline->Illuminate\\Pipeline\\{closure}()
#42 /home/obed/Bureau/my-api-project/vendor/laravel/framework/src/Illuminate/Foundation/Http/Middleware/ConvertEmptyStringsToNull.php(31): Illuminate\\Foundation\\Http\\Middleware\\TransformsRequest->handle()
#43 /home/obed/Bureau/my-api-project/vendor/laravel/framework/src/Illuminate/Pipeline/Pipeline.php(219): Illuminate\\Foundation\\Http\\Middleware\\ConvertEmptyStringsToNull->handle()
#44 /home/obed/Bureau/my-api-project/vendor/laravel/framework/src/Illuminate/Foundation/Http/Middleware/TransformsRequest.php(21): Illuminate\\Pipeline\\Pipeline->Illuminate\\Pipeline\\{closure}()
#45 /home/obed/Bureau/my-api-project/vendor/laravel/framework/src/Illuminate/Foundation/Http/Middleware/TrimStrings.php(51): Illuminate\\Foundation\\Http\\Middleware\\TransformsRequest->handle()
#46 /home/obed/Bureau/my-api-project/vendor/laravel/framework/src/Illuminate/Pipeline/Pipeline.php(219): Illuminate\\Foundation\\Http\\Middleware\\TrimStrings->handle()
#47 /home/obed/Bureau/my-api-project/vendor/laravel/framework/src/Illuminate/Http/Middleware/ValidatePostSize.php(27): Illuminate\\Pipeline\\Pipeline->Illuminate\\Pipeline\\{closure}()
#48 /home/obed/Bureau/my-api-project/vendor/laravel/framework/src/Illuminate/Pipeline/Pipeline.php(219): Illuminate\\Http\\Middleware\\ValidatePostSize->handle()
#49 /home/obed/Bureau/my-api-project/vendor/laravel/framework/src/Illuminate/Foundation/Http/Middleware/PreventRequestsDuringMaintenance.php(109): Illuminate\\Pipeline\\Pipeline->Illuminate\\Pipeline\\{closure}()
#50 /home/obed/Bureau/my-api-project/vendor/laravel/framework/src/Illuminate/Pipeline/Pipeline.php(219): Illuminate\\Foundation\\Http\\Middleware\\PreventRequestsDuringMaintenance->handle()
#51 /home/obed/Bureau/my-api-project/vendor/laravel/framework/src/Illuminate/Http/Middleware/HandleCors.php(61): Illuminate\\Pipeline\\Pipeline->Illuminate\\Pipeline\\{closure}()
#52 /home/obed/Bureau/my-api-project/vendor/laravel/framework/src/Illuminate/Pipeline/Pipeline.php(219): Illuminate\\Http\\Middleware\\HandleCors->handle()
#53 /home/obed/Bureau/my-api-project/vendor/laravel/framework/src/Illuminate/Http/Middleware/TrustProxies.php(58): Illuminate\\Pipeline\\Pipeline->Illuminate\\Pipeline\\{closure}()
#54 /home/obed/Bureau/my-api-project/vendor/laravel/framework/src/Illuminate/Pipeline/Pipeline.php(219): Illuminate\\Http\\Middleware\\TrustProxies->handle()
#55 /home/obed/Bureau/my-api-project/vendor/laravel/framework/src/Illuminate/Foundation/Http/Middleware/InvokeDeferredCallbacks.php(22): Illuminate\\Pipeline\\Pipeline->Illuminate\\Pipeline\\{closure}()
#56 /home/obed/Bureau/my-api-project/vendor/laravel/framework/src/Illuminate/Pipeline/Pipeline.php(219): Illuminate\\Foundation\\Http\\Middleware\\InvokeDeferredCallbacks->handle()
#57 /home/obed/Bureau/my-api-project/vendor/laravel/framework/src/Illuminate/Http/Middleware/ValidatePathEncoding.php(26): Illuminate\\Pipeline\\Pipeline->Illuminate\\Pipeline\\{closure}()
#58 /home/obed/Bureau/my-api-project/vendor/laravel/framework/src/Illuminate/Pipeline/Pipeline.php(219): Illuminate\\Http\\Middleware\\ValidatePathEncoding->handle()
#59 /home/obed/Bureau/my-api-project/vendor/laravel/framework/src/Illuminate/Pipeline/Pipeline.php(137): Illuminate\\Pipeline\\Pipeline->Illuminate\\Pipeline\\{closure}()
#60 /home/obed/Bureau/my-api-project/vendor/laravel/framework/src/Illuminate/Foundation/Http/Kernel.php(175): Illuminate\\Pipeline\\Pipeline->then()
#61 /home/obed/Bureau/my-api-project/vendor/laravel/framework/src/Illuminate/Foundation/Http/Kernel.php(144): Illuminate\\Foundation\\Http\\Kernel->sendRequestThroughRouter()
#62 /home/obed/Bureau/my-api-project/vendor/laravel/framework/src/Illuminate/Foundation/Application.php(1219): Illuminate\\Foundation\\Http\\Kernel->handle()
#63 /home/obed/Bureau/my-api-project/public/index.php(20): Illuminate\\Foundation\\Application->handleRequest()
#64 /home/obed/Bureau/my-api-project/vendor/laravel/framework/src/Illuminate/Foundation/resources/server.php(23): require_once('...')
#65 {main}
"} 
[2025-08-28 16:39:51] local.ERROR: SQLSTATE[42S22]: Column not found: 1054 Unknown column 'langues.langue_specialite_id' in 'where clause' (Connection: mysql, SQL: select * from `langues` where `langues`.`langue_specialite_id` in (3, 4, 5) and `langues`.`deleted_at` is null) {"exception":"[object] (Illuminate\\Database\\QueryException(code: 42S22): SQLSTATE[42S22]: Column not found: 1054 Unknown column 'langues.langue_specialite_id' in 'where clause' (Connection: mysql, SQL: select * from `langues` where `langues`.`langue_specialite_id` in (3, 4, 5) and `langues`.`deleted_at` is null) at /home/obed/Bureau/my-api-project/vendor/laravel/framework/src/Illuminate/Database/Connection.php:824)
[stacktrace]
#0 /home/obed/Bureau/my-api-project/vendor/laravel/framework/src/Illuminate/Database/Connection.php(778): Illuminate\\Database\\Connection->runQueryCallback()
#1 /home/obed/Bureau/my-api-project/vendor/laravel/framework/src/Illuminate/Database/Connection.php(397): Illuminate\\Database\\Connection->run()
#2 /home/obed/Bureau/my-api-project/vendor/laravel/framework/src/Illuminate/Database/Query/Builder.php(3188): Illuminate\\Database\\Connection->select()
#3 /home/obed/Bureau/my-api-project/vendor/laravel/framework/src/Illuminate/Database/Query/Builder.php(3173): Illuminate\\Database\\Query\\Builder->runSelect()
#4 /home/obed/Bureau/my-api-project/vendor/laravel/framework/src/Illuminate/Database/Query/Builder.php(3763): Illuminate\\Database\\Query\\Builder->Illuminate\\Database\\Query\\{closure}()
#5 /home/obed/Bureau/my-api-project/vendor/laravel/framework/src/Illuminate/Database/Query/Builder.php(3172): Illuminate\\Database\\Query\\Builder->onceWithColumns()
#6 /home/obed/Bureau/my-api-project/vendor/laravel/framework/src/Illuminate/Database/Eloquent/Builder.php(887): Illuminate\\Database\\Query\\Builder->get()
#7 /home/obed/Bureau/my-api-project/vendor/laravel/framework/src/Illuminate/Database/Eloquent/Builder.php(869): Illuminate\\Database\\Eloquent\\Builder->getModels()
#8 /home/obed/Bureau/my-api-project/vendor/laravel/framework/src/Illuminate/Database/Eloquent/Relations/Relation.php(212): Illuminate\\Database\\Eloquent\\Builder->get()
#9 /home/obed/Bureau/my-api-project/vendor/laravel/framework/src/Illuminate/Database/Eloquent/Relations/Relation.php(175): Illuminate\\Database\\Eloquent\\Relations\\Relation->get()
#10 /home/obed/Bureau/my-api-project/vendor/laravel/framework/src/Illuminate/Database/Eloquent/Builder.php(935): Illuminate\\Database\\Eloquent\\Relations\\Relation->getEager()
#11 /home/obed/Bureau/my-api-project/vendor/laravel/framework/src/Illuminate/Database/Eloquent/Builder.php(904): Illuminate\\Database\\Eloquent\\Builder->eagerLoadRelation()
#12 /home/obed/Bureau/my-api-project/vendor/laravel/framework/src/Illuminate/Database/Eloquent/Builder.php(870): Illuminate\\Database\\Eloquent\\Builder->eagerLoadRelations()
#13 /home/obed/Bureau/my-api-project/vendor/laravel/framework/src/Illuminate/Database/Eloquent/Relations/Relation.php(212): Illuminate\\Database\\Eloquent\\Builder->get()
#14 /home/obed/Bureau/my-api-project/vendor/laravel/framework/src/Illuminate/Database/Eloquent/Relations/Relation.php(175): Illuminate\\Database\\Eloquent\\Relations\\Relation->get()
#15 /home/obed/Bureau/my-api-project/vendor/laravel/framework/src/Illuminate/Database/Eloquent/Builder.php(935): Illuminate\\Database\\Eloquent\\Relations\\Relation->getEager()
#16 /home/obed/Bureau/my-api-project/vendor/laravel/framework/src/Illuminate/Database/Eloquent/Builder.php(904): Illuminate\\Database\\Eloquent\\Builder->eagerLoadRelation()
#17 /home/obed/Bureau/my-api-project/vendor/laravel/framework/src/Illuminate/Database/Eloquent/Builder.php(870): Illuminate\\Database\\Eloquent\\Builder->eagerLoadRelations()
#18 /home/obed/Bureau/my-api-project/vendor/laravel/framework/src/Illuminate/Database/Concerns/BuildsQueries.php(366): Illuminate\\Database\\Eloquent\\Builder->get()
#19 /home/obed/Bureau/my-api-project/app/Http/Controllers/SpecialiteController.php(64): Illuminate\\Database\\Eloquent\\Builder->first()
#20 /home/obed/Bureau/my-api-project/vendor/laravel/framework/src/Illuminate/Routing/ControllerDispatcher.php(46): App\\Http\\Controllers\\SpecialiteController->getSpecialistInfo()
#21 /home/obed/Bureau/my-api-project/vendor/laravel/framework/src/Illuminate/Routing/Route.php(265): Illuminate\\Routing\\ControllerDispatcher->dispatch()
#22 /home/obed/Bureau/my-api-project/vendor/laravel/framework/src/Illuminate/Routing/Route.php(211): Illuminate\\Routing\\Route->runController()
#23 /home/obed/Bureau/my-api-project/vendor/laravel/framework/src/Illuminate/Routing/Router.php(822): Illuminate\\Routing\\Route->run()
#24 /home/obed/Bureau/my-api-project/vendor/laravel/framework/src/Illuminate/Pipeline/Pipeline.php(180): Illuminate\\Routing\\Router->Illuminate\\Routing\\{closure}()
#25 /home/obed/Bureau/my-api-project/vendor/laravel/framework/src/Illuminate/Routing/Middleware/SubstituteBindings.php(50): Illuminate\\Pipeline\\Pipeline->Illuminate\\Pipeline\\{closure}()
#26 /home/obed/Bureau/my-api-project/vendor/laravel/framework/src/Illuminate/Pipeline/Pipeline.php(219): Illuminate\\Routing\\Middleware\\SubstituteBindings->handle()
#27 /home/obed/Bureau/my-api-project/vendor/laravel/sanctum/src/Http/Middleware/EnsureFrontendRequestsAreStateful.php(26): Illuminate\\Pipeline\\Pipeline->Illuminate\\Pipeline\\{closure}()
#28 /home/obed/Bureau/my-api-project/vendor/laravel/framework/src/Illuminate/Pipeline/Pipeline.php(180): Laravel\\Sanctum\\Http\\Middleware\\EnsureFrontendRequestsAreStateful->Laravel\\Sanctum\\Http\\Middleware\\{closure}()
#29 /home/obed/Bureau/my-api-project/vendor/laravel/framework/src/Illuminate/Pipeline/Pipeline.php(137): Illuminate\\Pipeline\\Pipeline->Illuminate\\Pipeline\\{closure}()
#30 /home/obed/Bureau/my-api-project/vendor/laravel/sanctum/src/Http/Middleware/EnsureFrontendRequestsAreStateful.php(25): Illuminate\\Pipeline\\Pipeline->then()
#31 /home/obed/Bureau/my-api-project/vendor/laravel/framework/src/Illuminate/Pipeline/Pipeline.php(219): Laravel\\Sanctum\\Http\\Middleware\\EnsureFrontendRequestsAreStateful->handle()
#32 /home/obed/Bureau/my-api-project/vendor/laravel/framework/src/Illuminate/Pipeline/Pipeline.php(137): Illuminate\\Pipeline\\Pipeline->Illuminate\\Pipeline\\{closure}()
#33 /home/obed/Bureau/my-api-project/vendor/laravel/framework/src/Illuminate/Routing/Router.php(821): Illuminate\\Pipeline\\Pipeline->then()
#34 /home/obed/Bureau/my-api-project/vendor/laravel/framework/src/Illuminate/Routing/Router.php(800): Illuminate\\Routing\\Router->runRouteWithinStack()
#35 /home/obed/Bureau/my-api-project/vendor/laravel/framework/src/Illuminate/Routing/Router.php(764): Illuminate\\Routing\\Router->runRoute()
#36 /home/obed/Bureau/my-api-project/vendor/laravel/framework/src/Illuminate/Routing/Router.php(753): Illuminate\\Routing\\Router->dispatchToRoute()
#37 /home/obed/Bureau/my-api-project/vendor/laravel/framework/src/Illuminate/Foundation/Http/Kernel.php(200): Illuminate\\Routing\\Router->dispatch()
#38 /home/obed/Bureau/my-api-project/vendor/laravel/framework/src/Illuminate/Pipeline/Pipeline.php(180): Illuminate\\Foundation\\Http\\Kernel->Illuminate\\Foundation\\Http\\{closure}()
#39 /home/obed/Bureau/my-api-project/vendor/laravel/framework/src/Illuminate/Foundation/Http/Middleware/TransformsRequest.php(21): Illuminate\\Pipeline\\Pipeline->Illuminate\\Pipeline\\{closure}()
#40 /home/obed/Bureau/my-api-project/vendor/laravel/framework/src/Illuminate/Foundation/Http/Middleware/ConvertEmptyStringsToNull.php(31): Illuminate\\Foundation\\Http\\Middleware\\TransformsRequest->handle()
#41 /home/obed/Bureau/my-api-project/vendor/laravel/framework/src/Illuminate/Pipeline/Pipeline.php(219): Illuminate\\Foundation\\Http\\Middleware\\ConvertEmptyStringsToNull->handle()
#42 /home/obed/Bureau/my-api-project/vendor/laravel/framework/src/Illuminate/Foundation/Http/Middleware/TransformsRequest.php(21): Illuminate\\Pipeline\\Pipeline->Illuminate\\Pipeline\\{closure}()
#43 /home/obed/Bureau/my-api-project/vendor/laravel/framework/src/Illuminate/Foundation/Http/Middleware/TrimStrings.php(51): Illuminate\\Foundation\\Http\\Middleware\\TransformsRequest->handle()
#44 /home/obed/Bureau/my-api-project/vendor/laravel/framework/src/Illuminate/Pipeline/Pipeline.php(219): Illuminate\\Foundation\\Http\\Middleware\\TrimStrings->handle()
#45 /home/obed/Bureau/my-api-project/vendor/laravel/framework/src/Illuminate/Http/Middleware/ValidatePostSize.php(27): Illuminate\\Pipeline\\Pipeline->Illuminate\\Pipeline\\{closure}()
#46 /home/obed/Bureau/my-api-project/vendor/laravel/framework/src/Illuminate/Pipeline/Pipeline.php(219): Illuminate\\Http\\Middleware\\ValidatePostSize->handle()
#47 /home/obed/Bureau/my-api-project/vendor/laravel/framework/src/Illuminate/Foundation/Http/Middleware/PreventRequestsDuringMaintenance.php(109): Illuminate\\Pipeline\\Pipeline->Illuminate\\Pipeline\\{closure}()
#48 /home/obed/Bureau/my-api-project/vendor/laravel/framework/src/Illuminate/Pipeline/Pipeline.php(219): Illuminate\\Foundation\\Http\\Middleware\\PreventRequestsDuringMaintenance->handle()
#49 /home/obed/Bureau/my-api-project/vendor/laravel/framework/src/Illuminate/Http/Middleware/HandleCors.php(61): Illuminate\\Pipeline\\Pipeline->Illuminate\\Pipeline\\{closure}()
#50 /home/obed/Bureau/my-api-project/vendor/laravel/framework/src/Illuminate/Pipeline/Pipeline.php(219): Illuminate\\Http\\Middleware\\HandleCors->handle()
#51 /home/obed/Bureau/my-api-project/vendor/laravel/framework/src/Illuminate/Http/Middleware/TrustProxies.php(58): Illuminate\\Pipeline\\Pipeline->Illuminate\\Pipeline\\{closure}()
#52 /home/obed/Bureau/my-api-project/vendor/laravel/framework/src/Illuminate/Pipeline/Pipeline.php(219): Illuminate\\Http\\Middleware\\TrustProxies->handle()
#53 /home/obed/Bureau/my-api-project/vendor/laravel/framework/src/Illuminate/Foundation/Http/Middleware/InvokeDeferredCallbacks.php(22): Illuminate\\Pipeline\\Pipeline->Illuminate\\Pipeline\\{closure}()
#54 /home/obed/Bureau/my-api-project/vendor/laravel/framework/src/Illuminate/Pipeline/Pipeline.php(219): Illuminate\\Foundation\\Http\\Middleware\\InvokeDeferredCallbacks->handle()
#55 /home/obed/Bureau/my-api-project/vendor/laravel/framework/src/Illuminate/Http/Middleware/ValidatePathEncoding.php(26): Illuminate\\Pipeline\\Pipeline->Illuminate\\Pipeline\\{closure}()
#56 /home/obed/Bureau/my-api-project/vendor/laravel/framework/src/Illuminate/Pipeline/Pipeline.php(219): Illuminate\\Http\\Middleware\\ValidatePathEncoding->handle()
#57 /home/obed/Bureau/my-api-project/vendor/laravel/framework/src/Illuminate/Pipeline/Pipeline.php(137): Illuminate\\Pipeline\\Pipeline->Illuminate\\Pipeline\\{closure}()
#58 /home/obed/Bureau/my-api-project/vendor/laravel/framework/src/Illuminate/Foundation/Http/Kernel.php(175): Illuminate\\Pipeline\\Pipeline->then()
#59 /home/obed/Bureau/my-api-project/vendor/laravel/framework/src/Illuminate/Foundation/Http/Kernel.php(144): Illuminate\\Foundation\\Http\\Kernel->sendRequestThroughRouter()
#60 /home/obed/Bureau/my-api-project/vendor/laravel/framework/src/Illuminate/Foundation/Application.php(1219): Illuminate\\Foundation\\Http\\Kernel->handle()
#61 /home/obed/Bureau/my-api-project/public/index.php(20): Illuminate\\Foundation\\Application->handleRequest()
#62 /home/obed/Bureau/my-api-project/vendor/laravel/framework/src/Illuminate/Foundation/resources/server.php(23): require_once('...')
#63 {main}

[previous exception] [object] (PDOException(code: 42S22): SQLSTATE[42S22]: Column not found: 1054 Unknown column 'langues.langue_specialite_id' in 'where clause' at /home/obed/Bureau/my-api-project/vendor/laravel/framework/src/Illuminate/Database/Connection.php:406)
[stacktrace]
#0 /home/obed/Bureau/my-api-project/vendor/laravel/framework/src/Illuminate/Database/Connection.php(406): PDO->prepare()
#1 /home/obed/Bureau/my-api-project/vendor/laravel/framework/src/Illuminate/Database/Connection.php(811): Illuminate\\Database\\Connection->Illuminate\\Database\\{closure}()
#2 /home/obed/Bureau/my-api-project/vendor/laravel/framework/src/Illuminate/Database/Connection.php(778): Illuminate\\Database\\Connection->runQueryCallback()
#3 /home/obed/Bureau/my-api-project/vendor/laravel/framework/src/Illuminate/Database/Connection.php(397): Illuminate\\Database\\Connection->run()
#4 /home/obed/Bureau/my-api-project/vendor/laravel/framework/src/Illuminate/Database/Query/Builder.php(3188): Illuminate\\Database\\Connection->select()
#5 /home/obed/Bureau/my-api-project/vendor/laravel/framework/src/Illuminate/Database/Query/Builder.php(3173): Illuminate\\Database\\Query\\Builder->runSelect()
#6 /home/obed/Bureau/my-api-project/vendor/laravel/framework/src/Illuminate/Database/Query/Builder.php(3763): Illuminate\\Database\\Query\\Builder->Illuminate\\Database\\Query\\{closure}()
#7 /home/obed/Bureau/my-api-project/vendor/laravel/framework/src/Illuminate/Database/Query/Builder.php(3172): Illuminate\\Database\\Query\\Builder->onceWithColumns()
#8 /home/obed/Bureau/my-api-project/vendor/laravel/framework/src/Illuminate/Database/Eloquent/Builder.php(887): Illuminate\\Database\\Query\\Builder->get()
#9 /home/obed/Bureau/my-api-project/vendor/laravel/framework/src/Illuminate/Database/Eloquent/Builder.php(869): Illuminate\\Database\\Eloquent\\Builder->getModels()
#10 /home/obed/Bureau/my-api-project/vendor/laravel/framework/src/Illuminate/Database/Eloquent/Relations/Relation.php(212): Illuminate\\Database\\Eloquent\\Builder->get()
#11 /home/obed/Bureau/my-api-project/vendor/laravel/framework/src/Illuminate/Database/Eloquent/Relations/Relation.php(175): Illuminate\\Database\\Eloquent\\Relations\\Relation->get()
#12 /home/obed/Bureau/my-api-project/vendor/laravel/framework/src/Illuminate/Database/Eloquent/Builder.php(935): Illuminate\\Database\\Eloquent\\Relations\\Relation->getEager()
#13 /home/obed/Bureau/my-api-project/vendor/laravel/framework/src/Illuminate/Database/Eloquent/Builder.php(904): Illuminate\\Database\\Eloquent\\Builder->eagerLoadRelation()
#14 /home/obed/Bureau/my-api-project/vendor/laravel/framework/src/Illuminate/Database/Eloquent/Builder.php(870): Illuminate\\Database\\Eloquent\\Builder->eagerLoadRelations()
#15 /home/obed/Bureau/my-api-project/vendor/laravel/framework/src/Illuminate/Database/Eloquent/Relations/Relation.php(212): Illuminate\\Database\\Eloquent\\Builder->get()
#16 /home/obed/Bureau/my-api-project/vendor/laravel/framework/src/Illuminate/Database/Eloquent/Relations/Relation.php(175): Illuminate\\Database\\Eloquent\\Relations\\Relation->get()
#17 /home/obed/Bureau/my-api-project/vendor/laravel/framework/src/Illuminate/Database/Eloquent/Builder.php(935): Illuminate\\Database\\Eloquent\\Relations\\Relation->getEager()
#18 /home/obed/Bureau/my-api-project/vendor/laravel/framework/src/Illuminate/Database/Eloquent/Builder.php(904): Illuminate\\Database\\Eloquent\\Builder->eagerLoadRelation()
#19 /home/obed/Bureau/my-api-project/vendor/laravel/framework/src/Illuminate/Database/Eloquent/Builder.php(870): Illuminate\\Database\\Eloquent\\Builder->eagerLoadRelations()
#20 /home/obed/Bureau/my-api-project/vendor/laravel/framework/src/Illuminate/Database/Concerns/BuildsQueries.php(366): Illuminate\\Database\\Eloquent\\Builder->get()
#21 /home/obed/Bureau/my-api-project/app/Http/Controllers/SpecialiteController.php(64): Illuminate\\Database\\Eloquent\\Builder->first()
#22 /home/obed/Bureau/my-api-project/vendor/laravel/framework/src/Illuminate/Routing/ControllerDispatcher.php(46): App\\Http\\Controllers\\SpecialiteController->getSpecialistInfo()
#23 /home/obed/Bureau/my-api-project/vendor/laravel/framework/src/Illuminate/Routing/Route.php(265): Illuminate\\Routing\\ControllerDispatcher->dispatch()
#24 /home/obed/Bureau/my-api-project/vendor/laravel/framework/src/Illuminate/Routing/Route.php(211): Illuminate\\Routing\\Route->runController()
#25 /home/obed/Bureau/my-api-project/vendor/laravel/framework/src/Illuminate/Routing/Router.php(822): Illuminate\\Routing\\Route->run()
#26 /home/obed/Bureau/my-api-project/vendor/laravel/framework/src/Illuminate/Pipeline/Pipeline.php(180): Illuminate\\Routing\\Router->Illuminate\\Routing\\{closure}()
#27 /home/obed/Bureau/my-api-project/vendor/laravel/framework/src/Illuminate/Routing/Middleware/SubstituteBindings.php(50): Illuminate\\Pipeline\\Pipeline->Illuminate\\Pipeline\\{closure}()
#28 /home/obed/Bureau/my-api-project/vendor/laravel/framework/src/Illuminate/Pipeline/Pipeline.php(219): Illuminate\\Routing\\Middleware\\SubstituteBindings->handle()
#29 /home/obed/Bureau/my-api-project/vendor/laravel/sanctum/src/Http/Middleware/EnsureFrontendRequestsAreStateful.php(26): Illuminate\\Pipeline\\Pipeline->Illuminate\\Pipeline\\{closure}()
#30 /home/obed/Bureau/my-api-project/vendor/laravel/framework/src/Illuminate/Pipeline/Pipeline.php(180): Laravel\\Sanctum\\Http\\Middleware\\EnsureFrontendRequestsAreStateful->Laravel\\Sanctum\\Http\\Middleware\\{closure}()
#31 /home/obed/Bureau/my-api-project/vendor/laravel/framework/src/Illuminate/Pipeline/Pipeline.php(137): Illuminate\\Pipeline\\Pipeline->Illuminate\\Pipeline\\{closure}()
#32 /home/obed/Bureau/my-api-project/vendor/laravel/sanctum/src/Http/Middleware/EnsureFrontendRequestsAreStateful.php(25): Illuminate\\Pipeline\\Pipeline->then()
#33 /home/obed/Bureau/my-api-project/vendor/laravel/framework/src/Illuminate/Pipeline/Pipeline.php(219): Laravel\\Sanctum\\Http\\Middleware\\EnsureFrontendRequestsAreStateful->handle()
#34 /home/obed/Bureau/my-api-project/vendor/laravel/framework/src/Illuminate/Pipeline/Pipeline.php(137): Illuminate\\Pipeline\\Pipeline->Illuminate\\Pipeline\\{closure}()
#35 /home/obed/Bureau/my-api-project/vendor/laravel/framework/src/Illuminate/Routing/Router.php(821): Illuminate\\Pipeline\\Pipeline->then()
#36 /home/obed/Bureau/my-api-project/vendor/laravel/framework/src/Illuminate/Routing/Router.php(800): Illuminate\\Routing\\Router->runRouteWithinStack()
#37 /home/obed/Bureau/my-api-project/vendor/laravel/framework/src/Illuminate/Routing/Router.php(764): Illuminate\\Routing\\Router->runRoute()
#38 /home/obed/Bureau/my-api-project/vendor/laravel/framework/src/Illuminate/Routing/Router.php(753): Illuminate\\Routing\\Router->dispatchToRoute()
#39 /home/obed/Bureau/my-api-project/vendor/laravel/framework/src/Illuminate/Foundation/Http/Kernel.php(200): Illuminate\\Routing\\Router->dispatch()
#40 /home/obed/Bureau/my-api-project/vendor/laravel/framework/src/Illuminate/Pipeline/Pipeline.php(180): Illuminate\\Foundation\\Http\\Kernel->Illuminate\\Foundation\\Http\\{closure}()
#41 /home/obed/Bureau/my-api-project/vendor/laravel/framework/src/Illuminate/Foundation/Http/Middleware/TransformsRequest.php(21): Illuminate\\Pipeline\\Pipeline->Illuminate\\Pipeline\\{closure}()
#42 /home/obed/Bureau/my-api-project/vendor/laravel/framework/src/Illuminate/Foundation/Http/Middleware/ConvertEmptyStringsToNull.php(31): Illuminate\\Foundation\\Http\\Middleware\\TransformsRequest->handle()
#43 /home/obed/Bureau/my-api-project/vendor/laravel/framework/src/Illuminate/Pipeline/Pipeline.php(219): Illuminate\\Foundation\\Http\\Middleware\\ConvertEmptyStringsToNull->handle()
#44 /home/obed/Bureau/my-api-project/vendor/laravel/framework/src/Illuminate/Foundation/Http/Middleware/TransformsRequest.php(21): Illuminate\\Pipeline\\Pipeline->Illuminate\\Pipeline\\{closure}()
#45 /home/obed/Bureau/my-api-project/vendor/laravel/framework/src/Illuminate/Foundation/Http/Middleware/TrimStrings.php(51): Illuminate\\Foundation\\Http\\Middleware\\TransformsRequest->handle()
#46 /home/obed/Bureau/my-api-project/vendor/laravel/framework/src/Illuminate/Pipeline/Pipeline.php(219): Illuminate\\Foundation\\Http\\Middleware\\TrimStrings->handle()
#47 /home/obed/Bureau/my-api-project/vendor/laravel/framework/src/Illuminate/Http/Middleware/ValidatePostSize.php(27): Illuminate\\Pipeline\\Pipeline->Illuminate\\Pipeline\\{closure}()
#48 /home/obed/Bureau/my-api-project/vendor/laravel/framework/src/Illuminate/Pipeline/Pipeline.php(219): Illuminate\\Http\\Middleware\\ValidatePostSize->handle()
#49 /home/obed/Bureau/my-api-project/vendor/laravel/framework/src/Illuminate/Foundation/Http/Middleware/PreventRequestsDuringMaintenance.php(109): Illuminate\\Pipeline\\Pipeline->Illuminate\\Pipeline\\{closure}()
#50 /home/obed/Bureau/my-api-project/vendor/laravel/framework/src/Illuminate/Pipeline/Pipeline.php(219): Illuminate\\Foundation\\Http\\Middleware\\PreventRequestsDuringMaintenance->handle()
#51 /home/obed/Bureau/my-api-project/vendor/laravel/framework/src/Illuminate/Http/Middleware/HandleCors.php(61): Illuminate\\Pipeline\\Pipeline->Illuminate\\Pipeline\\{closure}()
#52 /home/obed/Bureau/my-api-project/vendor/laravel/framework/src/Illuminate/Pipeline/Pipeline.php(219): Illuminate\\Http\\Middleware\\HandleCors->handle()
#53 /home/obed/Bureau/my-api-project/vendor/laravel/framework/src/Illuminate/Http/Middleware/TrustProxies.php(58): Illuminate\\Pipeline\\Pipeline->Illuminate\\Pipeline\\{closure}()
#54 /home/obed/Bureau/my-api-project/vendor/laravel/framework/src/Illuminate/Pipeline/Pipeline.php(219): Illuminate\\Http\\Middleware\\TrustProxies->handle()
#55 /home/obed/Bureau/my-api-project/vendor/laravel/framework/src/Illuminate/Foundation/Http/Middleware/InvokeDeferredCallbacks.php(22): Illuminate\\Pipeline\\Pipeline->Illuminate\\Pipeline\\{closure}()
#56 /home/obed/Bureau/my-api-project/vendor/laravel/framework/src/Illuminate/Pipeline/Pipeline.php(219): Illuminate\\Foundation\\Http\\Middleware\\InvokeDeferredCallbacks->handle()
#57 /home/obed/Bureau/my-api-project/vendor/laravel/framework/src/Illuminate/Http/Middleware/ValidatePathEncoding.php(26): Illuminate\\Pipeline\\Pipeline->Illuminate\\Pipeline\\{closure}()
#58 /home/obed/Bureau/my-api-project/vendor/laravel/framework/src/Illuminate/Pipeline/Pipeline.php(219): Illuminate\\Http\\Middleware\\ValidatePathEncoding->handle()
#59 /home/obed/Bureau/my-api-project/vendor/laravel/framework/src/Illuminate/Pipeline/Pipeline.php(137): Illuminate\\Pipeline\\Pipeline->Illuminate\\Pipeline\\{closure}()
#60 /home/obed/Bureau/my-api-project/vendor/laravel/framework/src/Illuminate/Foundation/Http/Kernel.php(175): Illuminate\\Pipeline\\Pipeline->then()
#61 /home/obed/Bureau/my-api-project/vendor/laravel/framework/src/Illuminate/Foundation/Http/Kernel.php(144): Illuminate\\Foundation\\Http\\Kernel->sendRequestThroughRouter()
#62 /home/obed/Bureau/my-api-project/vendor/laravel/framework/src/Illuminate/Foundation/Application.php(1219): Illuminate\\Foundation\\Http\\Kernel->handle()
#63 /home/obed/Bureau/my-api-project/public/index.php(20): Illuminate\\Foundation\\Application->handleRequest()
#64 /home/obed/Bureau/my-api-project/vendor/laravel/framework/src/Illuminate/Foundation/resources/server.php(23): require_once('...')
#65 {main}
"} 
[2025-08-28 17:18:37] local.ERROR: SQLSTATE[42S22]: Column not found: 1054 Unknown column 'langues.langue_specialite_id' in 'where clause' (Connection: mysql, SQL: select * from `langues` where `langues`.`langue_specialite_id` in (3, 4, 5) and `langues`.`deleted_at` is null) {"exception":"[object] (Illuminate\\Database\\QueryException(code: 42S22): SQLSTATE[42S22]: Column not found: 1054 Unknown column 'langues.langue_specialite_id' in 'where clause' (Connection: mysql, SQL: select * from `langues` where `langues`.`langue_specialite_id` in (3, 4, 5) and `langues`.`deleted_at` is null) at /home/obed/Bureau/my-api-project/vendor/laravel/framework/src/Illuminate/Database/Connection.php:824)
[stacktrace]
#0 /home/obed/Bureau/my-api-project/vendor/laravel/framework/src/Illuminate/Database/Connection.php(778): Illuminate\\Database\\Connection->runQueryCallback()
#1 /home/obed/Bureau/my-api-project/vendor/laravel/framework/src/Illuminate/Database/Connection.php(397): Illuminate\\Database\\Connection->run()
#2 /home/obed/Bureau/my-api-project/vendor/laravel/framework/src/Illuminate/Database/Query/Builder.php(3188): Illuminate\\Database\\Connection->select()
#3 /home/obed/Bureau/my-api-project/vendor/laravel/framework/src/Illuminate/Database/Query/Builder.php(3173): Illuminate\\Database\\Query\\Builder->runSelect()
#4 /home/obed/Bureau/my-api-project/vendor/laravel/framework/src/Illuminate/Database/Query/Builder.php(3763): Illuminate\\Database\\Query\\Builder->Illuminate\\Database\\Query\\{closure}()
#5 /home/obed/Bureau/my-api-project/vendor/laravel/framework/src/Illuminate/Database/Query/Builder.php(3172): Illuminate\\Database\\Query\\Builder->onceWithColumns()
#6 /home/obed/Bureau/my-api-project/vendor/laravel/framework/src/Illuminate/Database/Eloquent/Builder.php(887): Illuminate\\Database\\Query\\Builder->get()
#7 /home/obed/Bureau/my-api-project/vendor/laravel/framework/src/Illuminate/Database/Eloquent/Builder.php(869): Illuminate\\Database\\Eloquent\\Builder->getModels()
#8 /home/obed/Bureau/my-api-project/vendor/laravel/framework/src/Illuminate/Database/Eloquent/Relations/Relation.php(212): Illuminate\\Database\\Eloquent\\Builder->get()
#9 /home/obed/Bureau/my-api-project/vendor/laravel/framework/src/Illuminate/Database/Eloquent/Relations/Relation.php(175): Illuminate\\Database\\Eloquent\\Relations\\Relation->get()
#10 /home/obed/Bureau/my-api-project/vendor/laravel/framework/src/Illuminate/Database/Eloquent/Builder.php(935): Illuminate\\Database\\Eloquent\\Relations\\Relation->getEager()
#11 /home/obed/Bureau/my-api-project/vendor/laravel/framework/src/Illuminate/Database/Eloquent/Builder.php(904): Illuminate\\Database\\Eloquent\\Builder->eagerLoadRelation()
#12 /home/obed/Bureau/my-api-project/vendor/laravel/framework/src/Illuminate/Database/Eloquent/Builder.php(870): Illuminate\\Database\\Eloquent\\Builder->eagerLoadRelations()
#13 /home/obed/Bureau/my-api-project/vendor/laravel/framework/src/Illuminate/Database/Eloquent/Relations/Relation.php(212): Illuminate\\Database\\Eloquent\\Builder->get()
#14 /home/obed/Bureau/my-api-project/vendor/laravel/framework/src/Illuminate/Database/Eloquent/Relations/Relation.php(175): Illuminate\\Database\\Eloquent\\Relations\\Relation->get()
#15 /home/obed/Bureau/my-api-project/vendor/laravel/framework/src/Illuminate/Database/Eloquent/Builder.php(935): Illuminate\\Database\\Eloquent\\Relations\\Relation->getEager()
#16 /home/obed/Bureau/my-api-project/vendor/laravel/framework/src/Illuminate/Database/Eloquent/Builder.php(904): Illuminate\\Database\\Eloquent\\Builder->eagerLoadRelation()
#17 /home/obed/Bureau/my-api-project/vendor/laravel/framework/src/Illuminate/Database/Eloquent/Builder.php(870): Illuminate\\Database\\Eloquent\\Builder->eagerLoadRelations()
#18 /home/obed/Bureau/my-api-project/vendor/laravel/framework/src/Illuminate/Database/Concerns/BuildsQueries.php(366): Illuminate\\Database\\Eloquent\\Builder->get()
#19 /home/obed/Bureau/my-api-project/app/Http/Controllers/SpecialiteController.php(64): Illuminate\\Database\\Eloquent\\Builder->first()
#20 /home/obed/Bureau/my-api-project/vendor/laravel/framework/src/Illuminate/Routing/ControllerDispatcher.php(46): App\\Http\\Controllers\\SpecialiteController->getSpecialistInfo()
#21 /home/obed/Bureau/my-api-project/vendor/laravel/framework/src/Illuminate/Routing/Route.php(265): Illuminate\\Routing\\ControllerDispatcher->dispatch()
#22 /home/obed/Bureau/my-api-project/vendor/laravel/framework/src/Illuminate/Routing/Route.php(211): Illuminate\\Routing\\Route->runController()
#23 /home/obed/Bureau/my-api-project/vendor/laravel/framework/src/Illuminate/Routing/Router.php(822): Illuminate\\Routing\\Route->run()
#24 /home/obed/Bureau/my-api-project/vendor/laravel/framework/src/Illuminate/Pipeline/Pipeline.php(180): Illuminate\\Routing\\Router->Illuminate\\Routing\\{closure}()
#25 /home/obed/Bureau/my-api-project/vendor/laravel/framework/src/Illuminate/Routing/Middleware/SubstituteBindings.php(50): Illuminate\\Pipeline\\Pipeline->Illuminate\\Pipeline\\{closure}()
#26 /home/obed/Bureau/my-api-project/vendor/laravel/framework/src/Illuminate/Pipeline/Pipeline.php(219): Illuminate\\Routing\\Middleware\\SubstituteBindings->handle()
#27 /home/obed/Bureau/my-api-project/vendor/laravel/sanctum/src/Http/Middleware/EnsureFrontendRequestsAreStateful.php(26): Illuminate\\Pipeline\\Pipeline->Illuminate\\Pipeline\\{closure}()
#28 /home/obed/Bureau/my-api-project/vendor/laravel/framework/src/Illuminate/Pipeline/Pipeline.php(180): Laravel\\Sanctum\\Http\\Middleware\\EnsureFrontendRequestsAreStateful->Laravel\\Sanctum\\Http\\Middleware\\{closure}()
#29 /home/obed/Bureau/my-api-project/vendor/laravel/framework/src/Illuminate/Pipeline/Pipeline.php(137): Illuminate\\Pipeline\\Pipeline->Illuminate\\Pipeline\\{closure}()
#30 /home/obed/Bureau/my-api-project/vendor/laravel/sanctum/src/Http/Middleware/EnsureFrontendRequestsAreStateful.php(25): Illuminate\\Pipeline\\Pipeline->then()
#31 /home/obed/Bureau/my-api-project/vendor/laravel/framework/src/Illuminate/Pipeline/Pipeline.php(219): Laravel\\Sanctum\\Http\\Middleware\\EnsureFrontendRequestsAreStateful->handle()
#32 /home/obed/Bureau/my-api-project/vendor/laravel/framework/src/Illuminate/Pipeline/Pipeline.php(137): Illuminate\\Pipeline\\Pipeline->Illuminate\\Pipeline\\{closure}()
#33 /home/obed/Bureau/my-api-project/vendor/laravel/framework/src/Illuminate/Routing/Router.php(821): Illuminate\\Pipeline\\Pipeline->then()
#34 /home/obed/Bureau/my-api-project/vendor/laravel/framework/src/Illuminate/Routing/Router.php(800): Illuminate\\Routing\\Router->runRouteWithinStack()
#35 /home/obed/Bureau/my-api-project/vendor/laravel/framework/src/Illuminate/Routing/Router.php(764): Illuminate\\Routing\\Router->runRoute()
#36 /home/obed/Bureau/my-api-project/vendor/laravel/framework/src/Illuminate/Routing/Router.php(753): Illuminate\\Routing\\Router->dispatchToRoute()
#37 /home/obed/Bureau/my-api-project/vendor/laravel/framework/src/Illuminate/Foundation/Http/Kernel.php(200): Illuminate\\Routing\\Router->dispatch()
#38 /home/obed/Bureau/my-api-project/vendor/laravel/framework/src/Illuminate/Pipeline/Pipeline.php(180): Illuminate\\Foundation\\Http\\Kernel->Illuminate\\Foundation\\Http\\{closure}()
#39 /home/obed/Bureau/my-api-project/vendor/laravel/framework/src/Illuminate/Foundation/Http/Middleware/TransformsRequest.php(21): Illuminate\\Pipeline\\Pipeline->Illuminate\\Pipeline\\{closure}()
#40 /home/obed/Bureau/my-api-project/vendor/laravel/framework/src/Illuminate/Foundation/Http/Middleware/ConvertEmptyStringsToNull.php(31): Illuminate\\Foundation\\Http\\Middleware\\TransformsRequest->handle()
#41 /home/obed/Bureau/my-api-project/vendor/laravel/framework/src/Illuminate/Pipeline/Pipeline.php(219): Illuminate\\Foundation\\Http\\Middleware\\ConvertEmptyStringsToNull->handle()
#42 /home/obed/Bureau/my-api-project/vendor/laravel/framework/src/Illuminate/Foundation/Http/Middleware/TransformsRequest.php(21): Illuminate\\Pipeline\\Pipeline->Illuminate\\Pipeline\\{closure}()
#43 /home/obed/Bureau/my-api-project/vendor/laravel/framework/src/Illuminate/Foundation/Http/Middleware/TrimStrings.php(51): Illuminate\\Foundation\\Http\\Middleware\\TransformsRequest->handle()
#44 /home/obed/Bureau/my-api-project/vendor/laravel/framework/src/Illuminate/Pipeline/Pipeline.php(219): Illuminate\\Foundation\\Http\\Middleware\\TrimStrings->handle()
#45 /home/obed/Bureau/my-api-project/vendor/laravel/framework/src/Illuminate/Http/Middleware/ValidatePostSize.php(27): Illuminate\\Pipeline\\Pipeline->Illuminate\\Pipeline\\{closure}()
#46 /home/obed/Bureau/my-api-project/vendor/laravel/framework/src/Illuminate/Pipeline/Pipeline.php(219): Illuminate\\Http\\Middleware\\ValidatePostSize->handle()
#47 /home/obed/Bureau/my-api-project/vendor/laravel/framework/src/Illuminate/Foundation/Http/Middleware/PreventRequestsDuringMaintenance.php(109): Illuminate\\Pipeline\\Pipeline->Illuminate\\Pipeline\\{closure}()
#48 /home/obed/Bureau/my-api-project/vendor/laravel/framework/src/Illuminate/Pipeline/Pipeline.php(219): Illuminate\\Foundation\\Http\\Middleware\\PreventRequestsDuringMaintenance->handle()
#49 /home/obed/Bureau/my-api-project/vendor/laravel/framework/src/Illuminate/Http/Middleware/HandleCors.php(61): Illuminate\\Pipeline\\Pipeline->Illuminate\\Pipeline\\{closure}()
#50 /home/obed/Bureau/my-api-project/vendor/laravel/framework/src/Illuminate/Pipeline/Pipeline.php(219): Illuminate\\Http\\Middleware\\HandleCors->handle()
#51 /home/obed/Bureau/my-api-project/vendor/laravel/framework/src/Illuminate/Http/Middleware/TrustProxies.php(58): Illuminate\\Pipeline\\Pipeline->Illuminate\\Pipeline\\{closure}()
#52 /home/obed/Bureau/my-api-project/vendor/laravel/framework/src/Illuminate/Pipeline/Pipeline.php(219): Illuminate\\Http\\Middleware\\TrustProxies->handle()
#53 /home/obed/Bureau/my-api-project/vendor/laravel/framework/src/Illuminate/Foundation/Http/Middleware/InvokeDeferredCallbacks.php(22): Illuminate\\Pipeline\\Pipeline->Illuminate\\Pipeline\\{closure}()
#54 /home/obed/Bureau/my-api-project/vendor/laravel/framework/src/Illuminate/Pipeline/Pipeline.php(219): Illuminate\\Foundation\\Http\\Middleware\\InvokeDeferredCallbacks->handle()
#55 /home/obed/Bureau/my-api-project/vendor/laravel/framework/src/Illuminate/Http/Middleware/ValidatePathEncoding.php(26): Illuminate\\Pipeline\\Pipeline->Illuminate\\Pipeline\\{closure}()
#56 /home/obed/Bureau/my-api-project/vendor/laravel/framework/src/Illuminate/Pipeline/Pipeline.php(219): Illuminate\\Http\\Middleware\\ValidatePathEncoding->handle()
#57 /home/obed/Bureau/my-api-project/vendor/laravel/framework/src/Illuminate/Pipeline/Pipeline.php(137): Illuminate\\Pipeline\\Pipeline->Illuminate\\Pipeline\\{closure}()
#58 /home/obed/Bureau/my-api-project/vendor/laravel/framework/src/Illuminate/Foundation/Http/Kernel.php(175): Illuminate\\Pipeline\\Pipeline->then()
#59 /home/obed/Bureau/my-api-project/vendor/laravel/framework/src/Illuminate/Foundation/Http/Kernel.php(144): Illuminate\\Foundation\\Http\\Kernel->sendRequestThroughRouter()
#60 /home/obed/Bureau/my-api-project/vendor/laravel/framework/src/Illuminate/Foundation/Application.php(1219): Illuminate\\Foundation\\Http\\Kernel->handle()
#61 /home/obed/Bureau/my-api-project/public/index.php(20): Illuminate\\Foundation\\Application->handleRequest()
#62 /home/obed/Bureau/my-api-project/vendor/laravel/framework/src/Illuminate/Foundation/resources/server.php(23): require_once('...')
#63 {main}

[previous exception] [object] (PDOException(code: 42S22): SQLSTATE[42S22]: Column not found: 1054 Unknown column 'langues.langue_specialite_id' in 'where clause' at /home/obed/Bureau/my-api-project/vendor/laravel/framework/src/Illuminate/Database/Connection.php:406)
[stacktrace]
#0 /home/obed/Bureau/my-api-project/vendor/laravel/framework/src/Illuminate/Database/Connection.php(406): PDO->prepare()
#1 /home/obed/Bureau/my-api-project/vendor/laravel/framework/src/Illuminate/Database/Connection.php(811): Illuminate\\Database\\Connection->Illuminate\\Database\\{closure}()
#2 /home/obed/Bureau/my-api-project/vendor/laravel/framework/src/Illuminate/Database/Connection.php(778): Illuminate\\Database\\Connection->runQueryCallback()
#3 /home/obed/Bureau/my-api-project/vendor/laravel/framework/src/Illuminate/Database/Connection.php(397): Illuminate\\Database\\Connection->run()
#4 /home/obed/Bureau/my-api-project/vendor/laravel/framework/src/Illuminate/Database/Query/Builder.php(3188): Illuminate\\Database\\Connection->select()
#5 /home/obed/Bureau/my-api-project/vendor/laravel/framework/src/Illuminate/Database/Query/Builder.php(3173): Illuminate\\Database\\Query\\Builder->runSelect()
#6 /home/obed/Bureau/my-api-project/vendor/laravel/framework/src/Illuminate/Database/Query/Builder.php(3763): Illuminate\\Database\\Query\\Builder->Illuminate\\Database\\Query\\{closure}()
#7 /home/obed/Bureau/my-api-project/vendor/laravel/framework/src/Illuminate/Database/Query/Builder.php(3172): Illuminate\\Database\\Query\\Builder->onceWithColumns()
#8 /home/obed/Bureau/my-api-project/vendor/laravel/framework/src/Illuminate/Database/Eloquent/Builder.php(887): Illuminate\\Database\\Query\\Builder->get()
#9 /home/obed/Bureau/my-api-project/vendor/laravel/framework/src/Illuminate/Database/Eloquent/Builder.php(869): Illuminate\\Database\\Eloquent\\Builder->getModels()
#10 /home/obed/Bureau/my-api-project/vendor/laravel/framework/src/Illuminate/Database/Eloquent/Relations/Relation.php(212): Illuminate\\Database\\Eloquent\\Builder->get()
#11 /home/obed/Bureau/my-api-project/vendor/laravel/framework/src/Illuminate/Database/Eloquent/Relations/Relation.php(175): Illuminate\\Database\\Eloquent\\Relations\\Relation->get()
#12 /home/obed/Bureau/my-api-project/vendor/laravel/framework/src/Illuminate/Database/Eloquent/Builder.php(935): Illuminate\\Database\\Eloquent\\Relations\\Relation->getEager()
#13 /home/obed/Bureau/my-api-project/vendor/laravel/framework/src/Illuminate/Database/Eloquent/Builder.php(904): Illuminate\\Database\\Eloquent\\Builder->eagerLoadRelation()
#14 /home/obed/Bureau/my-api-project/vendor/laravel/framework/src/Illuminate/Database/Eloquent/Builder.php(870): Illuminate\\Database\\Eloquent\\Builder->eagerLoadRelations()
#15 /home/obed/Bureau/my-api-project/vendor/laravel/framework/src/Illuminate/Database/Eloquent/Relations/Relation.php(212): Illuminate\\Database\\Eloquent\\Builder->get()
#16 /home/obed/Bureau/my-api-project/vendor/laravel/framework/src/Illuminate/Database/Eloquent/Relations/Relation.php(175): Illuminate\\Database\\Eloquent\\Relations\\Relation->get()
#17 /home/obed/Bureau/my-api-project/vendor/laravel/framework/src/Illuminate/Database/Eloquent/Builder.php(935): Illuminate\\Database\\Eloquent\\Relations\\Relation->getEager()
#18 /home/obed/Bureau/my-api-project/vendor/laravel/framework/src/Illuminate/Database/Eloquent/Builder.php(904): Illuminate\\Database\\Eloquent\\Builder->eagerLoadRelation()
#19 /home/obed/Bureau/my-api-project/vendor/laravel/framework/src/Illuminate/Database/Eloquent/Builder.php(870): Illuminate\\Database\\Eloquent\\Builder->eagerLoadRelations()
#20 /home/obed/Bureau/my-api-project/vendor/laravel/framework/src/Illuminate/Database/Concerns/BuildsQueries.php(366): Illuminate\\Database\\Eloquent\\Builder->get()
#21 /home/obed/Bureau/my-api-project/app/Http/Controllers/SpecialiteController.php(64): Illuminate\\Database\\Eloquent\\Builder->first()
#22 /home/obed/Bureau/my-api-project/vendor/laravel/framework/src/Illuminate/Routing/ControllerDispatcher.php(46): App\\Http\\Controllers\\SpecialiteController->getSpecialistInfo()
#23 /home/obed/Bureau/my-api-project/vendor/laravel/framework/src/Illuminate/Routing/Route.php(265): Illuminate\\Routing\\ControllerDispatcher->dispatch()
#24 /home/obed/Bureau/my-api-project/vendor/laravel/framework/src/Illuminate/Routing/Route.php(211): Illuminate\\Routing\\Route->runController()
#25 /home/obed/Bureau/my-api-project/vendor/laravel/framework/src/Illuminate/Routing/Router.php(822): Illuminate\\Routing\\Route->run()
#26 /home/obed/Bureau/my-api-project/vendor/laravel/framework/src/Illuminate/Pipeline/Pipeline.php(180): Illuminate\\Routing\\Router->Illuminate\\Routing\\{closure}()
#27 /home/obed/Bureau/my-api-project/vendor/laravel/framework/src/Illuminate/Routing/Middleware/SubstituteBindings.php(50): Illuminate\\Pipeline\\Pipeline->Illuminate\\Pipeline\\{closure}()
#28 /home/obed/Bureau/my-api-project/vendor/laravel/framework/src/Illuminate/Pipeline/Pipeline.php(219): Illuminate\\Routing\\Middleware\\SubstituteBindings->handle()
#29 /home/obed/Bureau/my-api-project/vendor/laravel/sanctum/src/Http/Middleware/EnsureFrontendRequestsAreStateful.php(26): Illuminate\\Pipeline\\Pipeline->Illuminate\\Pipeline\\{closure}()
#30 /home/obed/Bureau/my-api-project/vendor/laravel/framework/src/Illuminate/Pipeline/Pipeline.php(180): Laravel\\Sanctum\\Http\\Middleware\\EnsureFrontendRequestsAreStateful->Laravel\\Sanctum\\Http\\Middleware\\{closure}()
#31 /home/obed/Bureau/my-api-project/vendor/laravel/framework/src/Illuminate/Pipeline/Pipeline.php(137): Illuminate\\Pipeline\\Pipeline->Illuminate\\Pipeline\\{closure}()
#32 /home/obed/Bureau/my-api-project/vendor/laravel/sanctum/src/Http/Middleware/EnsureFrontendRequestsAreStateful.php(25): Illuminate\\Pipeline\\Pipeline->then()
#33 /home/obed/Bureau/my-api-project/vendor/laravel/framework/src/Illuminate/Pipeline/Pipeline.php(219): Laravel\\Sanctum\\Http\\Middleware\\EnsureFrontendRequestsAreStateful->handle()
#34 /home/obed/Bureau/my-api-project/vendor/laravel/framework/src/Illuminate/Pipeline/Pipeline.php(137): Illuminate\\Pipeline\\Pipeline->Illuminate\\Pipeline\\{closure}()
#35 /home/obed/Bureau/my-api-project/vendor/laravel/framework/src/Illuminate/Routing/Router.php(821): Illuminate\\Pipeline\\Pipeline->then()
#36 /home/obed/Bureau/my-api-project/vendor/laravel/framework/src/Illuminate/Routing/Router.php(800): Illuminate\\Routing\\Router->runRouteWithinStack()
#37 /home/obed/Bureau/my-api-project/vendor/laravel/framework/src/Illuminate/Routing/Router.php(764): Illuminate\\Routing\\Router->runRoute()
#38 /home/obed/Bureau/my-api-project/vendor/laravel/framework/src/Illuminate/Routing/Router.php(753): Illuminate\\Routing\\Router->dispatchToRoute()
#39 /home/obed/Bureau/my-api-project/vendor/laravel/framework/src/Illuminate/Foundation/Http/Kernel.php(200): Illuminate\\Routing\\Router->dispatch()
#40 /home/obed/Bureau/my-api-project/vendor/laravel/framework/src/Illuminate/Pipeline/Pipeline.php(180): Illuminate\\Foundation\\Http\\Kernel->Illuminate\\Foundation\\Http\\{closure}()
#41 /home/obed/Bureau/my-api-project/vendor/laravel/framework/src/Illuminate/Foundation/Http/Middleware/TransformsRequest.php(21): Illuminate\\Pipeline\\Pipeline->Illuminate\\Pipeline\\{closure}()
#42 /home/obed/Bureau/my-api-project/vendor/laravel/framework/src/Illuminate/Foundation/Http/Middleware/ConvertEmptyStringsToNull.php(31): Illuminate\\Foundation\\Http\\Middleware\\TransformsRequest->handle()
#43 /home/obed/Bureau/my-api-project/vendor/laravel/framework/src/Illuminate/Pipeline/Pipeline.php(219): Illuminate\\Foundation\\Http\\Middleware\\ConvertEmptyStringsToNull->handle()
#44 /home/obed/Bureau/my-api-project/vendor/laravel/framework/src/Illuminate/Foundation/Http/Middleware/TransformsRequest.php(21): Illuminate\\Pipeline\\Pipeline->Illuminate\\Pipeline\\{closure}()
#45 /home/obed/Bureau/my-api-project/vendor/laravel/framework/src/Illuminate/Foundation/Http/Middleware/TrimStrings.php(51): Illuminate\\Foundation\\Http\\Middleware\\TransformsRequest->handle()
#46 /home/obed/Bureau/my-api-project/vendor/laravel/framework/src/Illuminate/Pipeline/Pipeline.php(219): Illuminate\\Foundation\\Http\\Middleware\\TrimStrings->handle()
#47 /home/obed/Bureau/my-api-project/vendor/laravel/framework/src/Illuminate/Http/Middleware/ValidatePostSize.php(27): Illuminate\\Pipeline\\Pipeline->Illuminate\\Pipeline\\{closure}()
#48 /home/obed/Bureau/my-api-project/vendor/laravel/framework/src/Illuminate/Pipeline/Pipeline.php(219): Illuminate\\Http\\Middleware\\ValidatePostSize->handle()
#49 /home/obed/Bureau/my-api-project/vendor/laravel/framework/src/Illuminate/Foundation/Http/Middleware/PreventRequestsDuringMaintenance.php(109): Illuminate\\Pipeline\\Pipeline->Illuminate\\Pipeline\\{closure}()
#50 /home/obed/Bureau/my-api-project/vendor/laravel/framework/src/Illuminate/Pipeline/Pipeline.php(219): Illuminate\\Foundation\\Http\\Middleware\\PreventRequestsDuringMaintenance->handle()
#51 /home/obed/Bureau/my-api-project/vendor/laravel/framework/src/Illuminate/Http/Middleware/HandleCors.php(61): Illuminate\\Pipeline\\Pipeline->Illuminate\\Pipeline\\{closure}()
#52 /home/obed/Bureau/my-api-project/vendor/laravel/framework/src/Illuminate/Pipeline/Pipeline.php(219): Illuminate\\Http\\Middleware\\HandleCors->handle()
#53 /home/obed/Bureau/my-api-project/vendor/laravel/framework/src/Illuminate/Http/Middleware/TrustProxies.php(58): Illuminate\\Pipeline\\Pipeline->Illuminate\\Pipeline\\{closure}()
#54 /home/obed/Bureau/my-api-project/vendor/laravel/framework/src/Illuminate/Pipeline/Pipeline.php(219): Illuminate\\Http\\Middleware\\TrustProxies->handle()
#55 /home/obed/Bureau/my-api-project/vendor/laravel/framework/src/Illuminate/Foundation/Http/Middleware/InvokeDeferredCallbacks.php(22): Illuminate\\Pipeline\\Pipeline->Illuminate\\Pipeline\\{closure}()
#56 /home/obed/Bureau/my-api-project/vendor/laravel/framework/src/Illuminate/Pipeline/Pipeline.php(219): Illuminate\\Foundation\\Http\\Middleware\\InvokeDeferredCallbacks->handle()
#57 /home/obed/Bureau/my-api-project/vendor/laravel/framework/src/Illuminate/Http/Middleware/ValidatePathEncoding.php(26): Illuminate\\Pipeline\\Pipeline->Illuminate\\Pipeline\\{closure}()
#58 /home/obed/Bureau/my-api-project/vendor/laravel/framework/src/Illuminate/Pipeline/Pipeline.php(219): Illuminate\\Http\\Middleware\\ValidatePathEncoding->handle()
#59 /home/obed/Bureau/my-api-project/vendor/laravel/framework/src/Illuminate/Pipeline/Pipeline.php(137): Illuminate\\Pipeline\\Pipeline->Illuminate\\Pipeline\\{closure}()
#60 /home/obed/Bureau/my-api-project/vendor/laravel/framework/src/Illuminate/Foundation/Http/Kernel.php(175): Illuminate\\Pipeline\\Pipeline->then()
#61 /home/obed/Bureau/my-api-project/vendor/laravel/framework/src/Illuminate/Foundation/Http/Kernel.php(144): Illuminate\\Foundation\\Http\\Kernel->sendRequestThroughRouter()
#62 /home/obed/Bureau/my-api-project/vendor/laravel/framework/src/Illuminate/Foundation/Application.php(1219): Illuminate\\Foundation\\Http\\Kernel->handle()
#63 /home/obed/Bureau/my-api-project/public/index.php(20): Illuminate\\Foundation\\Application->handleRequest()
#64 /home/obed/Bureau/my-api-project/vendor/laravel/framework/src/Illuminate/Foundation/resources/server.php(23): require_once('...')
#65 {main}
"} 
[2025-08-28 17:24:50] local.ERROR: SQLSTATE[42S22]: Column not found: 1054 Unknown column 'langues.langue_specialite_id' in 'where clause' (Connection: mysql, SQL: select * from `langues` where `langues`.`langue_specialite_id` in (3, 4, 5) and `langues`.`deleted_at` is null) {"exception":"[object] (Illuminate\\Database\\QueryException(code: 42S22): SQLSTATE[42S22]: Column not found: 1054 Unknown column 'langues.langue_specialite_id' in 'where clause' (Connection: mysql, SQL: select * from `langues` where `langues`.`langue_specialite_id` in (3, 4, 5) and `langues`.`deleted_at` is null) at /home/obed/Bureau/my-api-project/vendor/laravel/framework/src/Illuminate/Database/Connection.php:824)
[stacktrace]
#0 /home/obed/Bureau/my-api-project/vendor/laravel/framework/src/Illuminate/Database/Connection.php(778): Illuminate\\Database\\Connection->runQueryCallback()
#1 /home/obed/Bureau/my-api-project/vendor/laravel/framework/src/Illuminate/Database/Connection.php(397): Illuminate\\Database\\Connection->run()
#2 /home/obed/Bureau/my-api-project/vendor/laravel/framework/src/Illuminate/Database/Query/Builder.php(3188): Illuminate\\Database\\Connection->select()
#3 /home/obed/Bureau/my-api-project/vendor/laravel/framework/src/Illuminate/Database/Query/Builder.php(3173): Illuminate\\Database\\Query\\Builder->runSelect()
#4 /home/obed/Bureau/my-api-project/vendor/laravel/framework/src/Illuminate/Database/Query/Builder.php(3763): Illuminate\\Database\\Query\\Builder->Illuminate\\Database\\Query\\{closure}()
#5 /home/obed/Bureau/my-api-project/vendor/laravel/framework/src/Illuminate/Database/Query/Builder.php(3172): Illuminate\\Database\\Query\\Builder->onceWithColumns()
#6 /home/obed/Bureau/my-api-project/vendor/laravel/framework/src/Illuminate/Database/Eloquent/Builder.php(887): Illuminate\\Database\\Query\\Builder->get()
#7 /home/obed/Bureau/my-api-project/vendor/laravel/framework/src/Illuminate/Database/Eloquent/Builder.php(869): Illuminate\\Database\\Eloquent\\Builder->getModels()
#8 /home/obed/Bureau/my-api-project/vendor/laravel/framework/src/Illuminate/Database/Eloquent/Relations/Relation.php(212): Illuminate\\Database\\Eloquent\\Builder->get()
#9 /home/obed/Bureau/my-api-project/vendor/laravel/framework/src/Illuminate/Database/Eloquent/Relations/Relation.php(175): Illuminate\\Database\\Eloquent\\Relations\\Relation->get()
#10 /home/obed/Bureau/my-api-project/vendor/laravel/framework/src/Illuminate/Database/Eloquent/Builder.php(935): Illuminate\\Database\\Eloquent\\Relations\\Relation->getEager()
#11 /home/obed/Bureau/my-api-project/vendor/laravel/framework/src/Illuminate/Database/Eloquent/Builder.php(904): Illuminate\\Database\\Eloquent\\Builder->eagerLoadRelation()
#12 /home/obed/Bureau/my-api-project/vendor/laravel/framework/src/Illuminate/Database/Eloquent/Builder.php(870): Illuminate\\Database\\Eloquent\\Builder->eagerLoadRelations()
#13 /home/obed/Bureau/my-api-project/vendor/laravel/framework/src/Illuminate/Database/Eloquent/Relations/Relation.php(212): Illuminate\\Database\\Eloquent\\Builder->get()
#14 /home/obed/Bureau/my-api-project/vendor/laravel/framework/src/Illuminate/Database/Eloquent/Relations/Relation.php(175): Illuminate\\Database\\Eloquent\\Relations\\Relation->get()
#15 /home/obed/Bureau/my-api-project/vendor/laravel/framework/src/Illuminate/Database/Eloquent/Builder.php(935): Illuminate\\Database\\Eloquent\\Relations\\Relation->getEager()
#16 /home/obed/Bureau/my-api-project/vendor/laravel/framework/src/Illuminate/Database/Eloquent/Builder.php(904): Illuminate\\Database\\Eloquent\\Builder->eagerLoadRelation()
#17 /home/obed/Bureau/my-api-project/vendor/laravel/framework/src/Illuminate/Database/Eloquent/Builder.php(870): Illuminate\\Database\\Eloquent\\Builder->eagerLoadRelations()
#18 /home/obed/Bureau/my-api-project/vendor/laravel/framework/src/Illuminate/Database/Concerns/BuildsQueries.php(366): Illuminate\\Database\\Eloquent\\Builder->get()
#19 /home/obed/Bureau/my-api-project/app/Http/Controllers/SpecialiteController.php(64): Illuminate\\Database\\Eloquent\\Builder->first()
#20 /home/obed/Bureau/my-api-project/vendor/laravel/framework/src/Illuminate/Routing/ControllerDispatcher.php(46): App\\Http\\Controllers\\SpecialiteController->getSpecialistInfo()
#21 /home/obed/Bureau/my-api-project/vendor/laravel/framework/src/Illuminate/Routing/Route.php(265): Illuminate\\Routing\\ControllerDispatcher->dispatch()
#22 /home/obed/Bureau/my-api-project/vendor/laravel/framework/src/Illuminate/Routing/Route.php(211): Illuminate\\Routing\\Route->runController()
#23 /home/obed/Bureau/my-api-project/vendor/laravel/framework/src/Illuminate/Routing/Router.php(822): Illuminate\\Routing\\Route->run()
#24 /home/obed/Bureau/my-api-project/vendor/laravel/framework/src/Illuminate/Pipeline/Pipeline.php(180): Illuminate\\Routing\\Router->Illuminate\\Routing\\{closure}()
#25 /home/obed/Bureau/my-api-project/vendor/laravel/framework/src/Illuminate/Routing/Middleware/SubstituteBindings.php(50): Illuminate\\Pipeline\\Pipeline->Illuminate\\Pipeline\\{closure}()
#26 /home/obed/Bureau/my-api-project/vendor/laravel/framework/src/Illuminate/Pipeline/Pipeline.php(219): Illuminate\\Routing\\Middleware\\SubstituteBindings->handle()
#27 /home/obed/Bureau/my-api-project/vendor/laravel/sanctum/src/Http/Middleware/EnsureFrontendRequestsAreStateful.php(26): Illuminate\\Pipeline\\Pipeline->Illuminate\\Pipeline\\{closure}()
#28 /home/obed/Bureau/my-api-project/vendor/laravel/framework/src/Illuminate/Pipeline/Pipeline.php(180): Laravel\\Sanctum\\Http\\Middleware\\EnsureFrontendRequestsAreStateful->Laravel\\Sanctum\\Http\\Middleware\\{closure}()
#29 /home/obed/Bureau/my-api-project/vendor/laravel/framework/src/Illuminate/Pipeline/Pipeline.php(137): Illuminate\\Pipeline\\Pipeline->Illuminate\\Pipeline\\{closure}()
#30 /home/obed/Bureau/my-api-project/vendor/laravel/sanctum/src/Http/Middleware/EnsureFrontendRequestsAreStateful.php(25): Illuminate\\Pipeline\\Pipeline->then()
#31 /home/obed/Bureau/my-api-project/vendor/laravel/framework/src/Illuminate/Pipeline/Pipeline.php(219): Laravel\\Sanctum\\Http\\Middleware\\EnsureFrontendRequestsAreStateful->handle()
#32 /home/obed/Bureau/my-api-project/vendor/laravel/framework/src/Illuminate/Pipeline/Pipeline.php(137): Illuminate\\Pipeline\\Pipeline->Illuminate\\Pipeline\\{closure}()
#33 /home/obed/Bureau/my-api-project/vendor/laravel/framework/src/Illuminate/Routing/Router.php(821): Illuminate\\Pipeline\\Pipeline->then()
#34 /home/obed/Bureau/my-api-project/vendor/laravel/framework/src/Illuminate/Routing/Router.php(800): Illuminate\\Routing\\Router->runRouteWithinStack()
#35 /home/obed/Bureau/my-api-project/vendor/laravel/framework/src/Illuminate/Routing/Router.php(764): Illuminate\\Routing\\Router->runRoute()
#36 /home/obed/Bureau/my-api-project/vendor/laravel/framework/src/Illuminate/Routing/Router.php(753): Illuminate\\Routing\\Router->dispatchToRoute()
#37 /home/obed/Bureau/my-api-project/vendor/laravel/framework/src/Illuminate/Foundation/Http/Kernel.php(200): Illuminate\\Routing\\Router->dispatch()
#38 /home/obed/Bureau/my-api-project/vendor/laravel/framework/src/Illuminate/Pipeline/Pipeline.php(180): Illuminate\\Foundation\\Http\\Kernel->Illuminate\\Foundation\\Http\\{closure}()
#39 /home/obed/Bureau/my-api-project/vendor/laravel/framework/src/Illuminate/Foundation/Http/Middleware/TransformsRequest.php(21): Illuminate\\Pipeline\\Pipeline->Illuminate\\Pipeline\\{closure}()
#40 /home/obed/Bureau/my-api-project/vendor/laravel/framework/src/Illuminate/Foundation/Http/Middleware/ConvertEmptyStringsToNull.php(31): Illuminate\\Foundation\\Http\\Middleware\\TransformsRequest->handle()
#41 /home/obed/Bureau/my-api-project/vendor/laravel/framework/src/Illuminate/Pipeline/Pipeline.php(219): Illuminate\\Foundation\\Http\\Middleware\\ConvertEmptyStringsToNull->handle()
#42 /home/obed/Bureau/my-api-project/vendor/laravel/framework/src/Illuminate/Foundation/Http/Middleware/TransformsRequest.php(21): Illuminate\\Pipeline\\Pipeline->Illuminate\\Pipeline\\{closure}()
#43 /home/obed/Bureau/my-api-project/vendor/laravel/framework/src/Illuminate/Foundation/Http/Middleware/TrimStrings.php(51): Illuminate\\Foundation\\Http\\Middleware\\TransformsRequest->handle()
#44 /home/obed/Bureau/my-api-project/vendor/laravel/framework/src/Illuminate/Pipeline/Pipeline.php(219): Illuminate\\Foundation\\Http\\Middleware\\TrimStrings->handle()
#45 /home/obed/Bureau/my-api-project/vendor/laravel/framework/src/Illuminate/Http/Middleware/ValidatePostSize.php(27): Illuminate\\Pipeline\\Pipeline->Illuminate\\Pipeline\\{closure}()
#46 /home/obed/Bureau/my-api-project/vendor/laravel/framework/src/Illuminate/Pipeline/Pipeline.php(219): Illuminate\\Http\\Middleware\\ValidatePostSize->handle()
#47 /home/obed/Bureau/my-api-project/vendor/laravel/framework/src/Illuminate/Foundation/Http/Middleware/PreventRequestsDuringMaintenance.php(109): Illuminate\\Pipeline\\Pipeline->Illuminate\\Pipeline\\{closure}()
#48 /home/obed/Bureau/my-api-project/vendor/laravel/framework/src/Illuminate/Pipeline/Pipeline.php(219): Illuminate\\Foundation\\Http\\Middleware\\PreventRequestsDuringMaintenance->handle()
#49 /home/obed/Bureau/my-api-project/vendor/laravel/framework/src/Illuminate/Http/Middleware/HandleCors.php(61): Illuminate\\Pipeline\\Pipeline->Illuminate\\Pipeline\\{closure}()
#50 /home/obed/Bureau/my-api-project/vendor/laravel/framework/src/Illuminate/Pipeline/Pipeline.php(219): Illuminate\\Http\\Middleware\\HandleCors->handle()
#51 /home/obed/Bureau/my-api-project/vendor/laravel/framework/src/Illuminate/Http/Middleware/TrustProxies.php(58): Illuminate\\Pipeline\\Pipeline->Illuminate\\Pipeline\\{closure}()
#52 /home/obed/Bureau/my-api-project/vendor/laravel/framework/src/Illuminate/Pipeline/Pipeline.php(219): Illuminate\\Http\\Middleware\\TrustProxies->handle()
#53 /home/obed/Bureau/my-api-project/vendor/laravel/framework/src/Illuminate/Foundation/Http/Middleware/InvokeDeferredCallbacks.php(22): Illuminate\\Pipeline\\Pipeline->Illuminate\\Pipeline\\{closure}()
#54 /home/obed/Bureau/my-api-project/vendor/laravel/framework/src/Illuminate/Pipeline/Pipeline.php(219): Illuminate\\Foundation\\Http\\Middleware\\InvokeDeferredCallbacks->handle()
#55 /home/obed/Bureau/my-api-project/vendor/laravel/framework/src/Illuminate/Http/Middleware/ValidatePathEncoding.php(26): Illuminate\\Pipeline\\Pipeline->Illuminate\\Pipeline\\{closure}()
#56 /home/obed/Bureau/my-api-project/vendor/laravel/framework/src/Illuminate/Pipeline/Pipeline.php(219): Illuminate\\Http\\Middleware\\ValidatePathEncoding->handle()
#57 /home/obed/Bureau/my-api-project/vendor/laravel/framework/src/Illuminate/Pipeline/Pipeline.php(137): Illuminate\\Pipeline\\Pipeline->Illuminate\\Pipeline\\{closure}()
#58 /home/obed/Bureau/my-api-project/vendor/laravel/framework/src/Illuminate/Foundation/Http/Kernel.php(175): Illuminate\\Pipeline\\Pipeline->then()
#59 /home/obed/Bureau/my-api-project/vendor/laravel/framework/src/Illuminate/Foundation/Http/Kernel.php(144): Illuminate\\Foundation\\Http\\Kernel->sendRequestThroughRouter()
#60 /home/obed/Bureau/my-api-project/vendor/laravel/framework/src/Illuminate/Foundation/Application.php(1219): Illuminate\\Foundation\\Http\\Kernel->handle()
#61 /home/obed/Bureau/my-api-project/public/index.php(20): Illuminate\\Foundation\\Application->handleRequest()
#62 /home/obed/Bureau/my-api-project/vendor/laravel/framework/src/Illuminate/Foundation/resources/server.php(23): require_once('...')
#63 {main}

[previous exception] [object] (PDOException(code: 42S22): SQLSTATE[42S22]: Column not found: 1054 Unknown column 'langues.langue_specialite_id' in 'where clause' at /home/obed/Bureau/my-api-project/vendor/laravel/framework/src/Illuminate/Database/Connection.php:406)
[stacktrace]
#0 /home/obed/Bureau/my-api-project/vendor/laravel/framework/src/Illuminate/Database/Connection.php(406): PDO->prepare()
#1 /home/obed/Bureau/my-api-project/vendor/laravel/framework/src/Illuminate/Database/Connection.php(811): Illuminate\\Database\\Connection->Illuminate\\Database\\{closure}()
#2 /home/obed/Bureau/my-api-project/vendor/laravel/framework/src/Illuminate/Database/Connection.php(778): Illuminate\\Database\\Connection->runQueryCallback()
#3 /home/obed/Bureau/my-api-project/vendor/laravel/framework/src/Illuminate/Database/Connection.php(397): Illuminate\\Database\\Connection->run()
#4 /home/obed/Bureau/my-api-project/vendor/laravel/framework/src/Illuminate/Database/Query/Builder.php(3188): Illuminate\\Database\\Connection->select()
#5 /home/obed/Bureau/my-api-project/vendor/laravel/framework/src/Illuminate/Database/Query/Builder.php(3173): Illuminate\\Database\\Query\\Builder->runSelect()
#6 /home/obed/Bureau/my-api-project/vendor/laravel/framework/src/Illuminate/Database/Query/Builder.php(3763): Illuminate\\Database\\Query\\Builder->Illuminate\\Database\\Query\\{closure}()
#7 /home/obed/Bureau/my-api-project/vendor/laravel/framework/src/Illuminate/Database/Query/Builder.php(3172): Illuminate\\Database\\Query\\Builder->onceWithColumns()
#8 /home/obed/Bureau/my-api-project/vendor/laravel/framework/src/Illuminate/Database/Eloquent/Builder.php(887): Illuminate\\Database\\Query\\Builder->get()
#9 /home/obed/Bureau/my-api-project/vendor/laravel/framework/src/Illuminate/Database/Eloquent/Builder.php(869): Illuminate\\Database\\Eloquent\\Builder->getModels()
#10 /home/obed/Bureau/my-api-project/vendor/laravel/framework/src/Illuminate/Database/Eloquent/Relations/Relation.php(212): Illuminate\\Database\\Eloquent\\Builder->get()
#11 /home/obed/Bureau/my-api-project/vendor/laravel/framework/src/Illuminate/Database/Eloquent/Relations/Relation.php(175): Illuminate\\Database\\Eloquent\\Relations\\Relation->get()
#12 /home/obed/Bureau/my-api-project/vendor/laravel/framework/src/Illuminate/Database/Eloquent/Builder.php(935): Illuminate\\Database\\Eloquent\\Relations\\Relation->getEager()
#13 /home/obed/Bureau/my-api-project/vendor/laravel/framework/src/Illuminate/Database/Eloquent/Builder.php(904): Illuminate\\Database\\Eloquent\\Builder->eagerLoadRelation()
#14 /home/obed/Bureau/my-api-project/vendor/laravel/framework/src/Illuminate/Database/Eloquent/Builder.php(870): Illuminate\\Database\\Eloquent\\Builder->eagerLoadRelations()
#15 /home/obed/Bureau/my-api-project/vendor/laravel/framework/src/Illuminate/Database/Eloquent/Relations/Relation.php(212): Illuminate\\Database\\Eloquent\\Builder->get()
#16 /home/obed/Bureau/my-api-project/vendor/laravel/framework/src/Illuminate/Database/Eloquent/Relations/Relation.php(175): Illuminate\\Database\\Eloquent\\Relations\\Relation->get()
#17 /home/obed/Bureau/my-api-project/vendor/laravel/framework/src/Illuminate/Database/Eloquent/Builder.php(935): Illuminate\\Database\\Eloquent\\Relations\\Relation->getEager()
#18 /home/obed/Bureau/my-api-project/vendor/laravel/framework/src/Illuminate/Database/Eloquent/Builder.php(904): Illuminate\\Database\\Eloquent\\Builder->eagerLoadRelation()
#19 /home/obed/Bureau/my-api-project/vendor/laravel/framework/src/Illuminate/Database/Eloquent/Builder.php(870): Illuminate\\Database\\Eloquent\\Builder->eagerLoadRelations()
#20 /home/obed/Bureau/my-api-project/vendor/laravel/framework/src/Illuminate/Database/Concerns/BuildsQueries.php(366): Illuminate\\Database\\Eloquent\\Builder->get()
#21 /home/obed/Bureau/my-api-project/app/Http/Controllers/SpecialiteController.php(64): Illuminate\\Database\\Eloquent\\Builder->first()
#22 /home/obed/Bureau/my-api-project/vendor/laravel/framework/src/Illuminate/Routing/ControllerDispatcher.php(46): App\\Http\\Controllers\\SpecialiteController->getSpecialistInfo()
#23 /home/obed/Bureau/my-api-project/vendor/laravel/framework/src/Illuminate/Routing/Route.php(265): Illuminate\\Routing\\ControllerDispatcher->dispatch()
#24 /home/obed/Bureau/my-api-project/vendor/laravel/framework/src/Illuminate/Routing/Route.php(211): Illuminate\\Routing\\Route->runController()
#25 /home/obed/Bureau/my-api-project/vendor/laravel/framework/src/Illuminate/Routing/Router.php(822): Illuminate\\Routing\\Route->run()
#26 /home/obed/Bureau/my-api-project/vendor/laravel/framework/src/Illuminate/Pipeline/Pipeline.php(180): Illuminate\\Routing\\Router->Illuminate\\Routing\\{closure}()
#27 /home/obed/Bureau/my-api-project/vendor/laravel/framework/src/Illuminate/Routing/Middleware/SubstituteBindings.php(50): Illuminate\\Pipeline\\Pipeline->Illuminate\\Pipeline\\{closure}()
#28 /home/obed/Bureau/my-api-project/vendor/laravel/framework/src/Illuminate/Pipeline/Pipeline.php(219): Illuminate\\Routing\\Middleware\\SubstituteBindings->handle()
#29 /home/obed/Bureau/my-api-project/vendor/laravel/sanctum/src/Http/Middleware/EnsureFrontendRequestsAreStateful.php(26): Illuminate\\Pipeline\\Pipeline->Illuminate\\Pipeline\\{closure}()
#30 /home/obed/Bureau/my-api-project/vendor/laravel/framework/src/Illuminate/Pipeline/Pipeline.php(180): Laravel\\Sanctum\\Http\\Middleware\\EnsureFrontendRequestsAreStateful->Laravel\\Sanctum\\Http\\Middleware\\{closure}()
#31 /home/obed/Bureau/my-api-project/vendor/laravel/framework/src/Illuminate/Pipeline/Pipeline.php(137): Illuminate\\Pipeline\\Pipeline->Illuminate\\Pipeline\\{closure}()
#32 /home/obed/Bureau/my-api-project/vendor/laravel/sanctum/src/Http/Middleware/EnsureFrontendRequestsAreStateful.php(25): Illuminate\\Pipeline\\Pipeline->then()
#33 /home/obed/Bureau/my-api-project/vendor/laravel/framework/src/Illuminate/Pipeline/Pipeline.php(219): Laravel\\Sanctum\\Http\\Middleware\\EnsureFrontendRequestsAreStateful->handle()
#34 /home/obed/Bureau/my-api-project/vendor/laravel/framework/src/Illuminate/Pipeline/Pipeline.php(137): Illuminate\\Pipeline\\Pipeline->Illuminate\\Pipeline\\{closure}()
#35 /home/obed/Bureau/my-api-project/vendor/laravel/framework/src/Illuminate/Routing/Router.php(821): Illuminate\\Pipeline\\Pipeline->then()
#36 /home/obed/Bureau/my-api-project/vendor/laravel/framework/src/Illuminate/Routing/Router.php(800): Illuminate\\Routing\\Router->runRouteWithinStack()
#37 /home/obed/Bureau/my-api-project/vendor/laravel/framework/src/Illuminate/Routing/Router.php(764): Illuminate\\Routing\\Router->runRoute()
#38 /home/obed/Bureau/my-api-project/vendor/laravel/framework/src/Illuminate/Routing/Router.php(753): Illuminate\\Routing\\Router->dispatchToRoute()
#39 /home/obed/Bureau/my-api-project/vendor/laravel/framework/src/Illuminate/Foundation/Http/Kernel.php(200): Illuminate\\Routing\\Router->dispatch()
#40 /home/obed/Bureau/my-api-project/vendor/laravel/framework/src/Illuminate/Pipeline/Pipeline.php(180): Illuminate\\Foundation\\Http\\Kernel->Illuminate\\Foundation\\Http\\{closure}()
#41 /home/obed/Bureau/my-api-project/vendor/laravel/framework/src/Illuminate/Foundation/Http/Middleware/TransformsRequest.php(21): Illuminate\\Pipeline\\Pipeline->Illuminate\\Pipeline\\{closure}()
#42 /home/obed/Bureau/my-api-project/vendor/laravel/framework/src/Illuminate/Foundation/Http/Middleware/ConvertEmptyStringsToNull.php(31): Illuminate\\Foundation\\Http\\Middleware\\TransformsRequest->handle()
#43 /home/obed/Bureau/my-api-project/vendor/laravel/framework/src/Illuminate/Pipeline/Pipeline.php(219): Illuminate\\Foundation\\Http\\Middleware\\ConvertEmptyStringsToNull->handle()
#44 /home/obed/Bureau/my-api-project/vendor/laravel/framework/src/Illuminate/Foundation/Http/Middleware/TransformsRequest.php(21): Illuminate\\Pipeline\\Pipeline->Illuminate\\Pipeline\\{closure}()
#45 /home/obed/Bureau/my-api-project/vendor/laravel/framework/src/Illuminate/Foundation/Http/Middleware/TrimStrings.php(51): Illuminate\\Foundation\\Http\\Middleware\\TransformsRequest->handle()
#46 /home/obed/Bureau/my-api-project/vendor/laravel/framework/src/Illuminate/Pipeline/Pipeline.php(219): Illuminate\\Foundation\\Http\\Middleware\\TrimStrings->handle()
#47 /home/obed/Bureau/my-api-project/vendor/laravel/framework/src/Illuminate/Http/Middleware/ValidatePostSize.php(27): Illuminate\\Pipeline\\Pipeline->Illuminate\\Pipeline\\{closure}()
#48 /home/obed/Bureau/my-api-project/vendor/laravel/framework/src/Illuminate/Pipeline/Pipeline.php(219): Illuminate\\Http\\Middleware\\ValidatePostSize->handle()
#49 /home/obed/Bureau/my-api-project/vendor/laravel/framework/src/Illuminate/Foundation/Http/Middleware/PreventRequestsDuringMaintenance.php(109): Illuminate\\Pipeline\\Pipeline->Illuminate\\Pipeline\\{closure}()
#50 /home/obed/Bureau/my-api-project/vendor/laravel/framework/src/Illuminate/Pipeline/Pipeline.php(219): Illuminate\\Foundation\\Http\\Middleware\\PreventRequestsDuringMaintenance->handle()
#51 /home/obed/Bureau/my-api-project/vendor/laravel/framework/src/Illuminate/Http/Middleware/HandleCors.php(61): Illuminate\\Pipeline\\Pipeline->Illuminate\\Pipeline\\{closure}()
#52 /home/obed/Bureau/my-api-project/vendor/laravel/framework/src/Illuminate/Pipeline/Pipeline.php(219): Illuminate\\Http\\Middleware\\HandleCors->handle()
#53 /home/obed/Bureau/my-api-project/vendor/laravel/framework/src/Illuminate/Http/Middleware/TrustProxies.php(58): Illuminate\\Pipeline\\Pipeline->Illuminate\\Pipeline\\{closure}()
#54 /home/obed/Bureau/my-api-project/vendor/laravel/framework/src/Illuminate/Pipeline/Pipeline.php(219): Illuminate\\Http\\Middleware\\TrustProxies->handle()
#55 /home/obed/Bureau/my-api-project/vendor/laravel/framework/src/Illuminate/Foundation/Http/Middleware/InvokeDeferredCallbacks.php(22): Illuminate\\Pipeline\\Pipeline->Illuminate\\Pipeline\\{closure}()
#56 /home/obed/Bureau/my-api-project/vendor/laravel/framework/src/Illuminate/Pipeline/Pipeline.php(219): Illuminate\\Foundation\\Http\\Middleware\\InvokeDeferredCallbacks->handle()
#57 /home/obed/Bureau/my-api-project/vendor/laravel/framework/src/Illuminate/Http/Middleware/ValidatePathEncoding.php(26): Illuminate\\Pipeline\\Pipeline->Illuminate\\Pipeline\\{closure}()
#58 /home/obed/Bureau/my-api-project/vendor/laravel/framework/src/Illuminate/Pipeline/Pipeline.php(219): Illuminate\\Http\\Middleware\\ValidatePathEncoding->handle()
#59 /home/obed/Bureau/my-api-project/vendor/laravel/framework/src/Illuminate/Pipeline/Pipeline.php(137): Illuminate\\Pipeline\\Pipeline->Illuminate\\Pipeline\\{closure}()
#60 /home/obed/Bureau/my-api-project/vendor/laravel/framework/src/Illuminate/Foundation/Http/Kernel.php(175): Illuminate\\Pipeline\\Pipeline->then()
#61 /home/obed/Bureau/my-api-project/vendor/laravel/framework/src/Illuminate/Foundation/Http/Kernel.php(144): Illuminate\\Foundation\\Http\\Kernel->sendRequestThroughRouter()
#62 /home/obed/Bureau/my-api-project/vendor/laravel/framework/src/Illuminate/Foundation/Application.php(1219): Illuminate\\Foundation\\Http\\Kernel->handle()
#63 /home/obed/Bureau/my-api-project/public/index.php(20): Illuminate\\Foundation\\Application->handleRequest()
#64 /home/obed/Bureau/my-api-project/vendor/laravel/framework/src/Illuminate/Foundation/resources/server.php(23): require_once('...')
#65 {main}
"} 
[2025-08-28 17:29:20] local.ERROR: Call to undefined relationship [langues_specialites] on model [App\Models\Specialite]. {"exception":"[object] (Illuminate\\Database\\Eloquent\\RelationNotFoundException(code: 0): Call to undefined relationship [langues_specialites] on model [App\\Models\\Specialite]. at /home/obed/Bureau/my-api-project/vendor/laravel/framework/src/Illuminate/Database/Eloquent/RelationNotFoundException.php:35)
[stacktrace]
#0 /home/obed/Bureau/my-api-project/vendor/laravel/framework/src/Illuminate/Database/Eloquent/Builder.php(954): Illuminate\\Database\\Eloquent\\RelationNotFoundException::make()
#1 /home/obed/Bureau/my-api-project/vendor/laravel/framework/src/Illuminate/Database/Eloquent/Relations/Relation.php(119): Illuminate\\Database\\Eloquent\\Builder->Illuminate\\Database\\Eloquent\\{closure}()
#2 /home/obed/Bureau/my-api-project/vendor/laravel/framework/src/Illuminate/Database/Eloquent/Builder.php(950): Illuminate\\Database\\Eloquent\\Relations\\Relation::noConstraints()
#3 /home/obed/Bureau/my-api-project/vendor/laravel/framework/src/Illuminate/Database/Eloquent/Builder.php(924): Illuminate\\Database\\Eloquent\\Builder->getRelation()
#4 /home/obed/Bureau/my-api-project/vendor/laravel/framework/src/Illuminate/Database/Eloquent/Builder.php(904): Illuminate\\Database\\Eloquent\\Builder->eagerLoadRelation()
#5 /home/obed/Bureau/my-api-project/vendor/laravel/framework/src/Illuminate/Database/Eloquent/Builder.php(870): Illuminate\\Database\\Eloquent\\Builder->eagerLoadRelations()
#6 /home/obed/Bureau/my-api-project/vendor/laravel/framework/src/Illuminate/Database/Concerns/BuildsQueries.php(366): Illuminate\\Database\\Eloquent\\Builder->get()
#7 /home/obed/Bureau/my-api-project/app/Http/Controllers/SpecialiteController.php(64): Illuminate\\Database\\Eloquent\\Builder->first()
#8 /home/obed/Bureau/my-api-project/vendor/laravel/framework/src/Illuminate/Routing/ControllerDispatcher.php(46): App\\Http\\Controllers\\SpecialiteController->getSpecialistInfo()
#9 /home/obed/Bureau/my-api-project/vendor/laravel/framework/src/Illuminate/Routing/Route.php(265): Illuminate\\Routing\\ControllerDispatcher->dispatch()
#10 /home/obed/Bureau/my-api-project/vendor/laravel/framework/src/Illuminate/Routing/Route.php(211): Illuminate\\Routing\\Route->runController()
#11 /home/obed/Bureau/my-api-project/vendor/laravel/framework/src/Illuminate/Routing/Router.php(822): Illuminate\\Routing\\Route->run()
#12 /home/obed/Bureau/my-api-project/vendor/laravel/framework/src/Illuminate/Pipeline/Pipeline.php(180): Illuminate\\Routing\\Router->Illuminate\\Routing\\{closure}()
#13 /home/obed/Bureau/my-api-project/vendor/laravel/framework/src/Illuminate/Routing/Middleware/SubstituteBindings.php(50): Illuminate\\Pipeline\\Pipeline->Illuminate\\Pipeline\\{closure}()
#14 /home/obed/Bureau/my-api-project/vendor/laravel/framework/src/Illuminate/Pipeline/Pipeline.php(219): Illuminate\\Routing\\Middleware\\SubstituteBindings->handle()
#15 /home/obed/Bureau/my-api-project/vendor/laravel/sanctum/src/Http/Middleware/EnsureFrontendRequestsAreStateful.php(26): Illuminate\\Pipeline\\Pipeline->Illuminate\\Pipeline\\{closure}()
#16 /home/obed/Bureau/my-api-project/vendor/laravel/framework/src/Illuminate/Pipeline/Pipeline.php(180): Laravel\\Sanctum\\Http\\Middleware\\EnsureFrontendRequestsAreStateful->Laravel\\Sanctum\\Http\\Middleware\\{closure}()
#17 /home/obed/Bureau/my-api-project/vendor/laravel/framework/src/Illuminate/Pipeline/Pipeline.php(137): Illuminate\\Pipeline\\Pipeline->Illuminate\\Pipeline\\{closure}()
#18 /home/obed/Bureau/my-api-project/vendor/laravel/sanctum/src/Http/Middleware/EnsureFrontendRequestsAreStateful.php(25): Illuminate\\Pipeline\\Pipeline->then()
#19 /home/obed/Bureau/my-api-project/vendor/laravel/framework/src/Illuminate/Pipeline/Pipeline.php(219): Laravel\\Sanctum\\Http\\Middleware\\EnsureFrontendRequestsAreStateful->handle()
#20 /home/obed/Bureau/my-api-project/vendor/laravel/framework/src/Illuminate/Pipeline/Pipeline.php(137): Illuminate\\Pipeline\\Pipeline->Illuminate\\Pipeline\\{closure}()
#21 /home/obed/Bureau/my-api-project/vendor/laravel/framework/src/Illuminate/Routing/Router.php(821): Illuminate\\Pipeline\\Pipeline->then()
#22 /home/obed/Bureau/my-api-project/vendor/laravel/framework/src/Illuminate/Routing/Router.php(800): Illuminate\\Routing\\Router->runRouteWithinStack()
#23 /home/obed/Bureau/my-api-project/vendor/laravel/framework/src/Illuminate/Routing/Router.php(764): Illuminate\\Routing\\Router->runRoute()
#24 /home/obed/Bureau/my-api-project/vendor/laravel/framework/src/Illuminate/Routing/Router.php(753): Illuminate\\Routing\\Router->dispatchToRoute()
#25 /home/obed/Bureau/my-api-project/vendor/laravel/framework/src/Illuminate/Foundation/Http/Kernel.php(200): Illuminate\\Routing\\Router->dispatch()
#26 /home/obed/Bureau/my-api-project/vendor/laravel/framework/src/Illuminate/Pipeline/Pipeline.php(180): Illuminate\\Foundation\\Http\\Kernel->Illuminate\\Foundation\\Http\\{closure}()
#27 /home/obed/Bureau/my-api-project/vendor/laravel/framework/src/Illuminate/Foundation/Http/Middleware/TransformsRequest.php(21): Illuminate\\Pipeline\\Pipeline->Illuminate\\Pipeline\\{closure}()
#28 /home/obed/Bureau/my-api-project/vendor/laravel/framework/src/Illuminate/Foundation/Http/Middleware/ConvertEmptyStringsToNull.php(31): Illuminate\\Foundation\\Http\\Middleware\\TransformsRequest->handle()
#29 /home/obed/Bureau/my-api-project/vendor/laravel/framework/src/Illuminate/Pipeline/Pipeline.php(219): Illuminate\\Foundation\\Http\\Middleware\\ConvertEmptyStringsToNull->handle()
#30 /home/obed/Bureau/my-api-project/vendor/laravel/framework/src/Illuminate/Foundation/Http/Middleware/TransformsRequest.php(21): Illuminate\\Pipeline\\Pipeline->Illuminate\\Pipeline\\{closure}()
#31 /home/obed/Bureau/my-api-project/vendor/laravel/framework/src/Illuminate/Foundation/Http/Middleware/TrimStrings.php(51): Illuminate\\Foundation\\Http\\Middleware\\TransformsRequest->handle()
#32 /home/obed/Bureau/my-api-project/vendor/laravel/framework/src/Illuminate/Pipeline/Pipeline.php(219): Illuminate\\Foundation\\Http\\Middleware\\TrimStrings->handle()
#33 /home/obed/Bureau/my-api-project/vendor/laravel/framework/src/Illuminate/Http/Middleware/ValidatePostSize.php(27): Illuminate\\Pipeline\\Pipeline->Illuminate\\Pipeline\\{closure}()
#34 /home/obed/Bureau/my-api-project/vendor/laravel/framework/src/Illuminate/Pipeline/Pipeline.php(219): Illuminate\\Http\\Middleware\\ValidatePostSize->handle()
#35 /home/obed/Bureau/my-api-project/vendor/laravel/framework/src/Illuminate/Foundation/Http/Middleware/PreventRequestsDuringMaintenance.php(109): Illuminate\\Pipeline\\Pipeline->Illuminate\\Pipeline\\{closure}()
#36 /home/obed/Bureau/my-api-project/vendor/laravel/framework/src/Illuminate/Pipeline/Pipeline.php(219): Illuminate\\Foundation\\Http\\Middleware\\PreventRequestsDuringMaintenance->handle()
#37 /home/obed/Bureau/my-api-project/vendor/laravel/framework/src/Illuminate/Http/Middleware/HandleCors.php(61): Illuminate\\Pipeline\\Pipeline->Illuminate\\Pipeline\\{closure}()
#38 /home/obed/Bureau/my-api-project/vendor/laravel/framework/src/Illuminate/Pipeline/Pipeline.php(219): Illuminate\\Http\\Middleware\\HandleCors->handle()
#39 /home/obed/Bureau/my-api-project/vendor/laravel/framework/src/Illuminate/Http/Middleware/TrustProxies.php(58): Illuminate\\Pipeline\\Pipeline->Illuminate\\Pipeline\\{closure}()
#40 /home/obed/Bureau/my-api-project/vendor/laravel/framework/src/Illuminate/Pipeline/Pipeline.php(219): Illuminate\\Http\\Middleware\\TrustProxies->handle()
#41 /home/obed/Bureau/my-api-project/vendor/laravel/framework/src/Illuminate/Foundation/Http/Middleware/InvokeDeferredCallbacks.php(22): Illuminate\\Pipeline\\Pipeline->Illuminate\\Pipeline\\{closure}()
#42 /home/obed/Bureau/my-api-project/vendor/laravel/framework/src/Illuminate/Pipeline/Pipeline.php(219): Illuminate\\Foundation\\Http\\Middleware\\InvokeDeferredCallbacks->handle()
#43 /home/obed/Bureau/my-api-project/vendor/laravel/framework/src/Illuminate/Http/Middleware/ValidatePathEncoding.php(26): Illuminate\\Pipeline\\Pipeline->Illuminate\\Pipeline\\{closure}()
#44 /home/obed/Bureau/my-api-project/vendor/laravel/framework/src/Illuminate/Pipeline/Pipeline.php(219): Illuminate\\Http\\Middleware\\ValidatePathEncoding->handle()
#45 /home/obed/Bureau/my-api-project/vendor/laravel/framework/src/Illuminate/Pipeline/Pipeline.php(137): Illuminate\\Pipeline\\Pipeline->Illuminate\\Pipeline\\{closure}()
#46 /home/obed/Bureau/my-api-project/vendor/laravel/framework/src/Illuminate/Foundation/Http/Kernel.php(175): Illuminate\\Pipeline\\Pipeline->then()
#47 /home/obed/Bureau/my-api-project/vendor/laravel/framework/src/Illuminate/Foundation/Http/Kernel.php(144): Illuminate\\Foundation\\Http\\Kernel->sendRequestThroughRouter()
#48 /home/obed/Bureau/my-api-project/vendor/laravel/framework/src/Illuminate/Foundation/Application.php(1219): Illuminate\\Foundation\\Http\\Kernel->handle()
#49 /home/obed/Bureau/my-api-project/public/index.php(20): Illuminate\\Foundation\\Application->handleRequest()
#50 /home/obed/Bureau/my-api-project/vendor/laravel/framework/src/Illuminate/Foundation/resources/server.php(23): require_once('...')
#51 {main}
"} 
[2025-08-28 17:30:13] local.ERROR: SQLSTATE[42S02]: Base table or view not found: 1146 Table 'laravel.langue_specialite' doesn't exist (Connection: mysql, SQL: select `langues`.*, `langue_specialite`.`specialite_id` as `pivot_specialite_id`, `langue_specialite`.`langue_id` as `pivot_langue_id` from `langues` inner join `langue_specialite` on `langues`.`id` = `langue_specialite`.`langue_id` where `langue_specialite`.`specialite_id` in (2) and `langues`.`deleted_at` is null) {"exception":"[object] (Illuminate\\Database\\QueryException(code: 42S02): SQLSTATE[42S02]: Base table or view not found: 1146 Table 'laravel.langue_specialite' doesn't exist (Connection: mysql, SQL: select `langues`.*, `langue_specialite`.`specialite_id` as `pivot_specialite_id`, `langue_specialite`.`langue_id` as `pivot_langue_id` from `langues` inner join `langue_specialite` on `langues`.`id` = `langue_specialite`.`langue_id` where `langue_specialite`.`specialite_id` in (2) and `langues`.`deleted_at` is null) at /home/obed/Bureau/my-api-project/vendor/laravel/framework/src/Illuminate/Database/Connection.php:824)
[stacktrace]
#0 /home/obed/Bureau/my-api-project/vendor/laravel/framework/src/Illuminate/Database/Connection.php(778): Illuminate\\Database\\Connection->runQueryCallback()
#1 /home/obed/Bureau/my-api-project/vendor/laravel/framework/src/Illuminate/Database/Connection.php(397): Illuminate\\Database\\Connection->run()
#2 /home/obed/Bureau/my-api-project/vendor/laravel/framework/src/Illuminate/Database/Query/Builder.php(3188): Illuminate\\Database\\Connection->select()
#3 /home/obed/Bureau/my-api-project/vendor/laravel/framework/src/Illuminate/Database/Query/Builder.php(3173): Illuminate\\Database\\Query\\Builder->runSelect()
#4 /home/obed/Bureau/my-api-project/vendor/laravel/framework/src/Illuminate/Database/Query/Builder.php(3763): Illuminate\\Database\\Query\\Builder->Illuminate\\Database\\Query\\{closure}()
#5 /home/obed/Bureau/my-api-project/vendor/laravel/framework/src/Illuminate/Database/Query/Builder.php(3172): Illuminate\\Database\\Query\\Builder->onceWithColumns()
#6 /home/obed/Bureau/my-api-project/vendor/laravel/framework/src/Illuminate/Database/Eloquent/Builder.php(887): Illuminate\\Database\\Query\\Builder->get()
#7 /home/obed/Bureau/my-api-project/vendor/laravel/framework/src/Illuminate/Database/Eloquent/Relations/BelongsToMany.php(910): Illuminate\\Database\\Eloquent\\Builder->getModels()
#8 /home/obed/Bureau/my-api-project/vendor/laravel/framework/src/Illuminate/Database/Eloquent/Relations/Relation.php(175): Illuminate\\Database\\Eloquent\\Relations\\BelongsToMany->get()
#9 /home/obed/Bureau/my-api-project/vendor/laravel/framework/src/Illuminate/Database/Eloquent/Builder.php(935): Illuminate\\Database\\Eloquent\\Relations\\Relation->getEager()
#10 /home/obed/Bureau/my-api-project/vendor/laravel/framework/src/Illuminate/Database/Eloquent/Builder.php(904): Illuminate\\Database\\Eloquent\\Builder->eagerLoadRelation()
#11 /home/obed/Bureau/my-api-project/vendor/laravel/framework/src/Illuminate/Database/Eloquent/Builder.php(870): Illuminate\\Database\\Eloquent\\Builder->eagerLoadRelations()
#12 /home/obed/Bureau/my-api-project/vendor/laravel/framework/src/Illuminate/Database/Concerns/BuildsQueries.php(366): Illuminate\\Database\\Eloquent\\Builder->get()
#13 /home/obed/Bureau/my-api-project/app/Http/Controllers/SpecialiteController.php(64): Illuminate\\Database\\Eloquent\\Builder->first()
#14 /home/obed/Bureau/my-api-project/vendor/laravel/framework/src/Illuminate/Routing/ControllerDispatcher.php(46): App\\Http\\Controllers\\SpecialiteController->getSpecialistInfo()
#15 /home/obed/Bureau/my-api-project/vendor/laravel/framework/src/Illuminate/Routing/Route.php(265): Illuminate\\Routing\\ControllerDispatcher->dispatch()
#16 /home/obed/Bureau/my-api-project/vendor/laravel/framework/src/Illuminate/Routing/Route.php(211): Illuminate\\Routing\\Route->runController()
#17 /home/obed/Bureau/my-api-project/vendor/laravel/framework/src/Illuminate/Routing/Router.php(822): Illuminate\\Routing\\Route->run()
#18 /home/obed/Bureau/my-api-project/vendor/laravel/framework/src/Illuminate/Pipeline/Pipeline.php(180): Illuminate\\Routing\\Router->Illuminate\\Routing\\{closure}()
#19 /home/obed/Bureau/my-api-project/vendor/laravel/framework/src/Illuminate/Routing/Middleware/SubstituteBindings.php(50): Illuminate\\Pipeline\\Pipeline->Illuminate\\Pipeline\\{closure}()
#20 /home/obed/Bureau/my-api-project/vendor/laravel/framework/src/Illuminate/Pipeline/Pipeline.php(219): Illuminate\\Routing\\Middleware\\SubstituteBindings->handle()
#21 /home/obed/Bureau/my-api-project/vendor/laravel/sanctum/src/Http/Middleware/EnsureFrontendRequestsAreStateful.php(26): Illuminate\\Pipeline\\Pipeline->Illuminate\\Pipeline\\{closure}()
#22 /home/obed/Bureau/my-api-project/vendor/laravel/framework/src/Illuminate/Pipeline/Pipeline.php(180): Laravel\\Sanctum\\Http\\Middleware\\EnsureFrontendRequestsAreStateful->Laravel\\Sanctum\\Http\\Middleware\\{closure}()
#23 /home/obed/Bureau/my-api-project/vendor/laravel/framework/src/Illuminate/Pipeline/Pipeline.php(137): Illuminate\\Pipeline\\Pipeline->Illuminate\\Pipeline\\{closure}()
#24 /home/obed/Bureau/my-api-project/vendor/laravel/sanctum/src/Http/Middleware/EnsureFrontendRequestsAreStateful.php(25): Illuminate\\Pipeline\\Pipeline->then()
#25 /home/obed/Bureau/my-api-project/vendor/laravel/framework/src/Illuminate/Pipeline/Pipeline.php(219): Laravel\\Sanctum\\Http\\Middleware\\EnsureFrontendRequestsAreStateful->handle()
#26 /home/obed/Bureau/my-api-project/vendor/laravel/framework/src/Illuminate/Pipeline/Pipeline.php(137): Illuminate\\Pipeline\\Pipeline->Illuminate\\Pipeline\\{closure}()
#27 /home/obed/Bureau/my-api-project/vendor/laravel/framework/src/Illuminate/Routing/Router.php(821): Illuminate\\Pipeline\\Pipeline->then()
#28 /home/obed/Bureau/my-api-project/vendor/laravel/framework/src/Illuminate/Routing/Router.php(800): Illuminate\\Routing\\Router->runRouteWithinStack()
#29 /home/obed/Bureau/my-api-project/vendor/laravel/framework/src/Illuminate/Routing/Router.php(764): Illuminate\\Routing\\Router->runRoute()
#30 /home/obed/Bureau/my-api-project/vendor/laravel/framework/src/Illuminate/Routing/Router.php(753): Illuminate\\Routing\\Router->dispatchToRoute()
#31 /home/obed/Bureau/my-api-project/vendor/laravel/framework/src/Illuminate/Foundation/Http/Kernel.php(200): Illuminate\\Routing\\Router->dispatch()
#32 /home/obed/Bureau/my-api-project/vendor/laravel/framework/src/Illuminate/Pipeline/Pipeline.php(180): Illuminate\\Foundation\\Http\\Kernel->Illuminate\\Foundation\\Http\\{closure}()
#33 /home/obed/Bureau/my-api-project/vendor/laravel/framework/src/Illuminate/Foundation/Http/Middleware/TransformsRequest.php(21): Illuminate\\Pipeline\\Pipeline->Illuminate\\Pipeline\\{closure}()
#34 /home/obed/Bureau/my-api-project/vendor/laravel/framework/src/Illuminate/Foundation/Http/Middleware/ConvertEmptyStringsToNull.php(31): Illuminate\\Foundation\\Http\\Middleware\\TransformsRequest->handle()
#35 /home/obed/Bureau/my-api-project/vendor/laravel/framework/src/Illuminate/Pipeline/Pipeline.php(219): Illuminate\\Foundation\\Http\\Middleware\\ConvertEmptyStringsToNull->handle()
#36 /home/obed/Bureau/my-api-project/vendor/laravel/framework/src/Illuminate/Foundation/Http/Middleware/TransformsRequest.php(21): Illuminate\\Pipeline\\Pipeline->Illuminate\\Pipeline\\{closure}()
#37 /home/obed/Bureau/my-api-project/vendor/laravel/framework/src/Illuminate/Foundation/Http/Middleware/TrimStrings.php(51): Illuminate\\Foundation\\Http\\Middleware\\TransformsRequest->handle()
#38 /home/obed/Bureau/my-api-project/vendor/laravel/framework/src/Illuminate/Pipeline/Pipeline.php(219): Illuminate\\Foundation\\Http\\Middleware\\TrimStrings->handle()
#39 /home/obed/Bureau/my-api-project/vendor/laravel/framework/src/Illuminate/Http/Middleware/ValidatePostSize.php(27): Illuminate\\Pipeline\\Pipeline->Illuminate\\Pipeline\\{closure}()
#40 /home/obed/Bureau/my-api-project/vendor/laravel/framework/src/Illuminate/Pipeline/Pipeline.php(219): Illuminate\\Http\\Middleware\\ValidatePostSize->handle()
#41 /home/obed/Bureau/my-api-project/vendor/laravel/framework/src/Illuminate/Foundation/Http/Middleware/PreventRequestsDuringMaintenance.php(109): Illuminate\\Pipeline\\Pipeline->Illuminate\\Pipeline\\{closure}()
#42 /home/obed/Bureau/my-api-project/vendor/laravel/framework/src/Illuminate/Pipeline/Pipeline.php(219): Illuminate\\Foundation\\Http\\Middleware\\PreventRequestsDuringMaintenance->handle()
#43 /home/obed/Bureau/my-api-project/vendor/laravel/framework/src/Illuminate/Http/Middleware/HandleCors.php(61): Illuminate\\Pipeline\\Pipeline->Illuminate\\Pipeline\\{closure}()
#44 /home/obed/Bureau/my-api-project/vendor/laravel/framework/src/Illuminate/Pipeline/Pipeline.php(219): Illuminate\\Http\\Middleware\\HandleCors->handle()
#45 /home/obed/Bureau/my-api-project/vendor/laravel/framework/src/Illuminate/Http/Middleware/TrustProxies.php(58): Illuminate\\Pipeline\\Pipeline->Illuminate\\Pipeline\\{closure}()
#46 /home/obed/Bureau/my-api-project/vendor/laravel/framework/src/Illuminate/Pipeline/Pipeline.php(219): Illuminate\\Http\\Middleware\\TrustProxies->handle()
#47 /home/obed/Bureau/my-api-project/vendor/laravel/framework/src/Illuminate/Foundation/Http/Middleware/InvokeDeferredCallbacks.php(22): Illuminate\\Pipeline\\Pipeline->Illuminate\\Pipeline\\{closure}()
#48 /home/obed/Bureau/my-api-project/vendor/laravel/framework/src/Illuminate/Pipeline/Pipeline.php(219): Illuminate\\Foundation\\Http\\Middleware\\InvokeDeferredCallbacks->handle()
#49 /home/obed/Bureau/my-api-project/vendor/laravel/framework/src/Illuminate/Http/Middleware/ValidatePathEncoding.php(26): Illuminate\\Pipeline\\Pipeline->Illuminate\\Pipeline\\{closure}()
#50 /home/obed/Bureau/my-api-project/vendor/laravel/framework/src/Illuminate/Pipeline/Pipeline.php(219): Illuminate\\Http\\Middleware\\ValidatePathEncoding->handle()
#51 /home/obed/Bureau/my-api-project/vendor/laravel/framework/src/Illuminate/Pipeline/Pipeline.php(137): Illuminate\\Pipeline\\Pipeline->Illuminate\\Pipeline\\{closure}()
#52 /home/obed/Bureau/my-api-project/vendor/laravel/framework/src/Illuminate/Foundation/Http/Kernel.php(175): Illuminate\\Pipeline\\Pipeline->then()
#53 /home/obed/Bureau/my-api-project/vendor/laravel/framework/src/Illuminate/Foundation/Http/Kernel.php(144): Illuminate\\Foundation\\Http\\Kernel->sendRequestThroughRouter()
#54 /home/obed/Bureau/my-api-project/vendor/laravel/framework/src/Illuminate/Foundation/Application.php(1219): Illuminate\\Foundation\\Http\\Kernel->handle()
#55 /home/obed/Bureau/my-api-project/public/index.php(20): Illuminate\\Foundation\\Application->handleRequest()
#56 /home/obed/Bureau/my-api-project/vendor/laravel/framework/src/Illuminate/Foundation/resources/server.php(23): require_once('...')
#57 {main}

[previous exception] [object] (PDOException(code: 42S02): SQLSTATE[42S02]: Base table or view not found: 1146 Table 'laravel.langue_specialite' doesn't exist at /home/obed/Bureau/my-api-project/vendor/laravel/framework/src/Illuminate/Database/Connection.php:406)
[stacktrace]
#0 /home/obed/Bureau/my-api-project/vendor/laravel/framework/src/Illuminate/Database/Connection.php(406): PDO->prepare()
#1 /home/obed/Bureau/my-api-project/vendor/laravel/framework/src/Illuminate/Database/Connection.php(811): Illuminate\\Database\\Connection->Illuminate\\Database\\{closure}()
#2 /home/obed/Bureau/my-api-project/vendor/laravel/framework/src/Illuminate/Database/Connection.php(778): Illuminate\\Database\\Connection->runQueryCallback()
#3 /home/obed/Bureau/my-api-project/vendor/laravel/framework/src/Illuminate/Database/Connection.php(397): Illuminate\\Database\\Connection->run()
#4 /home/obed/Bureau/my-api-project/vendor/laravel/framework/src/Illuminate/Database/Query/Builder.php(3188): Illuminate\\Database\\Connection->select()
#5 /home/obed/Bureau/my-api-project/vendor/laravel/framework/src/Illuminate/Database/Query/Builder.php(3173): Illuminate\\Database\\Query\\Builder->runSelect()
#6 /home/obed/Bureau/my-api-project/vendor/laravel/framework/src/Illuminate/Database/Query/Builder.php(3763): Illuminate\\Database\\Query\\Builder->Illuminate\\Database\\Query\\{closure}()
#7 /home/obed/Bureau/my-api-project/vendor/laravel/framework/src/Illuminate/Database/Query/Builder.php(3172): Illuminate\\Database\\Query\\Builder->onceWithColumns()
#8 /home/obed/Bureau/my-api-project/vendor/laravel/framework/src/Illuminate/Database/Eloquent/Builder.php(887): Illuminate\\Database\\Query\\Builder->get()
#9 /home/obed/Bureau/my-api-project/vendor/laravel/framework/src/Illuminate/Database/Eloquent/Relations/BelongsToMany.php(910): Illuminate\\Database\\Eloquent\\Builder->getModels()
#10 /home/obed/Bureau/my-api-project/vendor/laravel/framework/src/Illuminate/Database/Eloquent/Relations/Relation.php(175): Illuminate\\Database\\Eloquent\\Relations\\BelongsToMany->get()
#11 /home/obed/Bureau/my-api-project/vendor/laravel/framework/src/Illuminate/Database/Eloquent/Builder.php(935): Illuminate\\Database\\Eloquent\\Relations\\Relation->getEager()
#12 /home/obed/Bureau/my-api-project/vendor/laravel/framework/src/Illuminate/Database/Eloquent/Builder.php(904): Illuminate\\Database\\Eloquent\\Builder->eagerLoadRelation()
#13 /home/obed/Bureau/my-api-project/vendor/laravel/framework/src/Illuminate/Database/Eloquent/Builder.php(870): Illuminate\\Database\\Eloquent\\Builder->eagerLoadRelations()
#14 /home/obed/Bureau/my-api-project/vendor/laravel/framework/src/Illuminate/Database/Concerns/BuildsQueries.php(366): Illuminate\\Database\\Eloquent\\Builder->get()
#15 /home/obed/Bureau/my-api-project/app/Http/Controllers/SpecialiteController.php(64): Illuminate\\Database\\Eloquent\\Builder->first()
#16 /home/obed/Bureau/my-api-project/vendor/laravel/framework/src/Illuminate/Routing/ControllerDispatcher.php(46): App\\Http\\Controllers\\SpecialiteController->getSpecialistInfo()
#17 /home/obed/Bureau/my-api-project/vendor/laravel/framework/src/Illuminate/Routing/Route.php(265): Illuminate\\Routing\\ControllerDispatcher->dispatch()
#18 /home/obed/Bureau/my-api-project/vendor/laravel/framework/src/Illuminate/Routing/Route.php(211): Illuminate\\Routing\\Route->runController()
#19 /home/obed/Bureau/my-api-project/vendor/laravel/framework/src/Illuminate/Routing/Router.php(822): Illuminate\\Routing\\Route->run()
#20 /home/obed/Bureau/my-api-project/vendor/laravel/framework/src/Illuminate/Pipeline/Pipeline.php(180): Illuminate\\Routing\\Router->Illuminate\\Routing\\{closure}()
#21 /home/obed/Bureau/my-api-project/vendor/laravel/framework/src/Illuminate/Routing/Middleware/SubstituteBindings.php(50): Illuminate\\Pipeline\\Pipeline->Illuminate\\Pipeline\\{closure}()
#22 /home/obed/Bureau/my-api-project/vendor/laravel/framework/src/Illuminate/Pipeline/Pipeline.php(219): Illuminate\\Routing\\Middleware\\SubstituteBindings->handle()
#23 /home/obed/Bureau/my-api-project/vendor/laravel/sanctum/src/Http/Middleware/EnsureFrontendRequestsAreStateful.php(26): Illuminate\\Pipeline\\Pipeline->Illuminate\\Pipeline\\{closure}()
#24 /home/obed/Bureau/my-api-project/vendor/laravel/framework/src/Illuminate/Pipeline/Pipeline.php(180): Laravel\\Sanctum\\Http\\Middleware\\EnsureFrontendRequestsAreStateful->Laravel\\Sanctum\\Http\\Middleware\\{closure}()
#25 /home/obed/Bureau/my-api-project/vendor/laravel/framework/src/Illuminate/Pipeline/Pipeline.php(137): Illuminate\\Pipeline\\Pipeline->Illuminate\\Pipeline\\{closure}()
#26 /home/obed/Bureau/my-api-project/vendor/laravel/sanctum/src/Http/Middleware/EnsureFrontendRequestsAreStateful.php(25): Illuminate\\Pipeline\\Pipeline->then()
#27 /home/obed/Bureau/my-api-project/vendor/laravel/framework/src/Illuminate/Pipeline/Pipeline.php(219): Laravel\\Sanctum\\Http\\Middleware\\EnsureFrontendRequestsAreStateful->handle()
#28 /home/obed/Bureau/my-api-project/vendor/laravel/framework/src/Illuminate/Pipeline/Pipeline.php(137): Illuminate\\Pipeline\\Pipeline->Illuminate\\Pipeline\\{closure}()
#29 /home/obed/Bureau/my-api-project/vendor/laravel/framework/src/Illuminate/Routing/Router.php(821): Illuminate\\Pipeline\\Pipeline->then()
#30 /home/obed/Bureau/my-api-project/vendor/laravel/framework/src/Illuminate/Routing/Router.php(800): Illuminate\\Routing\\Router->runRouteWithinStack()
#31 /home/obed/Bureau/my-api-project/vendor/laravel/framework/src/Illuminate/Routing/Router.php(764): Illuminate\\Routing\\Router->runRoute()
#32 /home/obed/Bureau/my-api-project/vendor/laravel/framework/src/Illuminate/Routing/Router.php(753): Illuminate\\Routing\\Router->dispatchToRoute()
#33 /home/obed/Bureau/my-api-project/vendor/laravel/framework/src/Illuminate/Foundation/Http/Kernel.php(200): Illuminate\\Routing\\Router->dispatch()
#34 /home/obed/Bureau/my-api-project/vendor/laravel/framework/src/Illuminate/Pipeline/Pipeline.php(180): Illuminate\\Foundation\\Http\\Kernel->Illuminate\\Foundation\\Http\\{closure}()
#35 /home/obed/Bureau/my-api-project/vendor/laravel/framework/src/Illuminate/Foundation/Http/Middleware/TransformsRequest.php(21): Illuminate\\Pipeline\\Pipeline->Illuminate\\Pipeline\\{closure}()
#36 /home/obed/Bureau/my-api-project/vendor/laravel/framework/src/Illuminate/Foundation/Http/Middleware/ConvertEmptyStringsToNull.php(31): Illuminate\\Foundation\\Http\\Middleware\\TransformsRequest->handle()
#37 /home/obed/Bureau/my-api-project/vendor/laravel/framework/src/Illuminate/Pipeline/Pipeline.php(219): Illuminate\\Foundation\\Http\\Middleware\\ConvertEmptyStringsToNull->handle()
#38 /home/obed/Bureau/my-api-project/vendor/laravel/framework/src/Illuminate/Foundation/Http/Middleware/TransformsRequest.php(21): Illuminate\\Pipeline\\Pipeline->Illuminate\\Pipeline\\{closure}()
#39 /home/obed/Bureau/my-api-project/vendor/laravel/framework/src/Illuminate/Foundation/Http/Middleware/TrimStrings.php(51): Illuminate\\Foundation\\Http\\Middleware\\TransformsRequest->handle()
#40 /home/obed/Bureau/my-api-project/vendor/laravel/framework/src/Illuminate/Pipeline/Pipeline.php(219): Illuminate\\Foundation\\Http\\Middleware\\TrimStrings->handle()
#41 /home/obed/Bureau/my-api-project/vendor/laravel/framework/src/Illuminate/Http/Middleware/ValidatePostSize.php(27): Illuminate\\Pipeline\\Pipeline->Illuminate\\Pipeline\\{closure}()
#42 /home/obed/Bureau/my-api-project/vendor/laravel/framework/src/Illuminate/Pipeline/Pipeline.php(219): Illuminate\\Http\\Middleware\\ValidatePostSize->handle()
#43 /home/obed/Bureau/my-api-project/vendor/laravel/framework/src/Illuminate/Foundation/Http/Middleware/PreventRequestsDuringMaintenance.php(109): Illuminate\\Pipeline\\Pipeline->Illuminate\\Pipeline\\{closure}()
#44 /home/obed/Bureau/my-api-project/vendor/laravel/framework/src/Illuminate/Pipeline/Pipeline.php(219): Illuminate\\Foundation\\Http\\Middleware\\PreventRequestsDuringMaintenance->handle()
#45 /home/obed/Bureau/my-api-project/vendor/laravel/framework/src/Illuminate/Http/Middleware/HandleCors.php(61): Illuminate\\Pipeline\\Pipeline->Illuminate\\Pipeline\\{closure}()
#46 /home/obed/Bureau/my-api-project/vendor/laravel/framework/src/Illuminate/Pipeline/Pipeline.php(219): Illuminate\\Http\\Middleware\\HandleCors->handle()
#47 /home/obed/Bureau/my-api-project/vendor/laravel/framework/src/Illuminate/Http/Middleware/TrustProxies.php(58): Illuminate\\Pipeline\\Pipeline->Illuminate\\Pipeline\\{closure}()
#48 /home/obed/Bureau/my-api-project/vendor/laravel/framework/src/Illuminate/Pipeline/Pipeline.php(219): Illuminate\\Http\\Middleware\\TrustProxies->handle()
#49 /home/obed/Bureau/my-api-project/vendor/laravel/framework/src/Illuminate/Foundation/Http/Middleware/InvokeDeferredCallbacks.php(22): Illuminate\\Pipeline\\Pipeline->Illuminate\\Pipeline\\{closure}()
#50 /home/obed/Bureau/my-api-project/vendor/laravel/framework/src/Illuminate/Pipeline/Pipeline.php(219): Illuminate\\Foundation\\Http\\Middleware\\InvokeDeferredCallbacks->handle()
#51 /home/obed/Bureau/my-api-project/vendor/laravel/framework/src/Illuminate/Http/Middleware/ValidatePathEncoding.php(26): Illuminate\\Pipeline\\Pipeline->Illuminate\\Pipeline\\{closure}()
#52 /home/obed/Bureau/my-api-project/vendor/laravel/framework/src/Illuminate/Pipeline/Pipeline.php(219): Illuminate\\Http\\Middleware\\ValidatePathEncoding->handle()
#53 /home/obed/Bureau/my-api-project/vendor/laravel/framework/src/Illuminate/Pipeline/Pipeline.php(137): Illuminate\\Pipeline\\Pipeline->Illuminate\\Pipeline\\{closure}()
#54 /home/obed/Bureau/my-api-project/vendor/laravel/framework/src/Illuminate/Foundation/Http/Kernel.php(175): Illuminate\\Pipeline\\Pipeline->then()
#55 /home/obed/Bureau/my-api-project/vendor/laravel/framework/src/Illuminate/Foundation/Http/Kernel.php(144): Illuminate\\Foundation\\Http\\Kernel->sendRequestThroughRouter()
#56 /home/obed/Bureau/my-api-project/vendor/laravel/framework/src/Illuminate/Foundation/Application.php(1219): Illuminate\\Foundation\\Http\\Kernel->handle()
#57 /home/obed/Bureau/my-api-project/public/index.php(20): Illuminate\\Foundation\\Application->handleRequest()
#58 /home/obed/Bureau/my-api-project/vendor/laravel/framework/src/Illuminate/Foundation/resources/server.php(23): require_once('...')
#59 {main}
"} 
[2025-08-29 11:20:11] local.INFO: Début de la fonction findUserSpecialite -----------------  
[2025-08-29 11:20:11] local.INFO: Spécialité trouvée pour l'utilisateur {"user_id":2,"specialite_id":2} 
[2025-08-29 11:29:09] local.INFO: Début de la fonction findUserSpecialite -----------------  
[2025-08-29 11:29:09] local.INFO: Spécialité trouvée pour l'utilisateur {"user_id":2,"specialite_id":2} 
[2025-08-29 15:22:53] local.ERROR: SQLSTATE[42S22]: Column not found: 1054 Unknown column 'specialites.user_id' in 'where clause' (Connection: mysql, SQL: select * from `specialites` where `specialites`.`user_id` in (2) and `specialites`.`deleted_at` is null) {"exception":"[object] (Illuminate\\Database\\QueryException(code: 42S22): SQLSTATE[42S22]: Column not found: 1054 Unknown column 'specialites.user_id' in 'where clause' (Connection: mysql, SQL: select * from `specialites` where `specialites`.`user_id` in (2) and `specialites`.`deleted_at` is null) at /home/obed/Bureau/my-api-project/vendor/laravel/framework/src/Illuminate/Database/Connection.php:824)
[stacktrace]
#0 /home/obed/Bureau/my-api-project/vendor/laravel/framework/src/Illuminate/Database/Connection.php(778): Illuminate\\Database\\Connection->runQueryCallback()
#1 /home/obed/Bureau/my-api-project/vendor/laravel/framework/src/Illuminate/Database/Connection.php(397): Illuminate\\Database\\Connection->run()
#2 /home/obed/Bureau/my-api-project/vendor/laravel/framework/src/Illuminate/Database/Query/Builder.php(3188): Illuminate\\Database\\Connection->select()
#3 /home/obed/Bureau/my-api-project/vendor/laravel/framework/src/Illuminate/Database/Query/Builder.php(3173): Illuminate\\Database\\Query\\Builder->runSelect()
#4 /home/obed/Bureau/my-api-project/vendor/laravel/framework/src/Illuminate/Database/Query/Builder.php(3763): Illuminate\\Database\\Query\\Builder->Illuminate\\Database\\Query\\{closure}()
#5 /home/obed/Bureau/my-api-project/vendor/laravel/framework/src/Illuminate/Database/Query/Builder.php(3172): Illuminate\\Database\\Query\\Builder->onceWithColumns()
#6 /home/obed/Bureau/my-api-project/vendor/laravel/framework/src/Illuminate/Database/Eloquent/Builder.php(887): Illuminate\\Database\\Query\\Builder->get()
#7 /home/obed/Bureau/my-api-project/vendor/laravel/framework/src/Illuminate/Database/Eloquent/Builder.php(869): Illuminate\\Database\\Eloquent\\Builder->getModels()
#8 /home/obed/Bureau/my-api-project/vendor/laravel/framework/src/Illuminate/Database/Eloquent/Relations/Relation.php(212): Illuminate\\Database\\Eloquent\\Builder->get()
#9 /home/obed/Bureau/my-api-project/vendor/laravel/framework/src/Illuminate/Database/Eloquent/Relations/Relation.php(175): Illuminate\\Database\\Eloquent\\Relations\\Relation->get()
#10 /home/obed/Bureau/my-api-project/vendor/laravel/framework/src/Illuminate/Database/Eloquent/Builder.php(935): Illuminate\\Database\\Eloquent\\Relations\\Relation->getEager()
#11 /home/obed/Bureau/my-api-project/vendor/laravel/framework/src/Illuminate/Database/Eloquent/Builder.php(904): Illuminate\\Database\\Eloquent\\Builder->eagerLoadRelation()
#12 /home/obed/Bureau/my-api-project/vendor/laravel/framework/src/Illuminate/Database/Eloquent/Builder.php(870): Illuminate\\Database\\Eloquent\\Builder->eagerLoadRelations()
#13 /home/obed/Bureau/my-api-project/vendor/laravel/framework/src/Illuminate/Database/Eloquent/Relations/Relation.php(212): Illuminate\\Database\\Eloquent\\Builder->get()
#14 /home/obed/Bureau/my-api-project/vendor/laravel/framework/src/Illuminate/Database/Eloquent/Relations/Relation.php(175): Illuminate\\Database\\Eloquent\\Relations\\Relation->get()
#15 /home/obed/Bureau/my-api-project/vendor/laravel/framework/src/Illuminate/Database/Eloquent/Builder.php(935): Illuminate\\Database\\Eloquent\\Relations\\Relation->getEager()
#16 /home/obed/Bureau/my-api-project/vendor/laravel/framework/src/Illuminate/Database/Eloquent/Builder.php(904): Illuminate\\Database\\Eloquent\\Builder->eagerLoadRelation()
#17 /home/obed/Bureau/my-api-project/vendor/laravel/framework/src/Illuminate/Database/Eloquent/Builder.php(870): Illuminate\\Database\\Eloquent\\Builder->eagerLoadRelations()
#18 /home/obed/Bureau/my-api-project/app/Http/Controllers/RendezVousController.php(198): Illuminate\\Database\\Eloquent\\Builder->get()
#19 /home/obed/Bureau/my-api-project/vendor/laravel/framework/src/Illuminate/Routing/ControllerDispatcher.php(46): App\\Http\\Controllers\\RendezVousController->getUserRdv()
#20 /home/obed/Bureau/my-api-project/vendor/laravel/framework/src/Illuminate/Routing/Route.php(265): Illuminate\\Routing\\ControllerDispatcher->dispatch()
#21 /home/obed/Bureau/my-api-project/vendor/laravel/framework/src/Illuminate/Routing/Route.php(211): Illuminate\\Routing\\Route->runController()
#22 /home/obed/Bureau/my-api-project/vendor/laravel/framework/src/Illuminate/Routing/Router.php(822): Illuminate\\Routing\\Route->run()
#23 /home/obed/Bureau/my-api-project/vendor/laravel/framework/src/Illuminate/Pipeline/Pipeline.php(180): Illuminate\\Routing\\Router->Illuminate\\Routing\\{closure}()
#24 /home/obed/Bureau/my-api-project/vendor/laravel/framework/src/Illuminate/Routing/Middleware/SubstituteBindings.php(50): Illuminate\\Pipeline\\Pipeline->Illuminate\\Pipeline\\{closure}()
#25 /home/obed/Bureau/my-api-project/vendor/laravel/framework/src/Illuminate/Pipeline/Pipeline.php(219): Illuminate\\Routing\\Middleware\\SubstituteBindings->handle()
#26 /home/obed/Bureau/my-api-project/vendor/laravel/sanctum/src/Http/Middleware/EnsureFrontendRequestsAreStateful.php(26): Illuminate\\Pipeline\\Pipeline->Illuminate\\Pipeline\\{closure}()
#27 /home/obed/Bureau/my-api-project/vendor/laravel/framework/src/Illuminate/Pipeline/Pipeline.php(180): Laravel\\Sanctum\\Http\\Middleware\\EnsureFrontendRequestsAreStateful->Laravel\\Sanctum\\Http\\Middleware\\{closure}()
#28 /home/obed/Bureau/my-api-project/vendor/laravel/framework/src/Illuminate/Pipeline/Pipeline.php(137): Illuminate\\Pipeline\\Pipeline->Illuminate\\Pipeline\\{closure}()
#29 /home/obed/Bureau/my-api-project/vendor/laravel/sanctum/src/Http/Middleware/EnsureFrontendRequestsAreStateful.php(25): Illuminate\\Pipeline\\Pipeline->then()
#30 /home/obed/Bureau/my-api-project/vendor/laravel/framework/src/Illuminate/Pipeline/Pipeline.php(219): Laravel\\Sanctum\\Http\\Middleware\\EnsureFrontendRequestsAreStateful->handle()
#31 /home/obed/Bureau/my-api-project/vendor/laravel/framework/src/Illuminate/Pipeline/Pipeline.php(137): Illuminate\\Pipeline\\Pipeline->Illuminate\\Pipeline\\{closure}()
#32 /home/obed/Bureau/my-api-project/vendor/laravel/framework/src/Illuminate/Routing/Router.php(821): Illuminate\\Pipeline\\Pipeline->then()
#33 /home/obed/Bureau/my-api-project/vendor/laravel/framework/src/Illuminate/Routing/Router.php(800): Illuminate\\Routing\\Router->runRouteWithinStack()
#34 /home/obed/Bureau/my-api-project/vendor/laravel/framework/src/Illuminate/Routing/Router.php(764): Illuminate\\Routing\\Router->runRoute()
#35 /home/obed/Bureau/my-api-project/vendor/laravel/framework/src/Illuminate/Routing/Router.php(753): Illuminate\\Routing\\Router->dispatchToRoute()
#36 /home/obed/Bureau/my-api-project/vendor/laravel/framework/src/Illuminate/Foundation/Http/Kernel.php(200): Illuminate\\Routing\\Router->dispatch()
#37 /home/obed/Bureau/my-api-project/vendor/laravel/framework/src/Illuminate/Pipeline/Pipeline.php(180): Illuminate\\Foundation\\Http\\Kernel->Illuminate\\Foundation\\Http\\{closure}()
#38 /home/obed/Bureau/my-api-project/vendor/laravel/framework/src/Illuminate/Foundation/Http/Middleware/TransformsRequest.php(21): Illuminate\\Pipeline\\Pipeline->Illuminate\\Pipeline\\{closure}()
#39 /home/obed/Bureau/my-api-project/vendor/laravel/framework/src/Illuminate/Foundation/Http/Middleware/ConvertEmptyStringsToNull.php(31): Illuminate\\Foundation\\Http\\Middleware\\TransformsRequest->handle()
#40 /home/obed/Bureau/my-api-project/vendor/laravel/framework/src/Illuminate/Pipeline/Pipeline.php(219): Illuminate\\Foundation\\Http\\Middleware\\ConvertEmptyStringsToNull->handle()
#41 /home/obed/Bureau/my-api-project/vendor/laravel/framework/src/Illuminate/Foundation/Http/Middleware/TransformsRequest.php(21): Illuminate\\Pipeline\\Pipeline->Illuminate\\Pipeline\\{closure}()
#42 /home/obed/Bureau/my-api-project/vendor/laravel/framework/src/Illuminate/Foundation/Http/Middleware/TrimStrings.php(51): Illuminate\\Foundation\\Http\\Middleware\\TransformsRequest->handle()
#43 /home/obed/Bureau/my-api-project/vendor/laravel/framework/src/Illuminate/Pipeline/Pipeline.php(219): Illuminate\\Foundation\\Http\\Middleware\\TrimStrings->handle()
#44 /home/obed/Bureau/my-api-project/vendor/laravel/framework/src/Illuminate/Http/Middleware/ValidatePostSize.php(27): Illuminate\\Pipeline\\Pipeline->Illuminate\\Pipeline\\{closure}()
#45 /home/obed/Bureau/my-api-project/vendor/laravel/framework/src/Illuminate/Pipeline/Pipeline.php(219): Illuminate\\Http\\Middleware\\ValidatePostSize->handle()
#46 /home/obed/Bureau/my-api-project/vendor/laravel/framework/src/Illuminate/Foundation/Http/Middleware/PreventRequestsDuringMaintenance.php(109): Illuminate\\Pipeline\\Pipeline->Illuminate\\Pipeline\\{closure}()
#47 /home/obed/Bureau/my-api-project/vendor/laravel/framework/src/Illuminate/Pipeline/Pipeline.php(219): Illuminate\\Foundation\\Http\\Middleware\\PreventRequestsDuringMaintenance->handle()
#48 /home/obed/Bureau/my-api-project/vendor/laravel/framework/src/Illuminate/Http/Middleware/HandleCors.php(61): Illuminate\\Pipeline\\Pipeline->Illuminate\\Pipeline\\{closure}()
#49 /home/obed/Bureau/my-api-project/vendor/laravel/framework/src/Illuminate/Pipeline/Pipeline.php(219): Illuminate\\Http\\Middleware\\HandleCors->handle()
#50 /home/obed/Bureau/my-api-project/vendor/laravel/framework/src/Illuminate/Http/Middleware/TrustProxies.php(58): Illuminate\\Pipeline\\Pipeline->Illuminate\\Pipeline\\{closure}()
#51 /home/obed/Bureau/my-api-project/vendor/laravel/framework/src/Illuminate/Pipeline/Pipeline.php(219): Illuminate\\Http\\Middleware\\TrustProxies->handle()
#52 /home/obed/Bureau/my-api-project/vendor/laravel/framework/src/Illuminate/Foundation/Http/Middleware/InvokeDeferredCallbacks.php(22): Illuminate\\Pipeline\\Pipeline->Illuminate\\Pipeline\\{closure}()
#53 /home/obed/Bureau/my-api-project/vendor/laravel/framework/src/Illuminate/Pipeline/Pipeline.php(219): Illuminate\\Foundation\\Http\\Middleware\\InvokeDeferredCallbacks->handle()
#54 /home/obed/Bureau/my-api-project/vendor/laravel/framework/src/Illuminate/Http/Middleware/ValidatePathEncoding.php(26): Illuminate\\Pipeline\\Pipeline->Illuminate\\Pipeline\\{closure}()
#55 /home/obed/Bureau/my-api-project/vendor/laravel/framework/src/Illuminate/Pipeline/Pipeline.php(219): Illuminate\\Http\\Middleware\\ValidatePathEncoding->handle()
#56 /home/obed/Bureau/my-api-project/vendor/laravel/framework/src/Illuminate/Pipeline/Pipeline.php(137): Illuminate\\Pipeline\\Pipeline->Illuminate\\Pipeline\\{closure}()
#57 /home/obed/Bureau/my-api-project/vendor/laravel/framework/src/Illuminate/Foundation/Http/Kernel.php(175): Illuminate\\Pipeline\\Pipeline->then()
#58 /home/obed/Bureau/my-api-project/vendor/laravel/framework/src/Illuminate/Foundation/Http/Kernel.php(144): Illuminate\\Foundation\\Http\\Kernel->sendRequestThroughRouter()
#59 /home/obed/Bureau/my-api-project/vendor/laravel/framework/src/Illuminate/Foundation/Application.php(1219): Illuminate\\Foundation\\Http\\Kernel->handle()
#60 /home/obed/Bureau/my-api-project/public/index.php(20): Illuminate\\Foundation\\Application->handleRequest()
#61 /home/obed/Bureau/my-api-project/vendor/laravel/framework/src/Illuminate/Foundation/resources/server.php(23): require_once('...')
#62 {main}

[previous exception] [object] (PDOException(code: 42S22): SQLSTATE[42S22]: Column not found: 1054 Unknown column 'specialites.user_id' in 'where clause' at /home/obed/Bureau/my-api-project/vendor/laravel/framework/src/Illuminate/Database/Connection.php:406)
[stacktrace]
#0 /home/obed/Bureau/my-api-project/vendor/laravel/framework/src/Illuminate/Database/Connection.php(406): PDO->prepare()
#1 /home/obed/Bureau/my-api-project/vendor/laravel/framework/src/Illuminate/Database/Connection.php(811): Illuminate\\Database\\Connection->Illuminate\\Database\\{closure}()
#2 /home/obed/Bureau/my-api-project/vendor/laravel/framework/src/Illuminate/Database/Connection.php(778): Illuminate\\Database\\Connection->runQueryCallback()
#3 /home/obed/Bureau/my-api-project/vendor/laravel/framework/src/Illuminate/Database/Connection.php(397): Illuminate\\Database\\Connection->run()
#4 /home/obed/Bureau/my-api-project/vendor/laravel/framework/src/Illuminate/Database/Query/Builder.php(3188): Illuminate\\Database\\Connection->select()
#5 /home/obed/Bureau/my-api-project/vendor/laravel/framework/src/Illuminate/Database/Query/Builder.php(3173): Illuminate\\Database\\Query\\Builder->runSelect()
#6 /home/obed/Bureau/my-api-project/vendor/laravel/framework/src/Illuminate/Database/Query/Builder.php(3763): Illuminate\\Database\\Query\\Builder->Illuminate\\Database\\Query\\{closure}()
#7 /home/obed/Bureau/my-api-project/vendor/laravel/framework/src/Illuminate/Database/Query/Builder.php(3172): Illuminate\\Database\\Query\\Builder->onceWithColumns()
#8 /home/obed/Bureau/my-api-project/vendor/laravel/framework/src/Illuminate/Database/Eloquent/Builder.php(887): Illuminate\\Database\\Query\\Builder->get()
#9 /home/obed/Bureau/my-api-project/vendor/laravel/framework/src/Illuminate/Database/Eloquent/Builder.php(869): Illuminate\\Database\\Eloquent\\Builder->getModels()
#10 /home/obed/Bureau/my-api-project/vendor/laravel/framework/src/Illuminate/Database/Eloquent/Relations/Relation.php(212): Illuminate\\Database\\Eloquent\\Builder->get()
#11 /home/obed/Bureau/my-api-project/vendor/laravel/framework/src/Illuminate/Database/Eloquent/Relations/Relation.php(175): Illuminate\\Database\\Eloquent\\Relations\\Relation->get()
#12 /home/obed/Bureau/my-api-project/vendor/laravel/framework/src/Illuminate/Database/Eloquent/Builder.php(935): Illuminate\\Database\\Eloquent\\Relations\\Relation->getEager()
#13 /home/obed/Bureau/my-api-project/vendor/laravel/framework/src/Illuminate/Database/Eloquent/Builder.php(904): Illuminate\\Database\\Eloquent\\Builder->eagerLoadRelation()
#14 /home/obed/Bureau/my-api-project/vendor/laravel/framework/src/Illuminate/Database/Eloquent/Builder.php(870): Illuminate\\Database\\Eloquent\\Builder->eagerLoadRelations()
#15 /home/obed/Bureau/my-api-project/vendor/laravel/framework/src/Illuminate/Database/Eloquent/Relations/Relation.php(212): Illuminate\\Database\\Eloquent\\Builder->get()
#16 /home/obed/Bureau/my-api-project/vendor/laravel/framework/src/Illuminate/Database/Eloquent/Relations/Relation.php(175): Illuminate\\Database\\Eloquent\\Relations\\Relation->get()
#17 /home/obed/Bureau/my-api-project/vendor/laravel/framework/src/Illuminate/Database/Eloquent/Builder.php(935): Illuminate\\Database\\Eloquent\\Relations\\Relation->getEager()
#18 /home/obed/Bureau/my-api-project/vendor/laravel/framework/src/Illuminate/Database/Eloquent/Builder.php(904): Illuminate\\Database\\Eloquent\\Builder->eagerLoadRelation()
#19 /home/obed/Bureau/my-api-project/vendor/laravel/framework/src/Illuminate/Database/Eloquent/Builder.php(870): Illuminate\\Database\\Eloquent\\Builder->eagerLoadRelations()
#20 /home/obed/Bureau/my-api-project/app/Http/Controllers/RendezVousController.php(198): Illuminate\\Database\\Eloquent\\Builder->get()
#21 /home/obed/Bureau/my-api-project/vendor/laravel/framework/src/Illuminate/Routing/ControllerDispatcher.php(46): App\\Http\\Controllers\\RendezVousController->getUserRdv()
#22 /home/obed/Bureau/my-api-project/vendor/laravel/framework/src/Illuminate/Routing/Route.php(265): Illuminate\\Routing\\ControllerDispatcher->dispatch()
#23 /home/obed/Bureau/my-api-project/vendor/laravel/framework/src/Illuminate/Routing/Route.php(211): Illuminate\\Routing\\Route->runController()
#24 /home/obed/Bureau/my-api-project/vendor/laravel/framework/src/Illuminate/Routing/Router.php(822): Illuminate\\Routing\\Route->run()
#25 /home/obed/Bureau/my-api-project/vendor/laravel/framework/src/Illuminate/Pipeline/Pipeline.php(180): Illuminate\\Routing\\Router->Illuminate\\Routing\\{closure}()
#26 /home/obed/Bureau/my-api-project/vendor/laravel/framework/src/Illuminate/Routing/Middleware/SubstituteBindings.php(50): Illuminate\\Pipeline\\Pipeline->Illuminate\\Pipeline\\{closure}()
#27 /home/obed/Bureau/my-api-project/vendor/laravel/framework/src/Illuminate/Pipeline/Pipeline.php(219): Illuminate\\Routing\\Middleware\\SubstituteBindings->handle()
#28 /home/obed/Bureau/my-api-project/vendor/laravel/sanctum/src/Http/Middleware/EnsureFrontendRequestsAreStateful.php(26): Illuminate\\Pipeline\\Pipeline->Illuminate\\Pipeline\\{closure}()
#29 /home/obed/Bureau/my-api-project/vendor/laravel/framework/src/Illuminate/Pipeline/Pipeline.php(180): Laravel\\Sanctum\\Http\\Middleware\\EnsureFrontendRequestsAreStateful->Laravel\\Sanctum\\Http\\Middleware\\{closure}()
#30 /home/obed/Bureau/my-api-project/vendor/laravel/framework/src/Illuminate/Pipeline/Pipeline.php(137): Illuminate\\Pipeline\\Pipeline->Illuminate\\Pipeline\\{closure}()
#31 /home/obed/Bureau/my-api-project/vendor/laravel/sanctum/src/Http/Middleware/EnsureFrontendRequestsAreStateful.php(25): Illuminate\\Pipeline\\Pipeline->then()
#32 /home/obed/Bureau/my-api-project/vendor/laravel/framework/src/Illuminate/Pipeline/Pipeline.php(219): Laravel\\Sanctum\\Http\\Middleware\\EnsureFrontendRequestsAreStateful->handle()
#33 /home/obed/Bureau/my-api-project/vendor/laravel/framework/src/Illuminate/Pipeline/Pipeline.php(137): Illuminate\\Pipeline\\Pipeline->Illuminate\\Pipeline\\{closure}()
#34 /home/obed/Bureau/my-api-project/vendor/laravel/framework/src/Illuminate/Routing/Router.php(821): Illuminate\\Pipeline\\Pipeline->then()
#35 /home/obed/Bureau/my-api-project/vendor/laravel/framework/src/Illuminate/Routing/Router.php(800): Illuminate\\Routing\\Router->runRouteWithinStack()
#36 /home/obed/Bureau/my-api-project/vendor/laravel/framework/src/Illuminate/Routing/Router.php(764): Illuminate\\Routing\\Router->runRoute()
#37 /home/obed/Bureau/my-api-project/vendor/laravel/framework/src/Illuminate/Routing/Router.php(753): Illuminate\\Routing\\Router->dispatchToRoute()
#38 /home/obed/Bureau/my-api-project/vendor/laravel/framework/src/Illuminate/Foundation/Http/Kernel.php(200): Illuminate\\Routing\\Router->dispatch()
#39 /home/obed/Bureau/my-api-project/vendor/laravel/framework/src/Illuminate/Pipeline/Pipeline.php(180): Illuminate\\Foundation\\Http\\Kernel->Illuminate\\Foundation\\Http\\{closure}()
#40 /home/obed/Bureau/my-api-project/vendor/laravel/framework/src/Illuminate/Foundation/Http/Middleware/TransformsRequest.php(21): Illuminate\\Pipeline\\Pipeline->Illuminate\\Pipeline\\{closure}()
#41 /home/obed/Bureau/my-api-project/vendor/laravel/framework/src/Illuminate/Foundation/Http/Middleware/ConvertEmptyStringsToNull.php(31): Illuminate\\Foundation\\Http\\Middleware\\TransformsRequest->handle()
#42 /home/obed/Bureau/my-api-project/vendor/laravel/framework/src/Illuminate/Pipeline/Pipeline.php(219): Illuminate\\Foundation\\Http\\Middleware\\ConvertEmptyStringsToNull->handle()
#43 /home/obed/Bureau/my-api-project/vendor/laravel/framework/src/Illuminate/Foundation/Http/Middleware/TransformsRequest.php(21): Illuminate\\Pipeline\\Pipeline->Illuminate\\Pipeline\\{closure}()
#44 /home/obed/Bureau/my-api-project/vendor/laravel/framework/src/Illuminate/Foundation/Http/Middleware/TrimStrings.php(51): Illuminate\\Foundation\\Http\\Middleware\\TransformsRequest->handle()
#45 /home/obed/Bureau/my-api-project/vendor/laravel/framework/src/Illuminate/Pipeline/Pipeline.php(219): Illuminate\\Foundation\\Http\\Middleware\\TrimStrings->handle()
#46 /home/obed/Bureau/my-api-project/vendor/laravel/framework/src/Illuminate/Http/Middleware/ValidatePostSize.php(27): Illuminate\\Pipeline\\Pipeline->Illuminate\\Pipeline\\{closure}()
#47 /home/obed/Bureau/my-api-project/vendor/laravel/framework/src/Illuminate/Pipeline/Pipeline.php(219): Illuminate\\Http\\Middleware\\ValidatePostSize->handle()
#48 /home/obed/Bureau/my-api-project/vendor/laravel/framework/src/Illuminate/Foundation/Http/Middleware/PreventRequestsDuringMaintenance.php(109): Illuminate\\Pipeline\\Pipeline->Illuminate\\Pipeline\\{closure}()
#49 /home/obed/Bureau/my-api-project/vendor/laravel/framework/src/Illuminate/Pipeline/Pipeline.php(219): Illuminate\\Foundation\\Http\\Middleware\\PreventRequestsDuringMaintenance->handle()
#50 /home/obed/Bureau/my-api-project/vendor/laravel/framework/src/Illuminate/Http/Middleware/HandleCors.php(61): Illuminate\\Pipeline\\Pipeline->Illuminate\\Pipeline\\{closure}()
#51 /home/obed/Bureau/my-api-project/vendor/laravel/framework/src/Illuminate/Pipeline/Pipeline.php(219): Illuminate\\Http\\Middleware\\HandleCors->handle()
#52 /home/obed/Bureau/my-api-project/vendor/laravel/framework/src/Illuminate/Http/Middleware/TrustProxies.php(58): Illuminate\\Pipeline\\Pipeline->Illuminate\\Pipeline\\{closure}()
#53 /home/obed/Bureau/my-api-project/vendor/laravel/framework/src/Illuminate/Pipeline/Pipeline.php(219): Illuminate\\Http\\Middleware\\TrustProxies->handle()
#54 /home/obed/Bureau/my-api-project/vendor/laravel/framework/src/Illuminate/Foundation/Http/Middleware/InvokeDeferredCallbacks.php(22): Illuminate\\Pipeline\\Pipeline->Illuminate\\Pipeline\\{closure}()
#55 /home/obed/Bureau/my-api-project/vendor/laravel/framework/src/Illuminate/Pipeline/Pipeline.php(219): Illuminate\\Foundation\\Http\\Middleware\\InvokeDeferredCallbacks->handle()
#56 /home/obed/Bureau/my-api-project/vendor/laravel/framework/src/Illuminate/Http/Middleware/ValidatePathEncoding.php(26): Illuminate\\Pipeline\\Pipeline->Illuminate\\Pipeline\\{closure}()
#57 /home/obed/Bureau/my-api-project/vendor/laravel/framework/src/Illuminate/Pipeline/Pipeline.php(219): Illuminate\\Http\\Middleware\\ValidatePathEncoding->handle()
#58 /home/obed/Bureau/my-api-project/vendor/laravel/framework/src/Illuminate/Pipeline/Pipeline.php(137): Illuminate\\Pipeline\\Pipeline->Illuminate\\Pipeline\\{closure}()
#59 /home/obed/Bureau/my-api-project/vendor/laravel/framework/src/Illuminate/Foundation/Http/Kernel.php(175): Illuminate\\Pipeline\\Pipeline->then()
#60 /home/obed/Bureau/my-api-project/vendor/laravel/framework/src/Illuminate/Foundation/Http/Kernel.php(144): Illuminate\\Foundation\\Http\\Kernel->sendRequestThroughRouter()
#61 /home/obed/Bureau/my-api-project/vendor/laravel/framework/src/Illuminate/Foundation/Application.php(1219): Illuminate\\Foundation\\Http\\Kernel->handle()
#62 /home/obed/Bureau/my-api-project/public/index.php(20): Illuminate\\Foundation\\Application->handleRequest()
#63 /home/obed/Bureau/my-api-project/vendor/laravel/framework/src/Illuminate/Foundation/resources/server.php(23): require_once('...')
#64 {main}
"} 
[2025-08-29 15:30:19] local.ERROR: SQLSTATE[42S22]: Column not found: 1054 Unknown column 'specialites.user_id' in 'where clause' (Connection: mysql, SQL: select * from `specialites` where `specialites`.`user_id` in (2) and `specialites`.`deleted_at` is null) {"exception":"[object] (Illuminate\\Database\\QueryException(code: 42S22): SQLSTATE[42S22]: Column not found: 1054 Unknown column 'specialites.user_id' in 'where clause' (Connection: mysql, SQL: select * from `specialites` where `specialites`.`user_id` in (2) and `specialites`.`deleted_at` is null) at /home/obed/Bureau/my-api-project/vendor/laravel/framework/src/Illuminate/Database/Connection.php:824)
[stacktrace]
#0 /home/obed/Bureau/my-api-project/vendor/laravel/framework/src/Illuminate/Database/Connection.php(778): Illuminate\\Database\\Connection->runQueryCallback()
#1 /home/obed/Bureau/my-api-project/vendor/laravel/framework/src/Illuminate/Database/Connection.php(397): Illuminate\\Database\\Connection->run()
#2 /home/obed/Bureau/my-api-project/vendor/laravel/framework/src/Illuminate/Database/Query/Builder.php(3188): Illuminate\\Database\\Connection->select()
#3 /home/obed/Bureau/my-api-project/vendor/laravel/framework/src/Illuminate/Database/Query/Builder.php(3173): Illuminate\\Database\\Query\\Builder->runSelect()
#4 /home/obed/Bureau/my-api-project/vendor/laravel/framework/src/Illuminate/Database/Query/Builder.php(3763): Illuminate\\Database\\Query\\Builder->Illuminate\\Database\\Query\\{closure}()
#5 /home/obed/Bureau/my-api-project/vendor/laravel/framework/src/Illuminate/Database/Query/Builder.php(3172): Illuminate\\Database\\Query\\Builder->onceWithColumns()
#6 /home/obed/Bureau/my-api-project/vendor/laravel/framework/src/Illuminate/Database/Eloquent/Builder.php(887): Illuminate\\Database\\Query\\Builder->get()
#7 /home/obed/Bureau/my-api-project/vendor/laravel/framework/src/Illuminate/Database/Eloquent/Builder.php(869): Illuminate\\Database\\Eloquent\\Builder->getModels()
#8 /home/obed/Bureau/my-api-project/vendor/laravel/framework/src/Illuminate/Database/Eloquent/Relations/Relation.php(212): Illuminate\\Database\\Eloquent\\Builder->get()
#9 /home/obed/Bureau/my-api-project/vendor/laravel/framework/src/Illuminate/Database/Eloquent/Relations/Relation.php(175): Illuminate\\Database\\Eloquent\\Relations\\Relation->get()
#10 /home/obed/Bureau/my-api-project/vendor/laravel/framework/src/Illuminate/Database/Eloquent/Builder.php(935): Illuminate\\Database\\Eloquent\\Relations\\Relation->getEager()
#11 /home/obed/Bureau/my-api-project/vendor/laravel/framework/src/Illuminate/Database/Eloquent/Builder.php(904): Illuminate\\Database\\Eloquent\\Builder->eagerLoadRelation()
#12 /home/obed/Bureau/my-api-project/vendor/laravel/framework/src/Illuminate/Database/Eloquent/Builder.php(870): Illuminate\\Database\\Eloquent\\Builder->eagerLoadRelations()
#13 /home/obed/Bureau/my-api-project/vendor/laravel/framework/src/Illuminate/Database/Eloquent/Relations/Relation.php(212): Illuminate\\Database\\Eloquent\\Builder->get()
#14 /home/obed/Bureau/my-api-project/vendor/laravel/framework/src/Illuminate/Database/Eloquent/Relations/Relation.php(175): Illuminate\\Database\\Eloquent\\Relations\\Relation->get()
#15 /home/obed/Bureau/my-api-project/vendor/laravel/framework/src/Illuminate/Database/Eloquent/Builder.php(935): Illuminate\\Database\\Eloquent\\Relations\\Relation->getEager()
#16 /home/obed/Bureau/my-api-project/vendor/laravel/framework/src/Illuminate/Database/Eloquent/Builder.php(904): Illuminate\\Database\\Eloquent\\Builder->eagerLoadRelation()
#17 /home/obed/Bureau/my-api-project/vendor/laravel/framework/src/Illuminate/Database/Eloquent/Builder.php(870): Illuminate\\Database\\Eloquent\\Builder->eagerLoadRelations()
#18 /home/obed/Bureau/my-api-project/app/Http/Controllers/RendezVousController.php(198): Illuminate\\Database\\Eloquent\\Builder->get()
#19 /home/obed/Bureau/my-api-project/vendor/laravel/framework/src/Illuminate/Routing/ControllerDispatcher.php(46): App\\Http\\Controllers\\RendezVousController->getUserRdv()
#20 /home/obed/Bureau/my-api-project/vendor/laravel/framework/src/Illuminate/Routing/Route.php(265): Illuminate\\Routing\\ControllerDispatcher->dispatch()
#21 /home/obed/Bureau/my-api-project/vendor/laravel/framework/src/Illuminate/Routing/Route.php(211): Illuminate\\Routing\\Route->runController()
#22 /home/obed/Bureau/my-api-project/vendor/laravel/framework/src/Illuminate/Routing/Router.php(822): Illuminate\\Routing\\Route->run()
#23 /home/obed/Bureau/my-api-project/vendor/laravel/framework/src/Illuminate/Pipeline/Pipeline.php(180): Illuminate\\Routing\\Router->Illuminate\\Routing\\{closure}()
#24 /home/obed/Bureau/my-api-project/vendor/laravel/framework/src/Illuminate/Routing/Middleware/SubstituteBindings.php(50): Illuminate\\Pipeline\\Pipeline->Illuminate\\Pipeline\\{closure}()
#25 /home/obed/Bureau/my-api-project/vendor/laravel/framework/src/Illuminate/Pipeline/Pipeline.php(219): Illuminate\\Routing\\Middleware\\SubstituteBindings->handle()
#26 /home/obed/Bureau/my-api-project/vendor/laravel/sanctum/src/Http/Middleware/EnsureFrontendRequestsAreStateful.php(26): Illuminate\\Pipeline\\Pipeline->Illuminate\\Pipeline\\{closure}()
#27 /home/obed/Bureau/my-api-project/vendor/laravel/framework/src/Illuminate/Pipeline/Pipeline.php(180): Laravel\\Sanctum\\Http\\Middleware\\EnsureFrontendRequestsAreStateful->Laravel\\Sanctum\\Http\\Middleware\\{closure}()
#28 /home/obed/Bureau/my-api-project/vendor/laravel/framework/src/Illuminate/Pipeline/Pipeline.php(137): Illuminate\\Pipeline\\Pipeline->Illuminate\\Pipeline\\{closure}()
#29 /home/obed/Bureau/my-api-project/vendor/laravel/sanctum/src/Http/Middleware/EnsureFrontendRequestsAreStateful.php(25): Illuminate\\Pipeline\\Pipeline->then()
#30 /home/obed/Bureau/my-api-project/vendor/laravel/framework/src/Illuminate/Pipeline/Pipeline.php(219): Laravel\\Sanctum\\Http\\Middleware\\EnsureFrontendRequestsAreStateful->handle()
#31 /home/obed/Bureau/my-api-project/vendor/laravel/framework/src/Illuminate/Pipeline/Pipeline.php(137): Illuminate\\Pipeline\\Pipeline->Illuminate\\Pipeline\\{closure}()
#32 /home/obed/Bureau/my-api-project/vendor/laravel/framework/src/Illuminate/Routing/Router.php(821): Illuminate\\Pipeline\\Pipeline->then()
#33 /home/obed/Bureau/my-api-project/vendor/laravel/framework/src/Illuminate/Routing/Router.php(800): Illuminate\\Routing\\Router->runRouteWithinStack()
#34 /home/obed/Bureau/my-api-project/vendor/laravel/framework/src/Illuminate/Routing/Router.php(764): Illuminate\\Routing\\Router->runRoute()
#35 /home/obed/Bureau/my-api-project/vendor/laravel/framework/src/Illuminate/Routing/Router.php(753): Illuminate\\Routing\\Router->dispatchToRoute()
#36 /home/obed/Bureau/my-api-project/vendor/laravel/framework/src/Illuminate/Foundation/Http/Kernel.php(200): Illuminate\\Routing\\Router->dispatch()
#37 /home/obed/Bureau/my-api-project/vendor/laravel/framework/src/Illuminate/Pipeline/Pipeline.php(180): Illuminate\\Foundation\\Http\\Kernel->Illuminate\\Foundation\\Http\\{closure}()
#38 /home/obed/Bureau/my-api-project/vendor/laravel/framework/src/Illuminate/Foundation/Http/Middleware/TransformsRequest.php(21): Illuminate\\Pipeline\\Pipeline->Illuminate\\Pipeline\\{closure}()
#39 /home/obed/Bureau/my-api-project/vendor/laravel/framework/src/Illuminate/Foundation/Http/Middleware/ConvertEmptyStringsToNull.php(31): Illuminate\\Foundation\\Http\\Middleware\\TransformsRequest->handle()
#40 /home/obed/Bureau/my-api-project/vendor/laravel/framework/src/Illuminate/Pipeline/Pipeline.php(219): Illuminate\\Foundation\\Http\\Middleware\\ConvertEmptyStringsToNull->handle()
#41 /home/obed/Bureau/my-api-project/vendor/laravel/framework/src/Illuminate/Foundation/Http/Middleware/TransformsRequest.php(21): Illuminate\\Pipeline\\Pipeline->Illuminate\\Pipeline\\{closure}()
#42 /home/obed/Bureau/my-api-project/vendor/laravel/framework/src/Illuminate/Foundation/Http/Middleware/TrimStrings.php(51): Illuminate\\Foundation\\Http\\Middleware\\TransformsRequest->handle()
#43 /home/obed/Bureau/my-api-project/vendor/laravel/framework/src/Illuminate/Pipeline/Pipeline.php(219): Illuminate\\Foundation\\Http\\Middleware\\TrimStrings->handle()
#44 /home/obed/Bureau/my-api-project/vendor/laravel/framework/src/Illuminate/Http/Middleware/ValidatePostSize.php(27): Illuminate\\Pipeline\\Pipeline->Illuminate\\Pipeline\\{closure}()
#45 /home/obed/Bureau/my-api-project/vendor/laravel/framework/src/Illuminate/Pipeline/Pipeline.php(219): Illuminate\\Http\\Middleware\\ValidatePostSize->handle()
#46 /home/obed/Bureau/my-api-project/vendor/laravel/framework/src/Illuminate/Foundation/Http/Middleware/PreventRequestsDuringMaintenance.php(109): Illuminate\\Pipeline\\Pipeline->Illuminate\\Pipeline\\{closure}()
#47 /home/obed/Bureau/my-api-project/vendor/laravel/framework/src/Illuminate/Pipeline/Pipeline.php(219): Illuminate\\Foundation\\Http\\Middleware\\PreventRequestsDuringMaintenance->handle()
#48 /home/obed/Bureau/my-api-project/vendor/laravel/framework/src/Illuminate/Http/Middleware/HandleCors.php(61): Illuminate\\Pipeline\\Pipeline->Illuminate\\Pipeline\\{closure}()
#49 /home/obed/Bureau/my-api-project/vendor/laravel/framework/src/Illuminate/Pipeline/Pipeline.php(219): Illuminate\\Http\\Middleware\\HandleCors->handle()
#50 /home/obed/Bureau/my-api-project/vendor/laravel/framework/src/Illuminate/Http/Middleware/TrustProxies.php(58): Illuminate\\Pipeline\\Pipeline->Illuminate\\Pipeline\\{closure}()
#51 /home/obed/Bureau/my-api-project/vendor/laravel/framework/src/Illuminate/Pipeline/Pipeline.php(219): Illuminate\\Http\\Middleware\\TrustProxies->handle()
#52 /home/obed/Bureau/my-api-project/vendor/laravel/framework/src/Illuminate/Foundation/Http/Middleware/InvokeDeferredCallbacks.php(22): Illuminate\\Pipeline\\Pipeline->Illuminate\\Pipeline\\{closure}()
#53 /home/obed/Bureau/my-api-project/vendor/laravel/framework/src/Illuminate/Pipeline/Pipeline.php(219): Illuminate\\Foundation\\Http\\Middleware\\InvokeDeferredCallbacks->handle()
#54 /home/obed/Bureau/my-api-project/vendor/laravel/framework/src/Illuminate/Http/Middleware/ValidatePathEncoding.php(26): Illuminate\\Pipeline\\Pipeline->Illuminate\\Pipeline\\{closure}()
#55 /home/obed/Bureau/my-api-project/vendor/laravel/framework/src/Illuminate/Pipeline/Pipeline.php(219): Illuminate\\Http\\Middleware\\ValidatePathEncoding->handle()
#56 /home/obed/Bureau/my-api-project/vendor/laravel/framework/src/Illuminate/Pipeline/Pipeline.php(137): Illuminate\\Pipeline\\Pipeline->Illuminate\\Pipeline\\{closure}()
#57 /home/obed/Bureau/my-api-project/vendor/laravel/framework/src/Illuminate/Foundation/Http/Kernel.php(175): Illuminate\\Pipeline\\Pipeline->then()
#58 /home/obed/Bureau/my-api-project/vendor/laravel/framework/src/Illuminate/Foundation/Http/Kernel.php(144): Illuminate\\Foundation\\Http\\Kernel->sendRequestThroughRouter()
#59 /home/obed/Bureau/my-api-project/vendor/laravel/framework/src/Illuminate/Foundation/Application.php(1219): Illuminate\\Foundation\\Http\\Kernel->handle()
#60 /home/obed/Bureau/my-api-project/public/index.php(20): Illuminate\\Foundation\\Application->handleRequest()
#61 /home/obed/Bureau/my-api-project/vendor/laravel/framework/src/Illuminate/Foundation/resources/server.php(23): require_once('...')
#62 {main}

[previous exception] [object] (PDOException(code: 42S22): SQLSTATE[42S22]: Column not found: 1054 Unknown column 'specialites.user_id' in 'where clause' at /home/obed/Bureau/my-api-project/vendor/laravel/framework/src/Illuminate/Database/Connection.php:406)
[stacktrace]
#0 /home/obed/Bureau/my-api-project/vendor/laravel/framework/src/Illuminate/Database/Connection.php(406): PDO->prepare()
#1 /home/obed/Bureau/my-api-project/vendor/laravel/framework/src/Illuminate/Database/Connection.php(811): Illuminate\\Database\\Connection->Illuminate\\Database\\{closure}()
#2 /home/obed/Bureau/my-api-project/vendor/laravel/framework/src/Illuminate/Database/Connection.php(778): Illuminate\\Database\\Connection->runQueryCallback()
#3 /home/obed/Bureau/my-api-project/vendor/laravel/framework/src/Illuminate/Database/Connection.php(397): Illuminate\\Database\\Connection->run()
#4 /home/obed/Bureau/my-api-project/vendor/laravel/framework/src/Illuminate/Database/Query/Builder.php(3188): Illuminate\\Database\\Connection->select()
#5 /home/obed/Bureau/my-api-project/vendor/laravel/framework/src/Illuminate/Database/Query/Builder.php(3173): Illuminate\\Database\\Query\\Builder->runSelect()
#6 /home/obed/Bureau/my-api-project/vendor/laravel/framework/src/Illuminate/Database/Query/Builder.php(3763): Illuminate\\Database\\Query\\Builder->Illuminate\\Database\\Query\\{closure}()
#7 /home/obed/Bureau/my-api-project/vendor/laravel/framework/src/Illuminate/Database/Query/Builder.php(3172): Illuminate\\Database\\Query\\Builder->onceWithColumns()
#8 /home/obed/Bureau/my-api-project/vendor/laravel/framework/src/Illuminate/Database/Eloquent/Builder.php(887): Illuminate\\Database\\Query\\Builder->get()
#9 /home/obed/Bureau/my-api-project/vendor/laravel/framework/src/Illuminate/Database/Eloquent/Builder.php(869): Illuminate\\Database\\Eloquent\\Builder->getModels()
#10 /home/obed/Bureau/my-api-project/vendor/laravel/framework/src/Illuminate/Database/Eloquent/Relations/Relation.php(212): Illuminate\\Database\\Eloquent\\Builder->get()
#11 /home/obed/Bureau/my-api-project/vendor/laravel/framework/src/Illuminate/Database/Eloquent/Relations/Relation.php(175): Illuminate\\Database\\Eloquent\\Relations\\Relation->get()
#12 /home/obed/Bureau/my-api-project/vendor/laravel/framework/src/Illuminate/Database/Eloquent/Builder.php(935): Illuminate\\Database\\Eloquent\\Relations\\Relation->getEager()
#13 /home/obed/Bureau/my-api-project/vendor/laravel/framework/src/Illuminate/Database/Eloquent/Builder.php(904): Illuminate\\Database\\Eloquent\\Builder->eagerLoadRelation()
#14 /home/obed/Bureau/my-api-project/vendor/laravel/framework/src/Illuminate/Database/Eloquent/Builder.php(870): Illuminate\\Database\\Eloquent\\Builder->eagerLoadRelations()
#15 /home/obed/Bureau/my-api-project/vendor/laravel/framework/src/Illuminate/Database/Eloquent/Relations/Relation.php(212): Illuminate\\Database\\Eloquent\\Builder->get()
#16 /home/obed/Bureau/my-api-project/vendor/laravel/framework/src/Illuminate/Database/Eloquent/Relations/Relation.php(175): Illuminate\\Database\\Eloquent\\Relations\\Relation->get()
#17 /home/obed/Bureau/my-api-project/vendor/laravel/framework/src/Illuminate/Database/Eloquent/Builder.php(935): Illuminate\\Database\\Eloquent\\Relations\\Relation->getEager()
#18 /home/obed/Bureau/my-api-project/vendor/laravel/framework/src/Illuminate/Database/Eloquent/Builder.php(904): Illuminate\\Database\\Eloquent\\Builder->eagerLoadRelation()
#19 /home/obed/Bureau/my-api-project/vendor/laravel/framework/src/Illuminate/Database/Eloquent/Builder.php(870): Illuminate\\Database\\Eloquent\\Builder->eagerLoadRelations()
#20 /home/obed/Bureau/my-api-project/app/Http/Controllers/RendezVousController.php(198): Illuminate\\Database\\Eloquent\\Builder->get()
#21 /home/obed/Bureau/my-api-project/vendor/laravel/framework/src/Illuminate/Routing/ControllerDispatcher.php(46): App\\Http\\Controllers\\RendezVousController->getUserRdv()
#22 /home/obed/Bureau/my-api-project/vendor/laravel/framework/src/Illuminate/Routing/Route.php(265): Illuminate\\Routing\\ControllerDispatcher->dispatch()
#23 /home/obed/Bureau/my-api-project/vendor/laravel/framework/src/Illuminate/Routing/Route.php(211): Illuminate\\Routing\\Route->runController()
#24 /home/obed/Bureau/my-api-project/vendor/laravel/framework/src/Illuminate/Routing/Router.php(822): Illuminate\\Routing\\Route->run()
#25 /home/obed/Bureau/my-api-project/vendor/laravel/framework/src/Illuminate/Pipeline/Pipeline.php(180): Illuminate\\Routing\\Router->Illuminate\\Routing\\{closure}()
#26 /home/obed/Bureau/my-api-project/vendor/laravel/framework/src/Illuminate/Routing/Middleware/SubstituteBindings.php(50): Illuminate\\Pipeline\\Pipeline->Illuminate\\Pipeline\\{closure}()
#27 /home/obed/Bureau/my-api-project/vendor/laravel/framework/src/Illuminate/Pipeline/Pipeline.php(219): Illuminate\\Routing\\Middleware\\SubstituteBindings->handle()
#28 /home/obed/Bureau/my-api-project/vendor/laravel/sanctum/src/Http/Middleware/EnsureFrontendRequestsAreStateful.php(26): Illuminate\\Pipeline\\Pipeline->Illuminate\\Pipeline\\{closure}()
#29 /home/obed/Bureau/my-api-project/vendor/laravel/framework/src/Illuminate/Pipeline/Pipeline.php(180): Laravel\\Sanctum\\Http\\Middleware\\EnsureFrontendRequestsAreStateful->Laravel\\Sanctum\\Http\\Middleware\\{closure}()
#30 /home/obed/Bureau/my-api-project/vendor/laravel/framework/src/Illuminate/Pipeline/Pipeline.php(137): Illuminate\\Pipeline\\Pipeline->Illuminate\\Pipeline\\{closure}()
#31 /home/obed/Bureau/my-api-project/vendor/laravel/sanctum/src/Http/Middleware/EnsureFrontendRequestsAreStateful.php(25): Illuminate\\Pipeline\\Pipeline->then()
#32 /home/obed/Bureau/my-api-project/vendor/laravel/framework/src/Illuminate/Pipeline/Pipeline.php(219): Laravel\\Sanctum\\Http\\Middleware\\EnsureFrontendRequestsAreStateful->handle()
#33 /home/obed/Bureau/my-api-project/vendor/laravel/framework/src/Illuminate/Pipeline/Pipeline.php(137): Illuminate\\Pipeline\\Pipeline->Illuminate\\Pipeline\\{closure}()
#34 /home/obed/Bureau/my-api-project/vendor/laravel/framework/src/Illuminate/Routing/Router.php(821): Illuminate\\Pipeline\\Pipeline->then()
#35 /home/obed/Bureau/my-api-project/vendor/laravel/framework/src/Illuminate/Routing/Router.php(800): Illuminate\\Routing\\Router->runRouteWithinStack()
#36 /home/obed/Bureau/my-api-project/vendor/laravel/framework/src/Illuminate/Routing/Router.php(764): Illuminate\\Routing\\Router->runRoute()
#37 /home/obed/Bureau/my-api-project/vendor/laravel/framework/src/Illuminate/Routing/Router.php(753): Illuminate\\Routing\\Router->dispatchToRoute()
#38 /home/obed/Bureau/my-api-project/vendor/laravel/framework/src/Illuminate/Foundation/Http/Kernel.php(200): Illuminate\\Routing\\Router->dispatch()
#39 /home/obed/Bureau/my-api-project/vendor/laravel/framework/src/Illuminate/Pipeline/Pipeline.php(180): Illuminate\\Foundation\\Http\\Kernel->Illuminate\\Foundation\\Http\\{closure}()
#40 /home/obed/Bureau/my-api-project/vendor/laravel/framework/src/Illuminate/Foundation/Http/Middleware/TransformsRequest.php(21): Illuminate\\Pipeline\\Pipeline->Illuminate\\Pipeline\\{closure}()
#41 /home/obed/Bureau/my-api-project/vendor/laravel/framework/src/Illuminate/Foundation/Http/Middleware/ConvertEmptyStringsToNull.php(31): Illuminate\\Foundation\\Http\\Middleware\\TransformsRequest->handle()
#42 /home/obed/Bureau/my-api-project/vendor/laravel/framework/src/Illuminate/Pipeline/Pipeline.php(219): Illuminate\\Foundation\\Http\\Middleware\\ConvertEmptyStringsToNull->handle()
#43 /home/obed/Bureau/my-api-project/vendor/laravel/framework/src/Illuminate/Foundation/Http/Middleware/TransformsRequest.php(21): Illuminate\\Pipeline\\Pipeline->Illuminate\\Pipeline\\{closure}()
#44 /home/obed/Bureau/my-api-project/vendor/laravel/framework/src/Illuminate/Foundation/Http/Middleware/TrimStrings.php(51): Illuminate\\Foundation\\Http\\Middleware\\TransformsRequest->handle()
#45 /home/obed/Bureau/my-api-project/vendor/laravel/framework/src/Illuminate/Pipeline/Pipeline.php(219): Illuminate\\Foundation\\Http\\Middleware\\TrimStrings->handle()
#46 /home/obed/Bureau/my-api-project/vendor/laravel/framework/src/Illuminate/Http/Middleware/ValidatePostSize.php(27): Illuminate\\Pipeline\\Pipeline->Illuminate\\Pipeline\\{closure}()
#47 /home/obed/Bureau/my-api-project/vendor/laravel/framework/src/Illuminate/Pipeline/Pipeline.php(219): Illuminate\\Http\\Middleware\\ValidatePostSize->handle()
#48 /home/obed/Bureau/my-api-project/vendor/laravel/framework/src/Illuminate/Foundation/Http/Middleware/PreventRequestsDuringMaintenance.php(109): Illuminate\\Pipeline\\Pipeline->Illuminate\\Pipeline\\{closure}()
#49 /home/obed/Bureau/my-api-project/vendor/laravel/framework/src/Illuminate/Pipeline/Pipeline.php(219): Illuminate\\Foundation\\Http\\Middleware\\PreventRequestsDuringMaintenance->handle()
#50 /home/obed/Bureau/my-api-project/vendor/laravel/framework/src/Illuminate/Http/Middleware/HandleCors.php(61): Illuminate\\Pipeline\\Pipeline->Illuminate\\Pipeline\\{closure}()
#51 /home/obed/Bureau/my-api-project/vendor/laravel/framework/src/Illuminate/Pipeline/Pipeline.php(219): Illuminate\\Http\\Middleware\\HandleCors->handle()
#52 /home/obed/Bureau/my-api-project/vendor/laravel/framework/src/Illuminate/Http/Middleware/TrustProxies.php(58): Illuminate\\Pipeline\\Pipeline->Illuminate\\Pipeline\\{closure}()
#53 /home/obed/Bureau/my-api-project/vendor/laravel/framework/src/Illuminate/Pipeline/Pipeline.php(219): Illuminate\\Http\\Middleware\\TrustProxies->handle()
#54 /home/obed/Bureau/my-api-project/vendor/laravel/framework/src/Illuminate/Foundation/Http/Middleware/InvokeDeferredCallbacks.php(22): Illuminate\\Pipeline\\Pipeline->Illuminate\\Pipeline\\{closure}()
#55 /home/obed/Bureau/my-api-project/vendor/laravel/framework/src/Illuminate/Pipeline/Pipeline.php(219): Illuminate\\Foundation\\Http\\Middleware\\InvokeDeferredCallbacks->handle()
#56 /home/obed/Bureau/my-api-project/vendor/laravel/framework/src/Illuminate/Http/Middleware/ValidatePathEncoding.php(26): Illuminate\\Pipeline\\Pipeline->Illuminate\\Pipeline\\{closure}()
#57 /home/obed/Bureau/my-api-project/vendor/laravel/framework/src/Illuminate/Pipeline/Pipeline.php(219): Illuminate\\Http\\Middleware\\ValidatePathEncoding->handle()
#58 /home/obed/Bureau/my-api-project/vendor/laravel/framework/src/Illuminate/Pipeline/Pipeline.php(137): Illuminate\\Pipeline\\Pipeline->Illuminate\\Pipeline\\{closure}()
#59 /home/obed/Bureau/my-api-project/vendor/laravel/framework/src/Illuminate/Foundation/Http/Kernel.php(175): Illuminate\\Pipeline\\Pipeline->then()
#60 /home/obed/Bureau/my-api-project/vendor/laravel/framework/src/Illuminate/Foundation/Http/Kernel.php(144): Illuminate\\Foundation\\Http\\Kernel->sendRequestThroughRouter()
#61 /home/obed/Bureau/my-api-project/vendor/laravel/framework/src/Illuminate/Foundation/Application.php(1219): Illuminate\\Foundation\\Http\\Kernel->handle()
#62 /home/obed/Bureau/my-api-project/public/index.php(20): Illuminate\\Foundation\\Application->handleRequest()
#63 /home/obed/Bureau/my-api-project/vendor/laravel/framework/src/Illuminate/Foundation/resources/server.php(23): require_once('...')
#64 {main}
"} 
[2025-08-29 15:51:13] local.ERROR: SQLSTATE[42S22]: Column not found: 1054 Unknown column 'specialites.user_id' in 'where clause' (Connection: mysql, SQL: select * from `specialites` where `specialites`.`user_id` in (2) and `specialites`.`deleted_at` is null) {"exception":"[object] (Illuminate\\Database\\QueryException(code: 42S22): SQLSTATE[42S22]: Column not found: 1054 Unknown column 'specialites.user_id' in 'where clause' (Connection: mysql, SQL: select * from `specialites` where `specialites`.`user_id` in (2) and `specialites`.`deleted_at` is null) at /home/obed/Bureau/my-api-project/vendor/laravel/framework/src/Illuminate/Database/Connection.php:824)
[stacktrace]
#0 /home/obed/Bureau/my-api-project/vendor/laravel/framework/src/Illuminate/Database/Connection.php(778): Illuminate\\Database\\Connection->runQueryCallback()
#1 /home/obed/Bureau/my-api-project/vendor/laravel/framework/src/Illuminate/Database/Connection.php(397): Illuminate\\Database\\Connection->run()
#2 /home/obed/Bureau/my-api-project/vendor/laravel/framework/src/Illuminate/Database/Query/Builder.php(3188): Illuminate\\Database\\Connection->select()
#3 /home/obed/Bureau/my-api-project/vendor/laravel/framework/src/Illuminate/Database/Query/Builder.php(3173): Illuminate\\Database\\Query\\Builder->runSelect()
#4 /home/obed/Bureau/my-api-project/vendor/laravel/framework/src/Illuminate/Database/Query/Builder.php(3763): Illuminate\\Database\\Query\\Builder->Illuminate\\Database\\Query\\{closure}()
#5 /home/obed/Bureau/my-api-project/vendor/laravel/framework/src/Illuminate/Database/Query/Builder.php(3172): Illuminate\\Database\\Query\\Builder->onceWithColumns()
#6 /home/obed/Bureau/my-api-project/vendor/laravel/framework/src/Illuminate/Database/Eloquent/Builder.php(887): Illuminate\\Database\\Query\\Builder->get()
#7 /home/obed/Bureau/my-api-project/vendor/laravel/framework/src/Illuminate/Database/Eloquent/Builder.php(869): Illuminate\\Database\\Eloquent\\Builder->getModels()
#8 /home/obed/Bureau/my-api-project/vendor/laravel/framework/src/Illuminate/Database/Eloquent/Relations/Relation.php(212): Illuminate\\Database\\Eloquent\\Builder->get()
#9 /home/obed/Bureau/my-api-project/vendor/laravel/framework/src/Illuminate/Database/Eloquent/Relations/Relation.php(175): Illuminate\\Database\\Eloquent\\Relations\\Relation->get()
#10 /home/obed/Bureau/my-api-project/vendor/laravel/framework/src/Illuminate/Database/Eloquent/Builder.php(935): Illuminate\\Database\\Eloquent\\Relations\\Relation->getEager()
#11 /home/obed/Bureau/my-api-project/vendor/laravel/framework/src/Illuminate/Database/Eloquent/Builder.php(904): Illuminate\\Database\\Eloquent\\Builder->eagerLoadRelation()
#12 /home/obed/Bureau/my-api-project/vendor/laravel/framework/src/Illuminate/Database/Eloquent/Builder.php(870): Illuminate\\Database\\Eloquent\\Builder->eagerLoadRelations()
#13 /home/obed/Bureau/my-api-project/vendor/laravel/framework/src/Illuminate/Database/Eloquent/Relations/Relation.php(212): Illuminate\\Database\\Eloquent\\Builder->get()
#14 /home/obed/Bureau/my-api-project/vendor/laravel/framework/src/Illuminate/Database/Eloquent/Relations/Relation.php(175): Illuminate\\Database\\Eloquent\\Relations\\Relation->get()
#15 /home/obed/Bureau/my-api-project/vendor/laravel/framework/src/Illuminate/Database/Eloquent/Builder.php(935): Illuminate\\Database\\Eloquent\\Relations\\Relation->getEager()
#16 /home/obed/Bureau/my-api-project/vendor/laravel/framework/src/Illuminate/Database/Eloquent/Builder.php(904): Illuminate\\Database\\Eloquent\\Builder->eagerLoadRelation()
#17 /home/obed/Bureau/my-api-project/vendor/laravel/framework/src/Illuminate/Database/Eloquent/Builder.php(870): Illuminate\\Database\\Eloquent\\Builder->eagerLoadRelations()
#18 /home/obed/Bureau/my-api-project/app/Http/Controllers/RendezVousController.php(198): Illuminate\\Database\\Eloquent\\Builder->get()
#19 /home/obed/Bureau/my-api-project/vendor/laravel/framework/src/Illuminate/Routing/ControllerDispatcher.php(46): App\\Http\\Controllers\\RendezVousController->getUserRdv()
#20 /home/obed/Bureau/my-api-project/vendor/laravel/framework/src/Illuminate/Routing/Route.php(265): Illuminate\\Routing\\ControllerDispatcher->dispatch()
#21 /home/obed/Bureau/my-api-project/vendor/laravel/framework/src/Illuminate/Routing/Route.php(211): Illuminate\\Routing\\Route->runController()
#22 /home/obed/Bureau/my-api-project/vendor/laravel/framework/src/Illuminate/Routing/Router.php(822): Illuminate\\Routing\\Route->run()
#23 /home/obed/Bureau/my-api-project/vendor/laravel/framework/src/Illuminate/Pipeline/Pipeline.php(180): Illuminate\\Routing\\Router->Illuminate\\Routing\\{closure}()
#24 /home/obed/Bureau/my-api-project/vendor/laravel/framework/src/Illuminate/Routing/Middleware/SubstituteBindings.php(50): Illuminate\\Pipeline\\Pipeline->Illuminate\\Pipeline\\{closure}()
#25 /home/obed/Bureau/my-api-project/vendor/laravel/framework/src/Illuminate/Pipeline/Pipeline.php(219): Illuminate\\Routing\\Middleware\\SubstituteBindings->handle()
#26 /home/obed/Bureau/my-api-project/vendor/laravel/sanctum/src/Http/Middleware/EnsureFrontendRequestsAreStateful.php(26): Illuminate\\Pipeline\\Pipeline->Illuminate\\Pipeline\\{closure}()
#27 /home/obed/Bureau/my-api-project/vendor/laravel/framework/src/Illuminate/Pipeline/Pipeline.php(180): Laravel\\Sanctum\\Http\\Middleware\\EnsureFrontendRequestsAreStateful->Laravel\\Sanctum\\Http\\Middleware\\{closure}()
#28 /home/obed/Bureau/my-api-project/vendor/laravel/framework/src/Illuminate/Pipeline/Pipeline.php(137): Illuminate\\Pipeline\\Pipeline->Illuminate\\Pipeline\\{closure}()
#29 /home/obed/Bureau/my-api-project/vendor/laravel/sanctum/src/Http/Middleware/EnsureFrontendRequestsAreStateful.php(25): Illuminate\\Pipeline\\Pipeline->then()
#30 /home/obed/Bureau/my-api-project/vendor/laravel/framework/src/Illuminate/Pipeline/Pipeline.php(219): Laravel\\Sanctum\\Http\\Middleware\\EnsureFrontendRequestsAreStateful->handle()
#31 /home/obed/Bureau/my-api-project/vendor/laravel/framework/src/Illuminate/Pipeline/Pipeline.php(137): Illuminate\\Pipeline\\Pipeline->Illuminate\\Pipeline\\{closure}()
#32 /home/obed/Bureau/my-api-project/vendor/laravel/framework/src/Illuminate/Routing/Router.php(821): Illuminate\\Pipeline\\Pipeline->then()
#33 /home/obed/Bureau/my-api-project/vendor/laravel/framework/src/Illuminate/Routing/Router.php(800): Illuminate\\Routing\\Router->runRouteWithinStack()
#34 /home/obed/Bureau/my-api-project/vendor/laravel/framework/src/Illuminate/Routing/Router.php(764): Illuminate\\Routing\\Router->runRoute()
#35 /home/obed/Bureau/my-api-project/vendor/laravel/framework/src/Illuminate/Routing/Router.php(753): Illuminate\\Routing\\Router->dispatchToRoute()
#36 /home/obed/Bureau/my-api-project/vendor/laravel/framework/src/Illuminate/Foundation/Http/Kernel.php(200): Illuminate\\Routing\\Router->dispatch()
#37 /home/obed/Bureau/my-api-project/vendor/laravel/framework/src/Illuminate/Pipeline/Pipeline.php(180): Illuminate\\Foundation\\Http\\Kernel->Illuminate\\Foundation\\Http\\{closure}()
#38 /home/obed/Bureau/my-api-project/vendor/laravel/framework/src/Illuminate/Foundation/Http/Middleware/TransformsRequest.php(21): Illuminate\\Pipeline\\Pipeline->Illuminate\\Pipeline\\{closure}()
#39 /home/obed/Bureau/my-api-project/vendor/laravel/framework/src/Illuminate/Foundation/Http/Middleware/ConvertEmptyStringsToNull.php(31): Illuminate\\Foundation\\Http\\Middleware\\TransformsRequest->handle()
#40 /home/obed/Bureau/my-api-project/vendor/laravel/framework/src/Illuminate/Pipeline/Pipeline.php(219): Illuminate\\Foundation\\Http\\Middleware\\ConvertEmptyStringsToNull->handle()
#41 /home/obed/Bureau/my-api-project/vendor/laravel/framework/src/Illuminate/Foundation/Http/Middleware/TransformsRequest.php(21): Illuminate\\Pipeline\\Pipeline->Illuminate\\Pipeline\\{closure}()
#42 /home/obed/Bureau/my-api-project/vendor/laravel/framework/src/Illuminate/Foundation/Http/Middleware/TrimStrings.php(51): Illuminate\\Foundation\\Http\\Middleware\\TransformsRequest->handle()
#43 /home/obed/Bureau/my-api-project/vendor/laravel/framework/src/Illuminate/Pipeline/Pipeline.php(219): Illuminate\\Foundation\\Http\\Middleware\\TrimStrings->handle()
#44 /home/obed/Bureau/my-api-project/vendor/laravel/framework/src/Illuminate/Http/Middleware/ValidatePostSize.php(27): Illuminate\\Pipeline\\Pipeline->Illuminate\\Pipeline\\{closure}()
#45 /home/obed/Bureau/my-api-project/vendor/laravel/framework/src/Illuminate/Pipeline/Pipeline.php(219): Illuminate\\Http\\Middleware\\ValidatePostSize->handle()
#46 /home/obed/Bureau/my-api-project/vendor/laravel/framework/src/Illuminate/Foundation/Http/Middleware/PreventRequestsDuringMaintenance.php(109): Illuminate\\Pipeline\\Pipeline->Illuminate\\Pipeline\\{closure}()
#47 /home/obed/Bureau/my-api-project/vendor/laravel/framework/src/Illuminate/Pipeline/Pipeline.php(219): Illuminate\\Foundation\\Http\\Middleware\\PreventRequestsDuringMaintenance->handle()
#48 /home/obed/Bureau/my-api-project/vendor/laravel/framework/src/Illuminate/Http/Middleware/HandleCors.php(61): Illuminate\\Pipeline\\Pipeline->Illuminate\\Pipeline\\{closure}()
#49 /home/obed/Bureau/my-api-project/vendor/laravel/framework/src/Illuminate/Pipeline/Pipeline.php(219): Illuminate\\Http\\Middleware\\HandleCors->handle()
#50 /home/obed/Bureau/my-api-project/vendor/laravel/framework/src/Illuminate/Http/Middleware/TrustProxies.php(58): Illuminate\\Pipeline\\Pipeline->Illuminate\\Pipeline\\{closure}()
#51 /home/obed/Bureau/my-api-project/vendor/laravel/framework/src/Illuminate/Pipeline/Pipeline.php(219): Illuminate\\Http\\Middleware\\TrustProxies->handle()
#52 /home/obed/Bureau/my-api-project/vendor/laravel/framework/src/Illuminate/Foundation/Http/Middleware/InvokeDeferredCallbacks.php(22): Illuminate\\Pipeline\\Pipeline->Illuminate\\Pipeline\\{closure}()
#53 /home/obed/Bureau/my-api-project/vendor/laravel/framework/src/Illuminate/Pipeline/Pipeline.php(219): Illuminate\\Foundation\\Http\\Middleware\\InvokeDeferredCallbacks->handle()
#54 /home/obed/Bureau/my-api-project/vendor/laravel/framework/src/Illuminate/Http/Middleware/ValidatePathEncoding.php(26): Illuminate\\Pipeline\\Pipeline->Illuminate\\Pipeline\\{closure}()
#55 /home/obed/Bureau/my-api-project/vendor/laravel/framework/src/Illuminate/Pipeline/Pipeline.php(219): Illuminate\\Http\\Middleware\\ValidatePathEncoding->handle()
#56 /home/obed/Bureau/my-api-project/vendor/laravel/framework/src/Illuminate/Pipeline/Pipeline.php(137): Illuminate\\Pipeline\\Pipeline->Illuminate\\Pipeline\\{closure}()
#57 /home/obed/Bureau/my-api-project/vendor/laravel/framework/src/Illuminate/Foundation/Http/Kernel.php(175): Illuminate\\Pipeline\\Pipeline->then()
#58 /home/obed/Bureau/my-api-project/vendor/laravel/framework/src/Illuminate/Foundation/Http/Kernel.php(144): Illuminate\\Foundation\\Http\\Kernel->sendRequestThroughRouter()
#59 /home/obed/Bureau/my-api-project/vendor/laravel/framework/src/Illuminate/Foundation/Application.php(1219): Illuminate\\Foundation\\Http\\Kernel->handle()
#60 /home/obed/Bureau/my-api-project/public/index.php(20): Illuminate\\Foundation\\Application->handleRequest()
#61 /home/obed/Bureau/my-api-project/vendor/laravel/framework/src/Illuminate/Foundation/resources/server.php(23): require_once('...')
#62 {main}

[previous exception] [object] (PDOException(code: 42S22): SQLSTATE[42S22]: Column not found: 1054 Unknown column 'specialites.user_id' in 'where clause' at /home/obed/Bureau/my-api-project/vendor/laravel/framework/src/Illuminate/Database/Connection.php:406)
[stacktrace]
#0 /home/obed/Bureau/my-api-project/vendor/laravel/framework/src/Illuminate/Database/Connection.php(406): PDO->prepare()
#1 /home/obed/Bureau/my-api-project/vendor/laravel/framework/src/Illuminate/Database/Connection.php(811): Illuminate\\Database\\Connection->Illuminate\\Database\\{closure}()
#2 /home/obed/Bureau/my-api-project/vendor/laravel/framework/src/Illuminate/Database/Connection.php(778): Illuminate\\Database\\Connection->runQueryCallback()
#3 /home/obed/Bureau/my-api-project/vendor/laravel/framework/src/Illuminate/Database/Connection.php(397): Illuminate\\Database\\Connection->run()
#4 /home/obed/Bureau/my-api-project/vendor/laravel/framework/src/Illuminate/Database/Query/Builder.php(3188): Illuminate\\Database\\Connection->select()
#5 /home/obed/Bureau/my-api-project/vendor/laravel/framework/src/Illuminate/Database/Query/Builder.php(3173): Illuminate\\Database\\Query\\Builder->runSelect()
#6 /home/obed/Bureau/my-api-project/vendor/laravel/framework/src/Illuminate/Database/Query/Builder.php(3763): Illuminate\\Database\\Query\\Builder->Illuminate\\Database\\Query\\{closure}()
#7 /home/obed/Bureau/my-api-project/vendor/laravel/framework/src/Illuminate/Database/Query/Builder.php(3172): Illuminate\\Database\\Query\\Builder->onceWithColumns()
#8 /home/obed/Bureau/my-api-project/vendor/laravel/framework/src/Illuminate/Database/Eloquent/Builder.php(887): Illuminate\\Database\\Query\\Builder->get()
#9 /home/obed/Bureau/my-api-project/vendor/laravel/framework/src/Illuminate/Database/Eloquent/Builder.php(869): Illuminate\\Database\\Eloquent\\Builder->getModels()
#10 /home/obed/Bureau/my-api-project/vendor/laravel/framework/src/Illuminate/Database/Eloquent/Relations/Relation.php(212): Illuminate\\Database\\Eloquent\\Builder->get()
#11 /home/obed/Bureau/my-api-project/vendor/laravel/framework/src/Illuminate/Database/Eloquent/Relations/Relation.php(175): Illuminate\\Database\\Eloquent\\Relations\\Relation->get()
#12 /home/obed/Bureau/my-api-project/vendor/laravel/framework/src/Illuminate/Database/Eloquent/Builder.php(935): Illuminate\\Database\\Eloquent\\Relations\\Relation->getEager()
#13 /home/obed/Bureau/my-api-project/vendor/laravel/framework/src/Illuminate/Database/Eloquent/Builder.php(904): Illuminate\\Database\\Eloquent\\Builder->eagerLoadRelation()
#14 /home/obed/Bureau/my-api-project/vendor/laravel/framework/src/Illuminate/Database/Eloquent/Builder.php(870): Illuminate\\Database\\Eloquent\\Builder->eagerLoadRelations()
#15 /home/obed/Bureau/my-api-project/vendor/laravel/framework/src/Illuminate/Database/Eloquent/Relations/Relation.php(212): Illuminate\\Database\\Eloquent\\Builder->get()
#16 /home/obed/Bureau/my-api-project/vendor/laravel/framework/src/Illuminate/Database/Eloquent/Relations/Relation.php(175): Illuminate\\Database\\Eloquent\\Relations\\Relation->get()
#17 /home/obed/Bureau/my-api-project/vendor/laravel/framework/src/Illuminate/Database/Eloquent/Builder.php(935): Illuminate\\Database\\Eloquent\\Relations\\Relation->getEager()
#18 /home/obed/Bureau/my-api-project/vendor/laravel/framework/src/Illuminate/Database/Eloquent/Builder.php(904): Illuminate\\Database\\Eloquent\\Builder->eagerLoadRelation()
#19 /home/obed/Bureau/my-api-project/vendor/laravel/framework/src/Illuminate/Database/Eloquent/Builder.php(870): Illuminate\\Database\\Eloquent\\Builder->eagerLoadRelations()
#20 /home/obed/Bureau/my-api-project/app/Http/Controllers/RendezVousController.php(198): Illuminate\\Database\\Eloquent\\Builder->get()
#21 /home/obed/Bureau/my-api-project/vendor/laravel/framework/src/Illuminate/Routing/ControllerDispatcher.php(46): App\\Http\\Controllers\\RendezVousController->getUserRdv()
#22 /home/obed/Bureau/my-api-project/vendor/laravel/framework/src/Illuminate/Routing/Route.php(265): Illuminate\\Routing\\ControllerDispatcher->dispatch()
#23 /home/obed/Bureau/my-api-project/vendor/laravel/framework/src/Illuminate/Routing/Route.php(211): Illuminate\\Routing\\Route->runController()
#24 /home/obed/Bureau/my-api-project/vendor/laravel/framework/src/Illuminate/Routing/Router.php(822): Illuminate\\Routing\\Route->run()
#25 /home/obed/Bureau/my-api-project/vendor/laravel/framework/src/Illuminate/Pipeline/Pipeline.php(180): Illuminate\\Routing\\Router->Illuminate\\Routing\\{closure}()
#26 /home/obed/Bureau/my-api-project/vendor/laravel/framework/src/Illuminate/Routing/Middleware/SubstituteBindings.php(50): Illuminate\\Pipeline\\Pipeline->Illuminate\\Pipeline\\{closure}()
#27 /home/obed/Bureau/my-api-project/vendor/laravel/framework/src/Illuminate/Pipeline/Pipeline.php(219): Illuminate\\Routing\\Middleware\\SubstituteBindings->handle()
#28 /home/obed/Bureau/my-api-project/vendor/laravel/sanctum/src/Http/Middleware/EnsureFrontendRequestsAreStateful.php(26): Illuminate\\Pipeline\\Pipeline->Illuminate\\Pipeline\\{closure}()
#29 /home/obed/Bureau/my-api-project/vendor/laravel/framework/src/Illuminate/Pipeline/Pipeline.php(180): Laravel\\Sanctum\\Http\\Middleware\\EnsureFrontendRequestsAreStateful->Laravel\\Sanctum\\Http\\Middleware\\{closure}()
#30 /home/obed/Bureau/my-api-project/vendor/laravel/framework/src/Illuminate/Pipeline/Pipeline.php(137): Illuminate\\Pipeline\\Pipeline->Illuminate\\Pipeline\\{closure}()
#31 /home/obed/Bureau/my-api-project/vendor/laravel/sanctum/src/Http/Middleware/EnsureFrontendRequestsAreStateful.php(25): Illuminate\\Pipeline\\Pipeline->then()
#32 /home/obed/Bureau/my-api-project/vendor/laravel/framework/src/Illuminate/Pipeline/Pipeline.php(219): Laravel\\Sanctum\\Http\\Middleware\\EnsureFrontendRequestsAreStateful->handle()
#33 /home/obed/Bureau/my-api-project/vendor/laravel/framework/src/Illuminate/Pipeline/Pipeline.php(137): Illuminate\\Pipeline\\Pipeline->Illuminate\\Pipeline\\{closure}()
#34 /home/obed/Bureau/my-api-project/vendor/laravel/framework/src/Illuminate/Routing/Router.php(821): Illuminate\\Pipeline\\Pipeline->then()
#35 /home/obed/Bureau/my-api-project/vendor/laravel/framework/src/Illuminate/Routing/Router.php(800): Illuminate\\Routing\\Router->runRouteWithinStack()
#36 /home/obed/Bureau/my-api-project/vendor/laravel/framework/src/Illuminate/Routing/Router.php(764): Illuminate\\Routing\\Router->runRoute()
#37 /home/obed/Bureau/my-api-project/vendor/laravel/framework/src/Illuminate/Routing/Router.php(753): Illuminate\\Routing\\Router->dispatchToRoute()
#38 /home/obed/Bureau/my-api-project/vendor/laravel/framework/src/Illuminate/Foundation/Http/Kernel.php(200): Illuminate\\Routing\\Router->dispatch()
#39 /home/obed/Bureau/my-api-project/vendor/laravel/framework/src/Illuminate/Pipeline/Pipeline.php(180): Illuminate\\Foundation\\Http\\Kernel->Illuminate\\Foundation\\Http\\{closure}()
#40 /home/obed/Bureau/my-api-project/vendor/laravel/framework/src/Illuminate/Foundation/Http/Middleware/TransformsRequest.php(21): Illuminate\\Pipeline\\Pipeline->Illuminate\\Pipeline\\{closure}()
#41 /home/obed/Bureau/my-api-project/vendor/laravel/framework/src/Illuminate/Foundation/Http/Middleware/ConvertEmptyStringsToNull.php(31): Illuminate\\Foundation\\Http\\Middleware\\TransformsRequest->handle()
#42 /home/obed/Bureau/my-api-project/vendor/laravel/framework/src/Illuminate/Pipeline/Pipeline.php(219): Illuminate\\Foundation\\Http\\Middleware\\ConvertEmptyStringsToNull->handle()
#43 /home/obed/Bureau/my-api-project/vendor/laravel/framework/src/Illuminate/Foundation/Http/Middleware/TransformsRequest.php(21): Illuminate\\Pipeline\\Pipeline->Illuminate\\Pipeline\\{closure}()
#44 /home/obed/Bureau/my-api-project/vendor/laravel/framework/src/Illuminate/Foundation/Http/Middleware/TrimStrings.php(51): Illuminate\\Foundation\\Http\\Middleware\\TransformsRequest->handle()
#45 /home/obed/Bureau/my-api-project/vendor/laravel/framework/src/Illuminate/Pipeline/Pipeline.php(219): Illuminate\\Foundation\\Http\\Middleware\\TrimStrings->handle()
#46 /home/obed/Bureau/my-api-project/vendor/laravel/framework/src/Illuminate/Http/Middleware/ValidatePostSize.php(27): Illuminate\\Pipeline\\Pipeline->Illuminate\\Pipeline\\{closure}()
#47 /home/obed/Bureau/my-api-project/vendor/laravel/framework/src/Illuminate/Pipeline/Pipeline.php(219): Illuminate\\Http\\Middleware\\ValidatePostSize->handle()
#48 /home/obed/Bureau/my-api-project/vendor/laravel/framework/src/Illuminate/Foundation/Http/Middleware/PreventRequestsDuringMaintenance.php(109): Illuminate\\Pipeline\\Pipeline->Illuminate\\Pipeline\\{closure}()
#49 /home/obed/Bureau/my-api-project/vendor/laravel/framework/src/Illuminate/Pipeline/Pipeline.php(219): Illuminate\\Foundation\\Http\\Middleware\\PreventRequestsDuringMaintenance->handle()
#50 /home/obed/Bureau/my-api-project/vendor/laravel/framework/src/Illuminate/Http/Middleware/HandleCors.php(61): Illuminate\\Pipeline\\Pipeline->Illuminate\\Pipeline\\{closure}()
#51 /home/obed/Bureau/my-api-project/vendor/laravel/framework/src/Illuminate/Pipeline/Pipeline.php(219): Illuminate\\Http\\Middleware\\HandleCors->handle()
#52 /home/obed/Bureau/my-api-project/vendor/laravel/framework/src/Illuminate/Http/Middleware/TrustProxies.php(58): Illuminate\\Pipeline\\Pipeline->Illuminate\\Pipeline\\{closure}()
#53 /home/obed/Bureau/my-api-project/vendor/laravel/framework/src/Illuminate/Pipeline/Pipeline.php(219): Illuminate\\Http\\Middleware\\TrustProxies->handle()
#54 /home/obed/Bureau/my-api-project/vendor/laravel/framework/src/Illuminate/Foundation/Http/Middleware/InvokeDeferredCallbacks.php(22): Illuminate\\Pipeline\\Pipeline->Illuminate\\Pipeline\\{closure}()
#55 /home/obed/Bureau/my-api-project/vendor/laravel/framework/src/Illuminate/Pipeline/Pipeline.php(219): Illuminate\\Foundation\\Http\\Middleware\\InvokeDeferredCallbacks->handle()
#56 /home/obed/Bureau/my-api-project/vendor/laravel/framework/src/Illuminate/Http/Middleware/ValidatePathEncoding.php(26): Illuminate\\Pipeline\\Pipeline->Illuminate\\Pipeline\\{closure}()
#57 /home/obed/Bureau/my-api-project/vendor/laravel/framework/src/Illuminate/Pipeline/Pipeline.php(219): Illuminate\\Http\\Middleware\\ValidatePathEncoding->handle()
#58 /home/obed/Bureau/my-api-project/vendor/laravel/framework/src/Illuminate/Pipeline/Pipeline.php(137): Illuminate\\Pipeline\\Pipeline->Illuminate\\Pipeline\\{closure}()
#59 /home/obed/Bureau/my-api-project/vendor/laravel/framework/src/Illuminate/Foundation/Http/Kernel.php(175): Illuminate\\Pipeline\\Pipeline->then()
#60 /home/obed/Bureau/my-api-project/vendor/laravel/framework/src/Illuminate/Foundation/Http/Kernel.php(144): Illuminate\\Foundation\\Http\\Kernel->sendRequestThroughRouter()
#61 /home/obed/Bureau/my-api-project/vendor/laravel/framework/src/Illuminate/Foundation/Application.php(1219): Illuminate\\Foundation\\Http\\Kernel->handle()
#62 /home/obed/Bureau/my-api-project/public/index.php(20): Illuminate\\Foundation\\Application->handleRequest()
#63 /home/obed/Bureau/my-api-project/vendor/laravel/framework/src/Illuminate/Foundation/resources/server.php(23): require_once('...')
#64 {main}
"} 
[2025-08-29 15:51:17] local.ERROR: SQLSTATE[42S22]: Column not found: 1054 Unknown column 'specialites.user_id' in 'where clause' (Connection: mysql, SQL: select * from `specialites` where `specialites`.`user_id` in (2) and `specialites`.`deleted_at` is null) {"exception":"[object] (Illuminate\\Database\\QueryException(code: 42S22): SQLSTATE[42S22]: Column not found: 1054 Unknown column 'specialites.user_id' in 'where clause' (Connection: mysql, SQL: select * from `specialites` where `specialites`.`user_id` in (2) and `specialites`.`deleted_at` is null) at /home/obed/Bureau/my-api-project/vendor/laravel/framework/src/Illuminate/Database/Connection.php:824)
[stacktrace]
#0 /home/obed/Bureau/my-api-project/vendor/laravel/framework/src/Illuminate/Database/Connection.php(778): Illuminate\\Database\\Connection->runQueryCallback()
#1 /home/obed/Bureau/my-api-project/vendor/laravel/framework/src/Illuminate/Database/Connection.php(397): Illuminate\\Database\\Connection->run()
#2 /home/obed/Bureau/my-api-project/vendor/laravel/framework/src/Illuminate/Database/Query/Builder.php(3188): Illuminate\\Database\\Connection->select()
#3 /home/obed/Bureau/my-api-project/vendor/laravel/framework/src/Illuminate/Database/Query/Builder.php(3173): Illuminate\\Database\\Query\\Builder->runSelect()
#4 /home/obed/Bureau/my-api-project/vendor/laravel/framework/src/Illuminate/Database/Query/Builder.php(3763): Illuminate\\Database\\Query\\Builder->Illuminate\\Database\\Query\\{closure}()
#5 /home/obed/Bureau/my-api-project/vendor/laravel/framework/src/Illuminate/Database/Query/Builder.php(3172): Illuminate\\Database\\Query\\Builder->onceWithColumns()
#6 /home/obed/Bureau/my-api-project/vendor/laravel/framework/src/Illuminate/Database/Eloquent/Builder.php(887): Illuminate\\Database\\Query\\Builder->get()
#7 /home/obed/Bureau/my-api-project/vendor/laravel/framework/src/Illuminate/Database/Eloquent/Builder.php(869): Illuminate\\Database\\Eloquent\\Builder->getModels()
#8 /home/obed/Bureau/my-api-project/vendor/laravel/framework/src/Illuminate/Database/Eloquent/Relations/Relation.php(212): Illuminate\\Database\\Eloquent\\Builder->get()
#9 /home/obed/Bureau/my-api-project/vendor/laravel/framework/src/Illuminate/Database/Eloquent/Relations/Relation.php(175): Illuminate\\Database\\Eloquent\\Relations\\Relation->get()
#10 /home/obed/Bureau/my-api-project/vendor/laravel/framework/src/Illuminate/Database/Eloquent/Builder.php(935): Illuminate\\Database\\Eloquent\\Relations\\Relation->getEager()
#11 /home/obed/Bureau/my-api-project/vendor/laravel/framework/src/Illuminate/Database/Eloquent/Builder.php(904): Illuminate\\Database\\Eloquent\\Builder->eagerLoadRelation()
#12 /home/obed/Bureau/my-api-project/vendor/laravel/framework/src/Illuminate/Database/Eloquent/Builder.php(870): Illuminate\\Database\\Eloquent\\Builder->eagerLoadRelations()
#13 /home/obed/Bureau/my-api-project/vendor/laravel/framework/src/Illuminate/Database/Eloquent/Relations/Relation.php(212): Illuminate\\Database\\Eloquent\\Builder->get()
#14 /home/obed/Bureau/my-api-project/vendor/laravel/framework/src/Illuminate/Database/Eloquent/Relations/Relation.php(175): Illuminate\\Database\\Eloquent\\Relations\\Relation->get()
#15 /home/obed/Bureau/my-api-project/vendor/laravel/framework/src/Illuminate/Database/Eloquent/Builder.php(935): Illuminate\\Database\\Eloquent\\Relations\\Relation->getEager()
#16 /home/obed/Bureau/my-api-project/vendor/laravel/framework/src/Illuminate/Database/Eloquent/Builder.php(904): Illuminate\\Database\\Eloquent\\Builder->eagerLoadRelation()
#17 /home/obed/Bureau/my-api-project/vendor/laravel/framework/src/Illuminate/Database/Eloquent/Builder.php(870): Illuminate\\Database\\Eloquent\\Builder->eagerLoadRelations()
#18 /home/obed/Bureau/my-api-project/app/Http/Controllers/RendezVousController.php(198): Illuminate\\Database\\Eloquent\\Builder->get()
#19 /home/obed/Bureau/my-api-project/vendor/laravel/framework/src/Illuminate/Routing/ControllerDispatcher.php(46): App\\Http\\Controllers\\RendezVousController->getUserRdv()
#20 /home/obed/Bureau/my-api-project/vendor/laravel/framework/src/Illuminate/Routing/Route.php(265): Illuminate\\Routing\\ControllerDispatcher->dispatch()
#21 /home/obed/Bureau/my-api-project/vendor/laravel/framework/src/Illuminate/Routing/Route.php(211): Illuminate\\Routing\\Route->runController()
#22 /home/obed/Bureau/my-api-project/vendor/laravel/framework/src/Illuminate/Routing/Router.php(822): Illuminate\\Routing\\Route->run()
#23 /home/obed/Bureau/my-api-project/vendor/laravel/framework/src/Illuminate/Pipeline/Pipeline.php(180): Illuminate\\Routing\\Router->Illuminate\\Routing\\{closure}()
#24 /home/obed/Bureau/my-api-project/vendor/laravel/framework/src/Illuminate/Routing/Middleware/SubstituteBindings.php(50): Illuminate\\Pipeline\\Pipeline->Illuminate\\Pipeline\\{closure}()
#25 /home/obed/Bureau/my-api-project/vendor/laravel/framework/src/Illuminate/Pipeline/Pipeline.php(219): Illuminate\\Routing\\Middleware\\SubstituteBindings->handle()
#26 /home/obed/Bureau/my-api-project/vendor/laravel/sanctum/src/Http/Middleware/EnsureFrontendRequestsAreStateful.php(26): Illuminate\\Pipeline\\Pipeline->Illuminate\\Pipeline\\{closure}()
#27 /home/obed/Bureau/my-api-project/vendor/laravel/framework/src/Illuminate/Pipeline/Pipeline.php(180): Laravel\\Sanctum\\Http\\Middleware\\EnsureFrontendRequestsAreStateful->Laravel\\Sanctum\\Http\\Middleware\\{closure}()
#28 /home/obed/Bureau/my-api-project/vendor/laravel/framework/src/Illuminate/Pipeline/Pipeline.php(137): Illuminate\\Pipeline\\Pipeline->Illuminate\\Pipeline\\{closure}()
#29 /home/obed/Bureau/my-api-project/vendor/laravel/sanctum/src/Http/Middleware/EnsureFrontendRequestsAreStateful.php(25): Illuminate\\Pipeline\\Pipeline->then()
#30 /home/obed/Bureau/my-api-project/vendor/laravel/framework/src/Illuminate/Pipeline/Pipeline.php(219): Laravel\\Sanctum\\Http\\Middleware\\EnsureFrontendRequestsAreStateful->handle()
#31 /home/obed/Bureau/my-api-project/vendor/laravel/framework/src/Illuminate/Pipeline/Pipeline.php(137): Illuminate\\Pipeline\\Pipeline->Illuminate\\Pipeline\\{closure}()
#32 /home/obed/Bureau/my-api-project/vendor/laravel/framework/src/Illuminate/Routing/Router.php(821): Illuminate\\Pipeline\\Pipeline->then()
#33 /home/obed/Bureau/my-api-project/vendor/laravel/framework/src/Illuminate/Routing/Router.php(800): Illuminate\\Routing\\Router->runRouteWithinStack()
#34 /home/obed/Bureau/my-api-project/vendor/laravel/framework/src/Illuminate/Routing/Router.php(764): Illuminate\\Routing\\Router->runRoute()
#35 /home/obed/Bureau/my-api-project/vendor/laravel/framework/src/Illuminate/Routing/Router.php(753): Illuminate\\Routing\\Router->dispatchToRoute()
#36 /home/obed/Bureau/my-api-project/vendor/laravel/framework/src/Illuminate/Foundation/Http/Kernel.php(200): Illuminate\\Routing\\Router->dispatch()
#37 /home/obed/Bureau/my-api-project/vendor/laravel/framework/src/Illuminate/Pipeline/Pipeline.php(180): Illuminate\\Foundation\\Http\\Kernel->Illuminate\\Foundation\\Http\\{closure}()
#38 /home/obed/Bureau/my-api-project/vendor/laravel/framework/src/Illuminate/Foundation/Http/Middleware/TransformsRequest.php(21): Illuminate\\Pipeline\\Pipeline->Illuminate\\Pipeline\\{closure}()
#39 /home/obed/Bureau/my-api-project/vendor/laravel/framework/src/Illuminate/Foundation/Http/Middleware/ConvertEmptyStringsToNull.php(31): Illuminate\\Foundation\\Http\\Middleware\\TransformsRequest->handle()
#40 /home/obed/Bureau/my-api-project/vendor/laravel/framework/src/Illuminate/Pipeline/Pipeline.php(219): Illuminate\\Foundation\\Http\\Middleware\\ConvertEmptyStringsToNull->handle()
#41 /home/obed/Bureau/my-api-project/vendor/laravel/framework/src/Illuminate/Foundation/Http/Middleware/TransformsRequest.php(21): Illuminate\\Pipeline\\Pipeline->Illuminate\\Pipeline\\{closure}()
#42 /home/obed/Bureau/my-api-project/vendor/laravel/framework/src/Illuminate/Foundation/Http/Middleware/TrimStrings.php(51): Illuminate\\Foundation\\Http\\Middleware\\TransformsRequest->handle()
#43 /home/obed/Bureau/my-api-project/vendor/laravel/framework/src/Illuminate/Pipeline/Pipeline.php(219): Illuminate\\Foundation\\Http\\Middleware\\TrimStrings->handle()
#44 /home/obed/Bureau/my-api-project/vendor/laravel/framework/src/Illuminate/Http/Middleware/ValidatePostSize.php(27): Illuminate\\Pipeline\\Pipeline->Illuminate\\Pipeline\\{closure}()
#45 /home/obed/Bureau/my-api-project/vendor/laravel/framework/src/Illuminate/Pipeline/Pipeline.php(219): Illuminate\\Http\\Middleware\\ValidatePostSize->handle()
#46 /home/obed/Bureau/my-api-project/vendor/laravel/framework/src/Illuminate/Foundation/Http/Middleware/PreventRequestsDuringMaintenance.php(109): Illuminate\\Pipeline\\Pipeline->Illuminate\\Pipeline\\{closure}()
#47 /home/obed/Bureau/my-api-project/vendor/laravel/framework/src/Illuminate/Pipeline/Pipeline.php(219): Illuminate\\Foundation\\Http\\Middleware\\PreventRequestsDuringMaintenance->handle()
#48 /home/obed/Bureau/my-api-project/vendor/laravel/framework/src/Illuminate/Http/Middleware/HandleCors.php(61): Illuminate\\Pipeline\\Pipeline->Illuminate\\Pipeline\\{closure}()
#49 /home/obed/Bureau/my-api-project/vendor/laravel/framework/src/Illuminate/Pipeline/Pipeline.php(219): Illuminate\\Http\\Middleware\\HandleCors->handle()
#50 /home/obed/Bureau/my-api-project/vendor/laravel/framework/src/Illuminate/Http/Middleware/TrustProxies.php(58): Illuminate\\Pipeline\\Pipeline->Illuminate\\Pipeline\\{closure}()
#51 /home/obed/Bureau/my-api-project/vendor/laravel/framework/src/Illuminate/Pipeline/Pipeline.php(219): Illuminate\\Http\\Middleware\\TrustProxies->handle()
#52 /home/obed/Bureau/my-api-project/vendor/laravel/framework/src/Illuminate/Foundation/Http/Middleware/InvokeDeferredCallbacks.php(22): Illuminate\\Pipeline\\Pipeline->Illuminate\\Pipeline\\{closure}()
#53 /home/obed/Bureau/my-api-project/vendor/laravel/framework/src/Illuminate/Pipeline/Pipeline.php(219): Illuminate\\Foundation\\Http\\Middleware\\InvokeDeferredCallbacks->handle()
#54 /home/obed/Bureau/my-api-project/vendor/laravel/framework/src/Illuminate/Http/Middleware/ValidatePathEncoding.php(26): Illuminate\\Pipeline\\Pipeline->Illuminate\\Pipeline\\{closure}()
#55 /home/obed/Bureau/my-api-project/vendor/laravel/framework/src/Illuminate/Pipeline/Pipeline.php(219): Illuminate\\Http\\Middleware\\ValidatePathEncoding->handle()
#56 /home/obed/Bureau/my-api-project/vendor/laravel/framework/src/Illuminate/Pipeline/Pipeline.php(137): Illuminate\\Pipeline\\Pipeline->Illuminate\\Pipeline\\{closure}()
#57 /home/obed/Bureau/my-api-project/vendor/laravel/framework/src/Illuminate/Foundation/Http/Kernel.php(175): Illuminate\\Pipeline\\Pipeline->then()
#58 /home/obed/Bureau/my-api-project/vendor/laravel/framework/src/Illuminate/Foundation/Http/Kernel.php(144): Illuminate\\Foundation\\Http\\Kernel->sendRequestThroughRouter()
#59 /home/obed/Bureau/my-api-project/vendor/laravel/framework/src/Illuminate/Foundation/Application.php(1219): Illuminate\\Foundation\\Http\\Kernel->handle()
#60 /home/obed/Bureau/my-api-project/public/index.php(20): Illuminate\\Foundation\\Application->handleRequest()
#61 /home/obed/Bureau/my-api-project/vendor/laravel/framework/src/Illuminate/Foundation/resources/server.php(23): require_once('...')
#62 {main}

[previous exception] [object] (PDOException(code: 42S22): SQLSTATE[42S22]: Column not found: 1054 Unknown column 'specialites.user_id' in 'where clause' at /home/obed/Bureau/my-api-project/vendor/laravel/framework/src/Illuminate/Database/Connection.php:406)
[stacktrace]
#0 /home/obed/Bureau/my-api-project/vendor/laravel/framework/src/Illuminate/Database/Connection.php(406): PDO->prepare()
#1 /home/obed/Bureau/my-api-project/vendor/laravel/framework/src/Illuminate/Database/Connection.php(811): Illuminate\\Database\\Connection->Illuminate\\Database\\{closure}()
#2 /home/obed/Bureau/my-api-project/vendor/laravel/framework/src/Illuminate/Database/Connection.php(778): Illuminate\\Database\\Connection->runQueryCallback()
#3 /home/obed/Bureau/my-api-project/vendor/laravel/framework/src/Illuminate/Database/Connection.php(397): Illuminate\\Database\\Connection->run()
#4 /home/obed/Bureau/my-api-project/vendor/laravel/framework/src/Illuminate/Database/Query/Builder.php(3188): Illuminate\\Database\\Connection->select()
#5 /home/obed/Bureau/my-api-project/vendor/laravel/framework/src/Illuminate/Database/Query/Builder.php(3173): Illuminate\\Database\\Query\\Builder->runSelect()
#6 /home/obed/Bureau/my-api-project/vendor/laravel/framework/src/Illuminate/Database/Query/Builder.php(3763): Illuminate\\Database\\Query\\Builder->Illuminate\\Database\\Query\\{closure}()
#7 /home/obed/Bureau/my-api-project/vendor/laravel/framework/src/Illuminate/Database/Query/Builder.php(3172): Illuminate\\Database\\Query\\Builder->onceWithColumns()
#8 /home/obed/Bureau/my-api-project/vendor/laravel/framework/src/Illuminate/Database/Eloquent/Builder.php(887): Illuminate\\Database\\Query\\Builder->get()
#9 /home/obed/Bureau/my-api-project/vendor/laravel/framework/src/Illuminate/Database/Eloquent/Builder.php(869): Illuminate\\Database\\Eloquent\\Builder->getModels()
#10 /home/obed/Bureau/my-api-project/vendor/laravel/framework/src/Illuminate/Database/Eloquent/Relations/Relation.php(212): Illuminate\\Database\\Eloquent\\Builder->get()
#11 /home/obed/Bureau/my-api-project/vendor/laravel/framework/src/Illuminate/Database/Eloquent/Relations/Relation.php(175): Illuminate\\Database\\Eloquent\\Relations\\Relation->get()
#12 /home/obed/Bureau/my-api-project/vendor/laravel/framework/src/Illuminate/Database/Eloquent/Builder.php(935): Illuminate\\Database\\Eloquent\\Relations\\Relation->getEager()
#13 /home/obed/Bureau/my-api-project/vendor/laravel/framework/src/Illuminate/Database/Eloquent/Builder.php(904): Illuminate\\Database\\Eloquent\\Builder->eagerLoadRelation()
#14 /home/obed/Bureau/my-api-project/vendor/laravel/framework/src/Illuminate/Database/Eloquent/Builder.php(870): Illuminate\\Database\\Eloquent\\Builder->eagerLoadRelations()
#15 /home/obed/Bureau/my-api-project/vendor/laravel/framework/src/Illuminate/Database/Eloquent/Relations/Relation.php(212): Illuminate\\Database\\Eloquent\\Builder->get()
#16 /home/obed/Bureau/my-api-project/vendor/laravel/framework/src/Illuminate/Database/Eloquent/Relations/Relation.php(175): Illuminate\\Database\\Eloquent\\Relations\\Relation->get()
#17 /home/obed/Bureau/my-api-project/vendor/laravel/framework/src/Illuminate/Database/Eloquent/Builder.php(935): Illuminate\\Database\\Eloquent\\Relations\\Relation->getEager()
#18 /home/obed/Bureau/my-api-project/vendor/laravel/framework/src/Illuminate/Database/Eloquent/Builder.php(904): Illuminate\\Database\\Eloquent\\Builder->eagerLoadRelation()
#19 /home/obed/Bureau/my-api-project/vendor/laravel/framework/src/Illuminate/Database/Eloquent/Builder.php(870): Illuminate\\Database\\Eloquent\\Builder->eagerLoadRelations()
#20 /home/obed/Bureau/my-api-project/app/Http/Controllers/RendezVousController.php(198): Illuminate\\Database\\Eloquent\\Builder->get()
#21 /home/obed/Bureau/my-api-project/vendor/laravel/framework/src/Illuminate/Routing/ControllerDispatcher.php(46): App\\Http\\Controllers\\RendezVousController->getUserRdv()
#22 /home/obed/Bureau/my-api-project/vendor/laravel/framework/src/Illuminate/Routing/Route.php(265): Illuminate\\Routing\\ControllerDispatcher->dispatch()
#23 /home/obed/Bureau/my-api-project/vendor/laravel/framework/src/Illuminate/Routing/Route.php(211): Illuminate\\Routing\\Route->runController()
#24 /home/obed/Bureau/my-api-project/vendor/laravel/framework/src/Illuminate/Routing/Router.php(822): Illuminate\\Routing\\Route->run()
#25 /home/obed/Bureau/my-api-project/vendor/laravel/framework/src/Illuminate/Pipeline/Pipeline.php(180): Illuminate\\Routing\\Router->Illuminate\\Routing\\{closure}()
#26 /home/obed/Bureau/my-api-project/vendor/laravel/framework/src/Illuminate/Routing/Middleware/SubstituteBindings.php(50): Illuminate\\Pipeline\\Pipeline->Illuminate\\Pipeline\\{closure}()
#27 /home/obed/Bureau/my-api-project/vendor/laravel/framework/src/Illuminate/Pipeline/Pipeline.php(219): Illuminate\\Routing\\Middleware\\SubstituteBindings->handle()
#28 /home/obed/Bureau/my-api-project/vendor/laravel/sanctum/src/Http/Middleware/EnsureFrontendRequestsAreStateful.php(26): Illuminate\\Pipeline\\Pipeline->Illuminate\\Pipeline\\{closure}()
#29 /home/obed/Bureau/my-api-project/vendor/laravel/framework/src/Illuminate/Pipeline/Pipeline.php(180): Laravel\\Sanctum\\Http\\Middleware\\EnsureFrontendRequestsAreStateful->Laravel\\Sanctum\\Http\\Middleware\\{closure}()
#30 /home/obed/Bureau/my-api-project/vendor/laravel/framework/src/Illuminate/Pipeline/Pipeline.php(137): Illuminate\\Pipeline\\Pipeline->Illuminate\\Pipeline\\{closure}()
#31 /home/obed/Bureau/my-api-project/vendor/laravel/sanctum/src/Http/Middleware/EnsureFrontendRequestsAreStateful.php(25): Illuminate\\Pipeline\\Pipeline->then()
#32 /home/obed/Bureau/my-api-project/vendor/laravel/framework/src/Illuminate/Pipeline/Pipeline.php(219): Laravel\\Sanctum\\Http\\Middleware\\EnsureFrontendRequestsAreStateful->handle()
#33 /home/obed/Bureau/my-api-project/vendor/laravel/framework/src/Illuminate/Pipeline/Pipeline.php(137): Illuminate\\Pipeline\\Pipeline->Illuminate\\Pipeline\\{closure}()
#34 /home/obed/Bureau/my-api-project/vendor/laravel/framework/src/Illuminate/Routing/Router.php(821): Illuminate\\Pipeline\\Pipeline->then()
#35 /home/obed/Bureau/my-api-project/vendor/laravel/framework/src/Illuminate/Routing/Router.php(800): Illuminate\\Routing\\Router->runRouteWithinStack()
#36 /home/obed/Bureau/my-api-project/vendor/laravel/framework/src/Illuminate/Routing/Router.php(764): Illuminate\\Routing\\Router->runRoute()
#37 /home/obed/Bureau/my-api-project/vendor/laravel/framework/src/Illuminate/Routing/Router.php(753): Illuminate\\Routing\\Router->dispatchToRoute()
#38 /home/obed/Bureau/my-api-project/vendor/laravel/framework/src/Illuminate/Foundation/Http/Kernel.php(200): Illuminate\\Routing\\Router->dispatch()
#39 /home/obed/Bureau/my-api-project/vendor/laravel/framework/src/Illuminate/Pipeline/Pipeline.php(180): Illuminate\\Foundation\\Http\\Kernel->Illuminate\\Foundation\\Http\\{closure}()
#40 /home/obed/Bureau/my-api-project/vendor/laravel/framework/src/Illuminate/Foundation/Http/Middleware/TransformsRequest.php(21): Illuminate\\Pipeline\\Pipeline->Illuminate\\Pipeline\\{closure}()
#41 /home/obed/Bureau/my-api-project/vendor/laravel/framework/src/Illuminate/Foundation/Http/Middleware/ConvertEmptyStringsToNull.php(31): Illuminate\\Foundation\\Http\\Middleware\\TransformsRequest->handle()
#42 /home/obed/Bureau/my-api-project/vendor/laravel/framework/src/Illuminate/Pipeline/Pipeline.php(219): Illuminate\\Foundation\\Http\\Middleware\\ConvertEmptyStringsToNull->handle()
#43 /home/obed/Bureau/my-api-project/vendor/laravel/framework/src/Illuminate/Foundation/Http/Middleware/TransformsRequest.php(21): Illuminate\\Pipeline\\Pipeline->Illuminate\\Pipeline\\{closure}()
#44 /home/obed/Bureau/my-api-project/vendor/laravel/framework/src/Illuminate/Foundation/Http/Middleware/TrimStrings.php(51): Illuminate\\Foundation\\Http\\Middleware\\TransformsRequest->handle()
#45 /home/obed/Bureau/my-api-project/vendor/laravel/framework/src/Illuminate/Pipeline/Pipeline.php(219): Illuminate\\Foundation\\Http\\Middleware\\TrimStrings->handle()
#46 /home/obed/Bureau/my-api-project/vendor/laravel/framework/src/Illuminate/Http/Middleware/ValidatePostSize.php(27): Illuminate\\Pipeline\\Pipeline->Illuminate\\Pipeline\\{closure}()
#47 /home/obed/Bureau/my-api-project/vendor/laravel/framework/src/Illuminate/Pipeline/Pipeline.php(219): Illuminate\\Http\\Middleware\\ValidatePostSize->handle()
#48 /home/obed/Bureau/my-api-project/vendor/laravel/framework/src/Illuminate/Foundation/Http/Middleware/PreventRequestsDuringMaintenance.php(109): Illuminate\\Pipeline\\Pipeline->Illuminate\\Pipeline\\{closure}()
#49 /home/obed/Bureau/my-api-project/vendor/laravel/framework/src/Illuminate/Pipeline/Pipeline.php(219): Illuminate\\Foundation\\Http\\Middleware\\PreventRequestsDuringMaintenance->handle()
#50 /home/obed/Bureau/my-api-project/vendor/laravel/framework/src/Illuminate/Http/Middleware/HandleCors.php(61): Illuminate\\Pipeline\\Pipeline->Illuminate\\Pipeline\\{closure}()
#51 /home/obed/Bureau/my-api-project/vendor/laravel/framework/src/Illuminate/Pipeline/Pipeline.php(219): Illuminate\\Http\\Middleware\\HandleCors->handle()
#52 /home/obed/Bureau/my-api-project/vendor/laravel/framework/src/Illuminate/Http/Middleware/TrustProxies.php(58): Illuminate\\Pipeline\\Pipeline->Illuminate\\Pipeline\\{closure}()
#53 /home/obed/Bureau/my-api-project/vendor/laravel/framework/src/Illuminate/Pipeline/Pipeline.php(219): Illuminate\\Http\\Middleware\\TrustProxies->handle()
#54 /home/obed/Bureau/my-api-project/vendor/laravel/framework/src/Illuminate/Foundation/Http/Middleware/InvokeDeferredCallbacks.php(22): Illuminate\\Pipeline\\Pipeline->Illuminate\\Pipeline\\{closure}()
#55 /home/obed/Bureau/my-api-project/vendor/laravel/framework/src/Illuminate/Pipeline/Pipeline.php(219): Illuminate\\Foundation\\Http\\Middleware\\InvokeDeferredCallbacks->handle()
#56 /home/obed/Bureau/my-api-project/vendor/laravel/framework/src/Illuminate/Http/Middleware/ValidatePathEncoding.php(26): Illuminate\\Pipeline\\Pipeline->Illuminate\\Pipeline\\{closure}()
#57 /home/obed/Bureau/my-api-project/vendor/laravel/framework/src/Illuminate/Pipeline/Pipeline.php(219): Illuminate\\Http\\Middleware\\ValidatePathEncoding->handle()
#58 /home/obed/Bureau/my-api-project/vendor/laravel/framework/src/Illuminate/Pipeline/Pipeline.php(137): Illuminate\\Pipeline\\Pipeline->Illuminate\\Pipeline\\{closure}()
#59 /home/obed/Bureau/my-api-project/vendor/laravel/framework/src/Illuminate/Foundation/Http/Kernel.php(175): Illuminate\\Pipeline\\Pipeline->then()
#60 /home/obed/Bureau/my-api-project/vendor/laravel/framework/src/Illuminate/Foundation/Http/Kernel.php(144): Illuminate\\Foundation\\Http\\Kernel->sendRequestThroughRouter()
#61 /home/obed/Bureau/my-api-project/vendor/laravel/framework/src/Illuminate/Foundation/Application.php(1219): Illuminate\\Foundation\\Http\\Kernel->handle()
#62 /home/obed/Bureau/my-api-project/public/index.php(20): Illuminate\\Foundation\\Application->handleRequest()
#63 /home/obed/Bureau/my-api-project/vendor/laravel/framework/src/Illuminate/Foundation/resources/server.php(23): require_once('...')
#64 {main}
"} 
[2025-08-29 15:51:26] local.ERROR: SQLSTATE[42S22]: Column not found: 1054 Unknown column 'specialites.user_id' in 'where clause' (Connection: mysql, SQL: select * from `specialites` where `specialites`.`user_id` in (2) and `specialites`.`deleted_at` is null) {"exception":"[object] (Illuminate\\Database\\QueryException(code: 42S22): SQLSTATE[42S22]: Column not found: 1054 Unknown column 'specialites.user_id' in 'where clause' (Connection: mysql, SQL: select * from `specialites` where `specialites`.`user_id` in (2) and `specialites`.`deleted_at` is null) at /home/obed/Bureau/my-api-project/vendor/laravel/framework/src/Illuminate/Database/Connection.php:824)
[stacktrace]
#0 /home/obed/Bureau/my-api-project/vendor/laravel/framework/src/Illuminate/Database/Connection.php(778): Illuminate\\Database\\Connection->runQueryCallback()
#1 /home/obed/Bureau/my-api-project/vendor/laravel/framework/src/Illuminate/Database/Connection.php(397): Illuminate\\Database\\Connection->run()
#2 /home/obed/Bureau/my-api-project/vendor/laravel/framework/src/Illuminate/Database/Query/Builder.php(3188): Illuminate\\Database\\Connection->select()
#3 /home/obed/Bureau/my-api-project/vendor/laravel/framework/src/Illuminate/Database/Query/Builder.php(3173): Illuminate\\Database\\Query\\Builder->runSelect()
#4 /home/obed/Bureau/my-api-project/vendor/laravel/framework/src/Illuminate/Database/Query/Builder.php(3763): Illuminate\\Database\\Query\\Builder->Illuminate\\Database\\Query\\{closure}()
#5 /home/obed/Bureau/my-api-project/vendor/laravel/framework/src/Illuminate/Database/Query/Builder.php(3172): Illuminate\\Database\\Query\\Builder->onceWithColumns()
#6 /home/obed/Bureau/my-api-project/vendor/laravel/framework/src/Illuminate/Database/Eloquent/Builder.php(887): Illuminate\\Database\\Query\\Builder->get()
#7 /home/obed/Bureau/my-api-project/vendor/laravel/framework/src/Illuminate/Database/Eloquent/Builder.php(869): Illuminate\\Database\\Eloquent\\Builder->getModels()
#8 /home/obed/Bureau/my-api-project/vendor/laravel/framework/src/Illuminate/Database/Eloquent/Relations/Relation.php(212): Illuminate\\Database\\Eloquent\\Builder->get()
#9 /home/obed/Bureau/my-api-project/vendor/laravel/framework/src/Illuminate/Database/Eloquent/Relations/Relation.php(175): Illuminate\\Database\\Eloquent\\Relations\\Relation->get()
#10 /home/obed/Bureau/my-api-project/vendor/laravel/framework/src/Illuminate/Database/Eloquent/Builder.php(935): Illuminate\\Database\\Eloquent\\Relations\\Relation->getEager()
#11 /home/obed/Bureau/my-api-project/vendor/laravel/framework/src/Illuminate/Database/Eloquent/Builder.php(904): Illuminate\\Database\\Eloquent\\Builder->eagerLoadRelation()
#12 /home/obed/Bureau/my-api-project/vendor/laravel/framework/src/Illuminate/Database/Eloquent/Builder.php(870): Illuminate\\Database\\Eloquent\\Builder->eagerLoadRelations()
#13 /home/obed/Bureau/my-api-project/vendor/laravel/framework/src/Illuminate/Database/Eloquent/Relations/Relation.php(212): Illuminate\\Database\\Eloquent\\Builder->get()
#14 /home/obed/Bureau/my-api-project/vendor/laravel/framework/src/Illuminate/Database/Eloquent/Relations/Relation.php(175): Illuminate\\Database\\Eloquent\\Relations\\Relation->get()
#15 /home/obed/Bureau/my-api-project/vendor/laravel/framework/src/Illuminate/Database/Eloquent/Builder.php(935): Illuminate\\Database\\Eloquent\\Relations\\Relation->getEager()
#16 /home/obed/Bureau/my-api-project/vendor/laravel/framework/src/Illuminate/Database/Eloquent/Builder.php(904): Illuminate\\Database\\Eloquent\\Builder->eagerLoadRelation()
#17 /home/obed/Bureau/my-api-project/vendor/laravel/framework/src/Illuminate/Database/Eloquent/Builder.php(870): Illuminate\\Database\\Eloquent\\Builder->eagerLoadRelations()
#18 /home/obed/Bureau/my-api-project/app/Http/Controllers/RendezVousController.php(198): Illuminate\\Database\\Eloquent\\Builder->get()
#19 /home/obed/Bureau/my-api-project/vendor/laravel/framework/src/Illuminate/Routing/ControllerDispatcher.php(46): App\\Http\\Controllers\\RendezVousController->getUserRdv()
#20 /home/obed/Bureau/my-api-project/vendor/laravel/framework/src/Illuminate/Routing/Route.php(265): Illuminate\\Routing\\ControllerDispatcher->dispatch()
#21 /home/obed/Bureau/my-api-project/vendor/laravel/framework/src/Illuminate/Routing/Route.php(211): Illuminate\\Routing\\Route->runController()
#22 /home/obed/Bureau/my-api-project/vendor/laravel/framework/src/Illuminate/Routing/Router.php(822): Illuminate\\Routing\\Route->run()
#23 /home/obed/Bureau/my-api-project/vendor/laravel/framework/src/Illuminate/Pipeline/Pipeline.php(180): Illuminate\\Routing\\Router->Illuminate\\Routing\\{closure}()
#24 /home/obed/Bureau/my-api-project/vendor/laravel/framework/src/Illuminate/Routing/Middleware/SubstituteBindings.php(50): Illuminate\\Pipeline\\Pipeline->Illuminate\\Pipeline\\{closure}()
#25 /home/obed/Bureau/my-api-project/vendor/laravel/framework/src/Illuminate/Pipeline/Pipeline.php(219): Illuminate\\Routing\\Middleware\\SubstituteBindings->handle()
#26 /home/obed/Bureau/my-api-project/vendor/laravel/sanctum/src/Http/Middleware/EnsureFrontendRequestsAreStateful.php(26): Illuminate\\Pipeline\\Pipeline->Illuminate\\Pipeline\\{closure}()
#27 /home/obed/Bureau/my-api-project/vendor/laravel/framework/src/Illuminate/Pipeline/Pipeline.php(180): Laravel\\Sanctum\\Http\\Middleware\\EnsureFrontendRequestsAreStateful->Laravel\\Sanctum\\Http\\Middleware\\{closure}()
#28 /home/obed/Bureau/my-api-project/vendor/laravel/framework/src/Illuminate/Pipeline/Pipeline.php(137): Illuminate\\Pipeline\\Pipeline->Illuminate\\Pipeline\\{closure}()
#29 /home/obed/Bureau/my-api-project/vendor/laravel/sanctum/src/Http/Middleware/EnsureFrontendRequestsAreStateful.php(25): Illuminate\\Pipeline\\Pipeline->then()
#30 /home/obed/Bureau/my-api-project/vendor/laravel/framework/src/Illuminate/Pipeline/Pipeline.php(219): Laravel\\Sanctum\\Http\\Middleware\\EnsureFrontendRequestsAreStateful->handle()
#31 /home/obed/Bureau/my-api-project/vendor/laravel/framework/src/Illuminate/Pipeline/Pipeline.php(137): Illuminate\\Pipeline\\Pipeline->Illuminate\\Pipeline\\{closure}()
#32 /home/obed/Bureau/my-api-project/vendor/laravel/framework/src/Illuminate/Routing/Router.php(821): Illuminate\\Pipeline\\Pipeline->then()
#33 /home/obed/Bureau/my-api-project/vendor/laravel/framework/src/Illuminate/Routing/Router.php(800): Illuminate\\Routing\\Router->runRouteWithinStack()
#34 /home/obed/Bureau/my-api-project/vendor/laravel/framework/src/Illuminate/Routing/Router.php(764): Illuminate\\Routing\\Router->runRoute()
#35 /home/obed/Bureau/my-api-project/vendor/laravel/framework/src/Illuminate/Routing/Router.php(753): Illuminate\\Routing\\Router->dispatchToRoute()
#36 /home/obed/Bureau/my-api-project/vendor/laravel/framework/src/Illuminate/Foundation/Http/Kernel.php(200): Illuminate\\Routing\\Router->dispatch()
#37 /home/obed/Bureau/my-api-project/vendor/laravel/framework/src/Illuminate/Pipeline/Pipeline.php(180): Illuminate\\Foundation\\Http\\Kernel->Illuminate\\Foundation\\Http\\{closure}()
#38 /home/obed/Bureau/my-api-project/vendor/laravel/framework/src/Illuminate/Foundation/Http/Middleware/TransformsRequest.php(21): Illuminate\\Pipeline\\Pipeline->Illuminate\\Pipeline\\{closure}()
#39 /home/obed/Bureau/my-api-project/vendor/laravel/framework/src/Illuminate/Foundation/Http/Middleware/ConvertEmptyStringsToNull.php(31): Illuminate\\Foundation\\Http\\Middleware\\TransformsRequest->handle()
#40 /home/obed/Bureau/my-api-project/vendor/laravel/framework/src/Illuminate/Pipeline/Pipeline.php(219): Illuminate\\Foundation\\Http\\Middleware\\ConvertEmptyStringsToNull->handle()
#41 /home/obed/Bureau/my-api-project/vendor/laravel/framework/src/Illuminate/Foundation/Http/Middleware/TransformsRequest.php(21): Illuminate\\Pipeline\\Pipeline->Illuminate\\Pipeline\\{closure}()
#42 /home/obed/Bureau/my-api-project/vendor/laravel/framework/src/Illuminate/Foundation/Http/Middleware/TrimStrings.php(51): Illuminate\\Foundation\\Http\\Middleware\\TransformsRequest->handle()
#43 /home/obed/Bureau/my-api-project/vendor/laravel/framework/src/Illuminate/Pipeline/Pipeline.php(219): Illuminate\\Foundation\\Http\\Middleware\\TrimStrings->handle()
#44 /home/obed/Bureau/my-api-project/vendor/laravel/framework/src/Illuminate/Http/Middleware/ValidatePostSize.php(27): Illuminate\\Pipeline\\Pipeline->Illuminate\\Pipeline\\{closure}()
#45 /home/obed/Bureau/my-api-project/vendor/laravel/framework/src/Illuminate/Pipeline/Pipeline.php(219): Illuminate\\Http\\Middleware\\ValidatePostSize->handle()
#46 /home/obed/Bureau/my-api-project/vendor/laravel/framework/src/Illuminate/Foundation/Http/Middleware/PreventRequestsDuringMaintenance.php(109): Illuminate\\Pipeline\\Pipeline->Illuminate\\Pipeline\\{closure}()
#47 /home/obed/Bureau/my-api-project/vendor/laravel/framework/src/Illuminate/Pipeline/Pipeline.php(219): Illuminate\\Foundation\\Http\\Middleware\\PreventRequestsDuringMaintenance->handle()
#48 /home/obed/Bureau/my-api-project/vendor/laravel/framework/src/Illuminate/Http/Middleware/HandleCors.php(61): Illuminate\\Pipeline\\Pipeline->Illuminate\\Pipeline\\{closure}()
#49 /home/obed/Bureau/my-api-project/vendor/laravel/framework/src/Illuminate/Pipeline/Pipeline.php(219): Illuminate\\Http\\Middleware\\HandleCors->handle()
#50 /home/obed/Bureau/my-api-project/vendor/laravel/framework/src/Illuminate/Http/Middleware/TrustProxies.php(58): Illuminate\\Pipeline\\Pipeline->Illuminate\\Pipeline\\{closure}()
#51 /home/obed/Bureau/my-api-project/vendor/laravel/framework/src/Illuminate/Pipeline/Pipeline.php(219): Illuminate\\Http\\Middleware\\TrustProxies->handle()
#52 /home/obed/Bureau/my-api-project/vendor/laravel/framework/src/Illuminate/Foundation/Http/Middleware/InvokeDeferredCallbacks.php(22): Illuminate\\Pipeline\\Pipeline->Illuminate\\Pipeline\\{closure}()
#53 /home/obed/Bureau/my-api-project/vendor/laravel/framework/src/Illuminate/Pipeline/Pipeline.php(219): Illuminate\\Foundation\\Http\\Middleware\\InvokeDeferredCallbacks->handle()
#54 /home/obed/Bureau/my-api-project/vendor/laravel/framework/src/Illuminate/Http/Middleware/ValidatePathEncoding.php(26): Illuminate\\Pipeline\\Pipeline->Illuminate\\Pipeline\\{closure}()
#55 /home/obed/Bureau/my-api-project/vendor/laravel/framework/src/Illuminate/Pipeline/Pipeline.php(219): Illuminate\\Http\\Middleware\\ValidatePathEncoding->handle()
#56 /home/obed/Bureau/my-api-project/vendor/laravel/framework/src/Illuminate/Pipeline/Pipeline.php(137): Illuminate\\Pipeline\\Pipeline->Illuminate\\Pipeline\\{closure}()
#57 /home/obed/Bureau/my-api-project/vendor/laravel/framework/src/Illuminate/Foundation/Http/Kernel.php(175): Illuminate\\Pipeline\\Pipeline->then()
#58 /home/obed/Bureau/my-api-project/vendor/laravel/framework/src/Illuminate/Foundation/Http/Kernel.php(144): Illuminate\\Foundation\\Http\\Kernel->sendRequestThroughRouter()
#59 /home/obed/Bureau/my-api-project/vendor/laravel/framework/src/Illuminate/Foundation/Application.php(1219): Illuminate\\Foundation\\Http\\Kernel->handle()
#60 /home/obed/Bureau/my-api-project/public/index.php(20): Illuminate\\Foundation\\Application->handleRequest()
#61 /home/obed/Bureau/my-api-project/vendor/laravel/framework/src/Illuminate/Foundation/resources/server.php(23): require_once('...')
#62 {main}

[previous exception] [object] (PDOException(code: 42S22): SQLSTATE[42S22]: Column not found: 1054 Unknown column 'specialites.user_id' in 'where clause' at /home/obed/Bureau/my-api-project/vendor/laravel/framework/src/Illuminate/Database/Connection.php:406)
[stacktrace]
#0 /home/obed/Bureau/my-api-project/vendor/laravel/framework/src/Illuminate/Database/Connection.php(406): PDO->prepare()
#1 /home/obed/Bureau/my-api-project/vendor/laravel/framework/src/Illuminate/Database/Connection.php(811): Illuminate\\Database\\Connection->Illuminate\\Database\\{closure}()
#2 /home/obed/Bureau/my-api-project/vendor/laravel/framework/src/Illuminate/Database/Connection.php(778): Illuminate\\Database\\Connection->runQueryCallback()
#3 /home/obed/Bureau/my-api-project/vendor/laravel/framework/src/Illuminate/Database/Connection.php(397): Illuminate\\Database\\Connection->run()
#4 /home/obed/Bureau/my-api-project/vendor/laravel/framework/src/Illuminate/Database/Query/Builder.php(3188): Illuminate\\Database\\Connection->select()
#5 /home/obed/Bureau/my-api-project/vendor/laravel/framework/src/Illuminate/Database/Query/Builder.php(3173): Illuminate\\Database\\Query\\Builder->runSelect()
#6 /home/obed/Bureau/my-api-project/vendor/laravel/framework/src/Illuminate/Database/Query/Builder.php(3763): Illuminate\\Database\\Query\\Builder->Illuminate\\Database\\Query\\{closure}()
#7 /home/obed/Bureau/my-api-project/vendor/laravel/framework/src/Illuminate/Database/Query/Builder.php(3172): Illuminate\\Database\\Query\\Builder->onceWithColumns()
#8 /home/obed/Bureau/my-api-project/vendor/laravel/framework/src/Illuminate/Database/Eloquent/Builder.php(887): Illuminate\\Database\\Query\\Builder->get()
#9 /home/obed/Bureau/my-api-project/vendor/laravel/framework/src/Illuminate/Database/Eloquent/Builder.php(869): Illuminate\\Database\\Eloquent\\Builder->getModels()
#10 /home/obed/Bureau/my-api-project/vendor/laravel/framework/src/Illuminate/Database/Eloquent/Relations/Relation.php(212): Illuminate\\Database\\Eloquent\\Builder->get()
#11 /home/obed/Bureau/my-api-project/vendor/laravel/framework/src/Illuminate/Database/Eloquent/Relations/Relation.php(175): Illuminate\\Database\\Eloquent\\Relations\\Relation->get()
#12 /home/obed/Bureau/my-api-project/vendor/laravel/framework/src/Illuminate/Database/Eloquent/Builder.php(935): Illuminate\\Database\\Eloquent\\Relations\\Relation->getEager()
#13 /home/obed/Bureau/my-api-project/vendor/laravel/framework/src/Illuminate/Database/Eloquent/Builder.php(904): Illuminate\\Database\\Eloquent\\Builder->eagerLoadRelation()
#14 /home/obed/Bureau/my-api-project/vendor/laravel/framework/src/Illuminate/Database/Eloquent/Builder.php(870): Illuminate\\Database\\Eloquent\\Builder->eagerLoadRelations()
#15 /home/obed/Bureau/my-api-project/vendor/laravel/framework/src/Illuminate/Database/Eloquent/Relations/Relation.php(212): Illuminate\\Database\\Eloquent\\Builder->get()
#16 /home/obed/Bureau/my-api-project/vendor/laravel/framework/src/Illuminate/Database/Eloquent/Relations/Relation.php(175): Illuminate\\Database\\Eloquent\\Relations\\Relation->get()
#17 /home/obed/Bureau/my-api-project/vendor/laravel/framework/src/Illuminate/Database/Eloquent/Builder.php(935): Illuminate\\Database\\Eloquent\\Relations\\Relation->getEager()
#18 /home/obed/Bureau/my-api-project/vendor/laravel/framework/src/Illuminate/Database/Eloquent/Builder.php(904): Illuminate\\Database\\Eloquent\\Builder->eagerLoadRelation()
#19 /home/obed/Bureau/my-api-project/vendor/laravel/framework/src/Illuminate/Database/Eloquent/Builder.php(870): Illuminate\\Database\\Eloquent\\Builder->eagerLoadRelations()
#20 /home/obed/Bureau/my-api-project/app/Http/Controllers/RendezVousController.php(198): Illuminate\\Database\\Eloquent\\Builder->get()
#21 /home/obed/Bureau/my-api-project/vendor/laravel/framework/src/Illuminate/Routing/ControllerDispatcher.php(46): App\\Http\\Controllers\\RendezVousController->getUserRdv()
#22 /home/obed/Bureau/my-api-project/vendor/laravel/framework/src/Illuminate/Routing/Route.php(265): Illuminate\\Routing\\ControllerDispatcher->dispatch()
#23 /home/obed/Bureau/my-api-project/vendor/laravel/framework/src/Illuminate/Routing/Route.php(211): Illuminate\\Routing\\Route->runController()
#24 /home/obed/Bureau/my-api-project/vendor/laravel/framework/src/Illuminate/Routing/Router.php(822): Illuminate\\Routing\\Route->run()
#25 /home/obed/Bureau/my-api-project/vendor/laravel/framework/src/Illuminate/Pipeline/Pipeline.php(180): Illuminate\\Routing\\Router->Illuminate\\Routing\\{closure}()
#26 /home/obed/Bureau/my-api-project/vendor/laravel/framework/src/Illuminate/Routing/Middleware/SubstituteBindings.php(50): Illuminate\\Pipeline\\Pipeline->Illuminate\\Pipeline\\{closure}()
#27 /home/obed/Bureau/my-api-project/vendor/laravel/framework/src/Illuminate/Pipeline/Pipeline.php(219): Illuminate\\Routing\\Middleware\\SubstituteBindings->handle()
#28 /home/obed/Bureau/my-api-project/vendor/laravel/sanctum/src/Http/Middleware/EnsureFrontendRequestsAreStateful.php(26): Illuminate\\Pipeline\\Pipeline->Illuminate\\Pipeline\\{closure}()
#29 /home/obed/Bureau/my-api-project/vendor/laravel/framework/src/Illuminate/Pipeline/Pipeline.php(180): Laravel\\Sanctum\\Http\\Middleware\\EnsureFrontendRequestsAreStateful->Laravel\\Sanctum\\Http\\Middleware\\{closure}()
#30 /home/obed/Bureau/my-api-project/vendor/laravel/framework/src/Illuminate/Pipeline/Pipeline.php(137): Illuminate\\Pipeline\\Pipeline->Illuminate\\Pipeline\\{closure}()
#31 /home/obed/Bureau/my-api-project/vendor/laravel/sanctum/src/Http/Middleware/EnsureFrontendRequestsAreStateful.php(25): Illuminate\\Pipeline\\Pipeline->then()
#32 /home/obed/Bureau/my-api-project/vendor/laravel/framework/src/Illuminate/Pipeline/Pipeline.php(219): Laravel\\Sanctum\\Http\\Middleware\\EnsureFrontendRequestsAreStateful->handle()
#33 /home/obed/Bureau/my-api-project/vendor/laravel/framework/src/Illuminate/Pipeline/Pipeline.php(137): Illuminate\\Pipeline\\Pipeline->Illuminate\\Pipeline\\{closure}()
#34 /home/obed/Bureau/my-api-project/vendor/laravel/framework/src/Illuminate/Routing/Router.php(821): Illuminate\\Pipeline\\Pipeline->then()
#35 /home/obed/Bureau/my-api-project/vendor/laravel/framework/src/Illuminate/Routing/Router.php(800): Illuminate\\Routing\\Router->runRouteWithinStack()
#36 /home/obed/Bureau/my-api-project/vendor/laravel/framework/src/Illuminate/Routing/Router.php(764): Illuminate\\Routing\\Router->runRoute()
#37 /home/obed/Bureau/my-api-project/vendor/laravel/framework/src/Illuminate/Routing/Router.php(753): Illuminate\\Routing\\Router->dispatchToRoute()
#38 /home/obed/Bureau/my-api-project/vendor/laravel/framework/src/Illuminate/Foundation/Http/Kernel.php(200): Illuminate\\Routing\\Router->dispatch()
#39 /home/obed/Bureau/my-api-project/vendor/laravel/framework/src/Illuminate/Pipeline/Pipeline.php(180): Illuminate\\Foundation\\Http\\Kernel->Illuminate\\Foundation\\Http\\{closure}()
#40 /home/obed/Bureau/my-api-project/vendor/laravel/framework/src/Illuminate/Foundation/Http/Middleware/TransformsRequest.php(21): Illuminate\\Pipeline\\Pipeline->Illuminate\\Pipeline\\{closure}()
#41 /home/obed/Bureau/my-api-project/vendor/laravel/framework/src/Illuminate/Foundation/Http/Middleware/ConvertEmptyStringsToNull.php(31): Illuminate\\Foundation\\Http\\Middleware\\TransformsRequest->handle()
#42 /home/obed/Bureau/my-api-project/vendor/laravel/framework/src/Illuminate/Pipeline/Pipeline.php(219): Illuminate\\Foundation\\Http\\Middleware\\ConvertEmptyStringsToNull->handle()
#43 /home/obed/Bureau/my-api-project/vendor/laravel/framework/src/Illuminate/Foundation/Http/Middleware/TransformsRequest.php(21): Illuminate\\Pipeline\\Pipeline->Illuminate\\Pipeline\\{closure}()
#44 /home/obed/Bureau/my-api-project/vendor/laravel/framework/src/Illuminate/Foundation/Http/Middleware/TrimStrings.php(51): Illuminate\\Foundation\\Http\\Middleware\\TransformsRequest->handle()
#45 /home/obed/Bureau/my-api-project/vendor/laravel/framework/src/Illuminate/Pipeline/Pipeline.php(219): Illuminate\\Foundation\\Http\\Middleware\\TrimStrings->handle()
#46 /home/obed/Bureau/my-api-project/vendor/laravel/framework/src/Illuminate/Http/Middleware/ValidatePostSize.php(27): Illuminate\\Pipeline\\Pipeline->Illuminate\\Pipeline\\{closure}()
#47 /home/obed/Bureau/my-api-project/vendor/laravel/framework/src/Illuminate/Pipeline/Pipeline.php(219): Illuminate\\Http\\Middleware\\ValidatePostSize->handle()
#48 /home/obed/Bureau/my-api-project/vendor/laravel/framework/src/Illuminate/Foundation/Http/Middleware/PreventRequestsDuringMaintenance.php(109): Illuminate\\Pipeline\\Pipeline->Illuminate\\Pipeline\\{closure}()
#49 /home/obed/Bureau/my-api-project/vendor/laravel/framework/src/Illuminate/Pipeline/Pipeline.php(219): Illuminate\\Foundation\\Http\\Middleware\\PreventRequestsDuringMaintenance->handle()
#50 /home/obed/Bureau/my-api-project/vendor/laravel/framework/src/Illuminate/Http/Middleware/HandleCors.php(61): Illuminate\\Pipeline\\Pipeline->Illuminate\\Pipeline\\{closure}()
#51 /home/obed/Bureau/my-api-project/vendor/laravel/framework/src/Illuminate/Pipeline/Pipeline.php(219): Illuminate\\Http\\Middleware\\HandleCors->handle()
#52 /home/obed/Bureau/my-api-project/vendor/laravel/framework/src/Illuminate/Http/Middleware/TrustProxies.php(58): Illuminate\\Pipeline\\Pipeline->Illuminate\\Pipeline\\{closure}()
#53 /home/obed/Bureau/my-api-project/vendor/laravel/framework/src/Illuminate/Pipeline/Pipeline.php(219): Illuminate\\Http\\Middleware\\TrustProxies->handle()
#54 /home/obed/Bureau/my-api-project/vendor/laravel/framework/src/Illuminate/Foundation/Http/Middleware/InvokeDeferredCallbacks.php(22): Illuminate\\Pipeline\\Pipeline->Illuminate\\Pipeline\\{closure}()
#55 /home/obed/Bureau/my-api-project/vendor/laravel/framework/src/Illuminate/Pipeline/Pipeline.php(219): Illuminate\\Foundation\\Http\\Middleware\\InvokeDeferredCallbacks->handle()
#56 /home/obed/Bureau/my-api-project/vendor/laravel/framework/src/Illuminate/Http/Middleware/ValidatePathEncoding.php(26): Illuminate\\Pipeline\\Pipeline->Illuminate\\Pipeline\\{closure}()
#57 /home/obed/Bureau/my-api-project/vendor/laravel/framework/src/Illuminate/Pipeline/Pipeline.php(219): Illuminate\\Http\\Middleware\\ValidatePathEncoding->handle()
#58 /home/obed/Bureau/my-api-project/vendor/laravel/framework/src/Illuminate/Pipeline/Pipeline.php(137): Illuminate\\Pipeline\\Pipeline->Illuminate\\Pipeline\\{closure}()
#59 /home/obed/Bureau/my-api-project/vendor/laravel/framework/src/Illuminate/Foundation/Http/Kernel.php(175): Illuminate\\Pipeline\\Pipeline->then()
#60 /home/obed/Bureau/my-api-project/vendor/laravel/framework/src/Illuminate/Foundation/Http/Kernel.php(144): Illuminate\\Foundation\\Http\\Kernel->sendRequestThroughRouter()
#61 /home/obed/Bureau/my-api-project/vendor/laravel/framework/src/Illuminate/Foundation/Application.php(1219): Illuminate\\Foundation\\Http\\Kernel->handle()
#62 /home/obed/Bureau/my-api-project/public/index.php(20): Illuminate\\Foundation\\Application->handleRequest()
#63 /home/obed/Bureau/my-api-project/vendor/laravel/framework/src/Illuminate/Foundation/resources/server.php(23): require_once('...')
#64 {main}
"} 
[2025-08-29 15:51:28] local.ERROR: SQLSTATE[42S22]: Column not found: 1054 Unknown column 'specialites.user_id' in 'where clause' (Connection: mysql, SQL: select * from `specialites` where `specialites`.`user_id` in (2) and `specialites`.`deleted_at` is null) {"exception":"[object] (Illuminate\\Database\\QueryException(code: 42S22): SQLSTATE[42S22]: Column not found: 1054 Unknown column 'specialites.user_id' in 'where clause' (Connection: mysql, SQL: select * from `specialites` where `specialites`.`user_id` in (2) and `specialites`.`deleted_at` is null) at /home/obed/Bureau/my-api-project/vendor/laravel/framework/src/Illuminate/Database/Connection.php:824)
[stacktrace]
#0 /home/obed/Bureau/my-api-project/vendor/laravel/framework/src/Illuminate/Database/Connection.php(778): Illuminate\\Database\\Connection->runQueryCallback()
#1 /home/obed/Bureau/my-api-project/vendor/laravel/framework/src/Illuminate/Database/Connection.php(397): Illuminate\\Database\\Connection->run()
#2 /home/obed/Bureau/my-api-project/vendor/laravel/framework/src/Illuminate/Database/Query/Builder.php(3188): Illuminate\\Database\\Connection->select()
#3 /home/obed/Bureau/my-api-project/vendor/laravel/framework/src/Illuminate/Database/Query/Builder.php(3173): Illuminate\\Database\\Query\\Builder->runSelect()
#4 /home/obed/Bureau/my-api-project/vendor/laravel/framework/src/Illuminate/Database/Query/Builder.php(3763): Illuminate\\Database\\Query\\Builder->Illuminate\\Database\\Query\\{closure}()
#5 /home/obed/Bureau/my-api-project/vendor/laravel/framework/src/Illuminate/Database/Query/Builder.php(3172): Illuminate\\Database\\Query\\Builder->onceWithColumns()
#6 /home/obed/Bureau/my-api-project/vendor/laravel/framework/src/Illuminate/Database/Eloquent/Builder.php(887): Illuminate\\Database\\Query\\Builder->get()
#7 /home/obed/Bureau/my-api-project/vendor/laravel/framework/src/Illuminate/Database/Eloquent/Builder.php(869): Illuminate\\Database\\Eloquent\\Builder->getModels()
#8 /home/obed/Bureau/my-api-project/vendor/laravel/framework/src/Illuminate/Database/Eloquent/Relations/Relation.php(212): Illuminate\\Database\\Eloquent\\Builder->get()
#9 /home/obed/Bureau/my-api-project/vendor/laravel/framework/src/Illuminate/Database/Eloquent/Relations/Relation.php(175): Illuminate\\Database\\Eloquent\\Relations\\Relation->get()
#10 /home/obed/Bureau/my-api-project/vendor/laravel/framework/src/Illuminate/Database/Eloquent/Builder.php(935): Illuminate\\Database\\Eloquent\\Relations\\Relation->getEager()
#11 /home/obed/Bureau/my-api-project/vendor/laravel/framework/src/Illuminate/Database/Eloquent/Builder.php(904): Illuminate\\Database\\Eloquent\\Builder->eagerLoadRelation()
#12 /home/obed/Bureau/my-api-project/vendor/laravel/framework/src/Illuminate/Database/Eloquent/Builder.php(870): Illuminate\\Database\\Eloquent\\Builder->eagerLoadRelations()
#13 /home/obed/Bureau/my-api-project/vendor/laravel/framework/src/Illuminate/Database/Eloquent/Relations/Relation.php(212): Illuminate\\Database\\Eloquent\\Builder->get()
#14 /home/obed/Bureau/my-api-project/vendor/laravel/framework/src/Illuminate/Database/Eloquent/Relations/Relation.php(175): Illuminate\\Database\\Eloquent\\Relations\\Relation->get()
#15 /home/obed/Bureau/my-api-project/vendor/laravel/framework/src/Illuminate/Database/Eloquent/Builder.php(935): Illuminate\\Database\\Eloquent\\Relations\\Relation->getEager()
#16 /home/obed/Bureau/my-api-project/vendor/laravel/framework/src/Illuminate/Database/Eloquent/Builder.php(904): Illuminate\\Database\\Eloquent\\Builder->eagerLoadRelation()
#17 /home/obed/Bureau/my-api-project/vendor/laravel/framework/src/Illuminate/Database/Eloquent/Builder.php(870): Illuminate\\Database\\Eloquent\\Builder->eagerLoadRelations()
#18 /home/obed/Bureau/my-api-project/app/Http/Controllers/RendezVousController.php(198): Illuminate\\Database\\Eloquent\\Builder->get()
#19 /home/obed/Bureau/my-api-project/vendor/laravel/framework/src/Illuminate/Routing/ControllerDispatcher.php(46): App\\Http\\Controllers\\RendezVousController->getUserRdv()
#20 /home/obed/Bureau/my-api-project/vendor/laravel/framework/src/Illuminate/Routing/Route.php(265): Illuminate\\Routing\\ControllerDispatcher->dispatch()
#21 /home/obed/Bureau/my-api-project/vendor/laravel/framework/src/Illuminate/Routing/Route.php(211): Illuminate\\Routing\\Route->runController()
#22 /home/obed/Bureau/my-api-project/vendor/laravel/framework/src/Illuminate/Routing/Router.php(822): Illuminate\\Routing\\Route->run()
#23 /home/obed/Bureau/my-api-project/vendor/laravel/framework/src/Illuminate/Pipeline/Pipeline.php(180): Illuminate\\Routing\\Router->Illuminate\\Routing\\{closure}()
#24 /home/obed/Bureau/my-api-project/vendor/laravel/framework/src/Illuminate/Routing/Middleware/SubstituteBindings.php(50): Illuminate\\Pipeline\\Pipeline->Illuminate\\Pipeline\\{closure}()
#25 /home/obed/Bureau/my-api-project/vendor/laravel/framework/src/Illuminate/Pipeline/Pipeline.php(219): Illuminate\\Routing\\Middleware\\SubstituteBindings->handle()
#26 /home/obed/Bureau/my-api-project/vendor/laravel/sanctum/src/Http/Middleware/EnsureFrontendRequestsAreStateful.php(26): Illuminate\\Pipeline\\Pipeline->Illuminate\\Pipeline\\{closure}()
#27 /home/obed/Bureau/my-api-project/vendor/laravel/framework/src/Illuminate/Pipeline/Pipeline.php(180): Laravel\\Sanctum\\Http\\Middleware\\EnsureFrontendRequestsAreStateful->Laravel\\Sanctum\\Http\\Middleware\\{closure}()
#28 /home/obed/Bureau/my-api-project/vendor/laravel/framework/src/Illuminate/Pipeline/Pipeline.php(137): Illuminate\\Pipeline\\Pipeline->Illuminate\\Pipeline\\{closure}()
#29 /home/obed/Bureau/my-api-project/vendor/laravel/sanctum/src/Http/Middleware/EnsureFrontendRequestsAreStateful.php(25): Illuminate\\Pipeline\\Pipeline->then()
#30 /home/obed/Bureau/my-api-project/vendor/laravel/framework/src/Illuminate/Pipeline/Pipeline.php(219): Laravel\\Sanctum\\Http\\Middleware\\EnsureFrontendRequestsAreStateful->handle()
#31 /home/obed/Bureau/my-api-project/vendor/laravel/framework/src/Illuminate/Pipeline/Pipeline.php(137): Illuminate\\Pipeline\\Pipeline->Illuminate\\Pipeline\\{closure}()
#32 /home/obed/Bureau/my-api-project/vendor/laravel/framework/src/Illuminate/Routing/Router.php(821): Illuminate\\Pipeline\\Pipeline->then()
#33 /home/obed/Bureau/my-api-project/vendor/laravel/framework/src/Illuminate/Routing/Router.php(800): Illuminate\\Routing\\Router->runRouteWithinStack()
#34 /home/obed/Bureau/my-api-project/vendor/laravel/framework/src/Illuminate/Routing/Router.php(764): Illuminate\\Routing\\Router->runRoute()
#35 /home/obed/Bureau/my-api-project/vendor/laravel/framework/src/Illuminate/Routing/Router.php(753): Illuminate\\Routing\\Router->dispatchToRoute()
#36 /home/obed/Bureau/my-api-project/vendor/laravel/framework/src/Illuminate/Foundation/Http/Kernel.php(200): Illuminate\\Routing\\Router->dispatch()
#37 /home/obed/Bureau/my-api-project/vendor/laravel/framework/src/Illuminate/Pipeline/Pipeline.php(180): Illuminate\\Foundation\\Http\\Kernel->Illuminate\\Foundation\\Http\\{closure}()
#38 /home/obed/Bureau/my-api-project/vendor/laravel/framework/src/Illuminate/Foundation/Http/Middleware/TransformsRequest.php(21): Illuminate\\Pipeline\\Pipeline->Illuminate\\Pipeline\\{closure}()
#39 /home/obed/Bureau/my-api-project/vendor/laravel/framework/src/Illuminate/Foundation/Http/Middleware/ConvertEmptyStringsToNull.php(31): Illuminate\\Foundation\\Http\\Middleware\\TransformsRequest->handle()
#40 /home/obed/Bureau/my-api-project/vendor/laravel/framework/src/Illuminate/Pipeline/Pipeline.php(219): Illuminate\\Foundation\\Http\\Middleware\\ConvertEmptyStringsToNull->handle()
#41 /home/obed/Bureau/my-api-project/vendor/laravel/framework/src/Illuminate/Foundation/Http/Middleware/TransformsRequest.php(21): Illuminate\\Pipeline\\Pipeline->Illuminate\\Pipeline\\{closure}()
#42 /home/obed/Bureau/my-api-project/vendor/laravel/framework/src/Illuminate/Foundation/Http/Middleware/TrimStrings.php(51): Illuminate\\Foundation\\Http\\Middleware\\TransformsRequest->handle()
#43 /home/obed/Bureau/my-api-project/vendor/laravel/framework/src/Illuminate/Pipeline/Pipeline.php(219): Illuminate\\Foundation\\Http\\Middleware\\TrimStrings->handle()
#44 /home/obed/Bureau/my-api-project/vendor/laravel/framework/src/Illuminate/Http/Middleware/ValidatePostSize.php(27): Illuminate\\Pipeline\\Pipeline->Illuminate\\Pipeline\\{closure}()
#45 /home/obed/Bureau/my-api-project/vendor/laravel/framework/src/Illuminate/Pipeline/Pipeline.php(219): Illuminate\\Http\\Middleware\\ValidatePostSize->handle()
#46 /home/obed/Bureau/my-api-project/vendor/laravel/framework/src/Illuminate/Foundation/Http/Middleware/PreventRequestsDuringMaintenance.php(109): Illuminate\\Pipeline\\Pipeline->Illuminate\\Pipeline\\{closure}()
#47 /home/obed/Bureau/my-api-project/vendor/laravel/framework/src/Illuminate/Pipeline/Pipeline.php(219): Illuminate\\Foundation\\Http\\Middleware\\PreventRequestsDuringMaintenance->handle()
#48 /home/obed/Bureau/my-api-project/vendor/laravel/framework/src/Illuminate/Http/Middleware/HandleCors.php(61): Illuminate\\Pipeline\\Pipeline->Illuminate\\Pipeline\\{closure}()
#49 /home/obed/Bureau/my-api-project/vendor/laravel/framework/src/Illuminate/Pipeline/Pipeline.php(219): Illuminate\\Http\\Middleware\\HandleCors->handle()
#50 /home/obed/Bureau/my-api-project/vendor/laravel/framework/src/Illuminate/Http/Middleware/TrustProxies.php(58): Illuminate\\Pipeline\\Pipeline->Illuminate\\Pipeline\\{closure}()
#51 /home/obed/Bureau/my-api-project/vendor/laravel/framework/src/Illuminate/Pipeline/Pipeline.php(219): Illuminate\\Http\\Middleware\\TrustProxies->handle()
#52 /home/obed/Bureau/my-api-project/vendor/laravel/framework/src/Illuminate/Foundation/Http/Middleware/InvokeDeferredCallbacks.php(22): Illuminate\\Pipeline\\Pipeline->Illuminate\\Pipeline\\{closure}()
#53 /home/obed/Bureau/my-api-project/vendor/laravel/framework/src/Illuminate/Pipeline/Pipeline.php(219): Illuminate\\Foundation\\Http\\Middleware\\InvokeDeferredCallbacks->handle()
#54 /home/obed/Bureau/my-api-project/vendor/laravel/framework/src/Illuminate/Http/Middleware/ValidatePathEncoding.php(26): Illuminate\\Pipeline\\Pipeline->Illuminate\\Pipeline\\{closure}()
#55 /home/obed/Bureau/my-api-project/vendor/laravel/framework/src/Illuminate/Pipeline/Pipeline.php(219): Illuminate\\Http\\Middleware\\ValidatePathEncoding->handle()
#56 /home/obed/Bureau/my-api-project/vendor/laravel/framework/src/Illuminate/Pipeline/Pipeline.php(137): Illuminate\\Pipeline\\Pipeline->Illuminate\\Pipeline\\{closure}()
#57 /home/obed/Bureau/my-api-project/vendor/laravel/framework/src/Illuminate/Foundation/Http/Kernel.php(175): Illuminate\\Pipeline\\Pipeline->then()
#58 /home/obed/Bureau/my-api-project/vendor/laravel/framework/src/Illuminate/Foundation/Http/Kernel.php(144): Illuminate\\Foundation\\Http\\Kernel->sendRequestThroughRouter()
#59 /home/obed/Bureau/my-api-project/vendor/laravel/framework/src/Illuminate/Foundation/Application.php(1219): Illuminate\\Foundation\\Http\\Kernel->handle()
#60 /home/obed/Bureau/my-api-project/public/index.php(20): Illuminate\\Foundation\\Application->handleRequest()
#61 /home/obed/Bureau/my-api-project/vendor/laravel/framework/src/Illuminate/Foundation/resources/server.php(23): require_once('...')
#62 {main}

[previous exception] [object] (PDOException(code: 42S22): SQLSTATE[42S22]: Column not found: 1054 Unknown column 'specialites.user_id' in 'where clause' at /home/obed/Bureau/my-api-project/vendor/laravel/framework/src/Illuminate/Database/Connection.php:406)
[stacktrace]
#0 /home/obed/Bureau/my-api-project/vendor/laravel/framework/src/Illuminate/Database/Connection.php(406): PDO->prepare()
#1 /home/obed/Bureau/my-api-project/vendor/laravel/framework/src/Illuminate/Database/Connection.php(811): Illuminate\\Database\\Connection->Illuminate\\Database\\{closure}()
#2 /home/obed/Bureau/my-api-project/vendor/laravel/framework/src/Illuminate/Database/Connection.php(778): Illuminate\\Database\\Connection->runQueryCallback()
#3 /home/obed/Bureau/my-api-project/vendor/laravel/framework/src/Illuminate/Database/Connection.php(397): Illuminate\\Database\\Connection->run()
#4 /home/obed/Bureau/my-api-project/vendor/laravel/framework/src/Illuminate/Database/Query/Builder.php(3188): Illuminate\\Database\\Connection->select()
#5 /home/obed/Bureau/my-api-project/vendor/laravel/framework/src/Illuminate/Database/Query/Builder.php(3173): Illuminate\\Database\\Query\\Builder->runSelect()
#6 /home/obed/Bureau/my-api-project/vendor/laravel/framework/src/Illuminate/Database/Query/Builder.php(3763): Illuminate\\Database\\Query\\Builder->Illuminate\\Database\\Query\\{closure}()
#7 /home/obed/Bureau/my-api-project/vendor/laravel/framework/src/Illuminate/Database/Query/Builder.php(3172): Illuminate\\Database\\Query\\Builder->onceWithColumns()
#8 /home/obed/Bureau/my-api-project/vendor/laravel/framework/src/Illuminate/Database/Eloquent/Builder.php(887): Illuminate\\Database\\Query\\Builder->get()
#9 /home/obed/Bureau/my-api-project/vendor/laravel/framework/src/Illuminate/Database/Eloquent/Builder.php(869): Illuminate\\Database\\Eloquent\\Builder->getModels()
#10 /home/obed/Bureau/my-api-project/vendor/laravel/framework/src/Illuminate/Database/Eloquent/Relations/Relation.php(212): Illuminate\\Database\\Eloquent\\Builder->get()
#11 /home/obed/Bureau/my-api-project/vendor/laravel/framework/src/Illuminate/Database/Eloquent/Relations/Relation.php(175): Illuminate\\Database\\Eloquent\\Relations\\Relation->get()
#12 /home/obed/Bureau/my-api-project/vendor/laravel/framework/src/Illuminate/Database/Eloquent/Builder.php(935): Illuminate\\Database\\Eloquent\\Relations\\Relation->getEager()
#13 /home/obed/Bureau/my-api-project/vendor/laravel/framework/src/Illuminate/Database/Eloquent/Builder.php(904): Illuminate\\Database\\Eloquent\\Builder->eagerLoadRelation()
#14 /home/obed/Bureau/my-api-project/vendor/laravel/framework/src/Illuminate/Database/Eloquent/Builder.php(870): Illuminate\\Database\\Eloquent\\Builder->eagerLoadRelations()
#15 /home/obed/Bureau/my-api-project/vendor/laravel/framework/src/Illuminate/Database/Eloquent/Relations/Relation.php(212): Illuminate\\Database\\Eloquent\\Builder->get()
#16 /home/obed/Bureau/my-api-project/vendor/laravel/framework/src/Illuminate/Database/Eloquent/Relations/Relation.php(175): Illuminate\\Database\\Eloquent\\Relations\\Relation->get()
#17 /home/obed/Bureau/my-api-project/vendor/laravel/framework/src/Illuminate/Database/Eloquent/Builder.php(935): Illuminate\\Database\\Eloquent\\Relations\\Relation->getEager()
#18 /home/obed/Bureau/my-api-project/vendor/laravel/framework/src/Illuminate/Database/Eloquent/Builder.php(904): Illuminate\\Database\\Eloquent\\Builder->eagerLoadRelation()
#19 /home/obed/Bureau/my-api-project/vendor/laravel/framework/src/Illuminate/Database/Eloquent/Builder.php(870): Illuminate\\Database\\Eloquent\\Builder->eagerLoadRelations()
#20 /home/obed/Bureau/my-api-project/app/Http/Controllers/RendezVousController.php(198): Illuminate\\Database\\Eloquent\\Builder->get()
#21 /home/obed/Bureau/my-api-project/vendor/laravel/framework/src/Illuminate/Routing/ControllerDispatcher.php(46): App\\Http\\Controllers\\RendezVousController->getUserRdv()
#22 /home/obed/Bureau/my-api-project/vendor/laravel/framework/src/Illuminate/Routing/Route.php(265): Illuminate\\Routing\\ControllerDispatcher->dispatch()
#23 /home/obed/Bureau/my-api-project/vendor/laravel/framework/src/Illuminate/Routing/Route.php(211): Illuminate\\Routing\\Route->runController()
#24 /home/obed/Bureau/my-api-project/vendor/laravel/framework/src/Illuminate/Routing/Router.php(822): Illuminate\\Routing\\Route->run()
#25 /home/obed/Bureau/my-api-project/vendor/laravel/framework/src/Illuminate/Pipeline/Pipeline.php(180): Illuminate\\Routing\\Router->Illuminate\\Routing\\{closure}()
#26 /home/obed/Bureau/my-api-project/vendor/laravel/framework/src/Illuminate/Routing/Middleware/SubstituteBindings.php(50): Illuminate\\Pipeline\\Pipeline->Illuminate\\Pipeline\\{closure}()
#27 /home/obed/Bureau/my-api-project/vendor/laravel/framework/src/Illuminate/Pipeline/Pipeline.php(219): Illuminate\\Routing\\Middleware\\SubstituteBindings->handle()
#28 /home/obed/Bureau/my-api-project/vendor/laravel/sanctum/src/Http/Middleware/EnsureFrontendRequestsAreStateful.php(26): Illuminate\\Pipeline\\Pipeline->Illuminate\\Pipeline\\{closure}()
#29 /home/obed/Bureau/my-api-project/vendor/laravel/framework/src/Illuminate/Pipeline/Pipeline.php(180): Laravel\\Sanctum\\Http\\Middleware\\EnsureFrontendRequestsAreStateful->Laravel\\Sanctum\\Http\\Middleware\\{closure}()
#30 /home/obed/Bureau/my-api-project/vendor/laravel/framework/src/Illuminate/Pipeline/Pipeline.php(137): Illuminate\\Pipeline\\Pipeline->Illuminate\\Pipeline\\{closure}()
#31 /home/obed/Bureau/my-api-project/vendor/laravel/sanctum/src/Http/Middleware/EnsureFrontendRequestsAreStateful.php(25): Illuminate\\Pipeline\\Pipeline->then()
#32 /home/obed/Bureau/my-api-project/vendor/laravel/framework/src/Illuminate/Pipeline/Pipeline.php(219): Laravel\\Sanctum\\Http\\Middleware\\EnsureFrontendRequestsAreStateful->handle()
#33 /home/obed/Bureau/my-api-project/vendor/laravel/framework/src/Illuminate/Pipeline/Pipeline.php(137): Illuminate\\Pipeline\\Pipeline->Illuminate\\Pipeline\\{closure}()
#34 /home/obed/Bureau/my-api-project/vendor/laravel/framework/src/Illuminate/Routing/Router.php(821): Illuminate\\Pipeline\\Pipeline->then()
#35 /home/obed/Bureau/my-api-project/vendor/laravel/framework/src/Illuminate/Routing/Router.php(800): Illuminate\\Routing\\Router->runRouteWithinStack()
#36 /home/obed/Bureau/my-api-project/vendor/laravel/framework/src/Illuminate/Routing/Router.php(764): Illuminate\\Routing\\Router->runRoute()
#37 /home/obed/Bureau/my-api-project/vendor/laravel/framework/src/Illuminate/Routing/Router.php(753): Illuminate\\Routing\\Router->dispatchToRoute()
#38 /home/obed/Bureau/my-api-project/vendor/laravel/framework/src/Illuminate/Foundation/Http/Kernel.php(200): Illuminate\\Routing\\Router->dispatch()
#39 /home/obed/Bureau/my-api-project/vendor/laravel/framework/src/Illuminate/Pipeline/Pipeline.php(180): Illuminate\\Foundation\\Http\\Kernel->Illuminate\\Foundation\\Http\\{closure}()
#40 /home/obed/Bureau/my-api-project/vendor/laravel/framework/src/Illuminate/Foundation/Http/Middleware/TransformsRequest.php(21): Illuminate\\Pipeline\\Pipeline->Illuminate\\Pipeline\\{closure}()
#41 /home/obed/Bureau/my-api-project/vendor/laravel/framework/src/Illuminate/Foundation/Http/Middleware/ConvertEmptyStringsToNull.php(31): Illuminate\\Foundation\\Http\\Middleware\\TransformsRequest->handle()
#42 /home/obed/Bureau/my-api-project/vendor/laravel/framework/src/Illuminate/Pipeline/Pipeline.php(219): Illuminate\\Foundation\\Http\\Middleware\\ConvertEmptyStringsToNull->handle()
#43 /home/obed/Bureau/my-api-project/vendor/laravel/framework/src/Illuminate/Foundation/Http/Middleware/TransformsRequest.php(21): Illuminate\\Pipeline\\Pipeline->Illuminate\\Pipeline\\{closure}()
#44 /home/obed/Bureau/my-api-project/vendor/laravel/framework/src/Illuminate/Foundation/Http/Middleware/TrimStrings.php(51): Illuminate\\Foundation\\Http\\Middleware\\TransformsRequest->handle()
#45 /home/obed/Bureau/my-api-project/vendor/laravel/framework/src/Illuminate/Pipeline/Pipeline.php(219): Illuminate\\Foundation\\Http\\Middleware\\TrimStrings->handle()
#46 /home/obed/Bureau/my-api-project/vendor/laravel/framework/src/Illuminate/Http/Middleware/ValidatePostSize.php(27): Illuminate\\Pipeline\\Pipeline->Illuminate\\Pipeline\\{closure}()
#47 /home/obed/Bureau/my-api-project/vendor/laravel/framework/src/Illuminate/Pipeline/Pipeline.php(219): Illuminate\\Http\\Middleware\\ValidatePostSize->handle()
#48 /home/obed/Bureau/my-api-project/vendor/laravel/framework/src/Illuminate/Foundation/Http/Middleware/PreventRequestsDuringMaintenance.php(109): Illuminate\\Pipeline\\Pipeline->Illuminate\\Pipeline\\{closure}()
#49 /home/obed/Bureau/my-api-project/vendor/laravel/framework/src/Illuminate/Pipeline/Pipeline.php(219): Illuminate\\Foundation\\Http\\Middleware\\PreventRequestsDuringMaintenance->handle()
#50 /home/obed/Bureau/my-api-project/vendor/laravel/framework/src/Illuminate/Http/Middleware/HandleCors.php(61): Illuminate\\Pipeline\\Pipeline->Illuminate\\Pipeline\\{closure}()
#51 /home/obed/Bureau/my-api-project/vendor/laravel/framework/src/Illuminate/Pipeline/Pipeline.php(219): Illuminate\\Http\\Middleware\\HandleCors->handle()
#52 /home/obed/Bureau/my-api-project/vendor/laravel/framework/src/Illuminate/Http/Middleware/TrustProxies.php(58): Illuminate\\Pipeline\\Pipeline->Illuminate\\Pipeline\\{closure}()
#53 /home/obed/Bureau/my-api-project/vendor/laravel/framework/src/Illuminate/Pipeline/Pipeline.php(219): Illuminate\\Http\\Middleware\\TrustProxies->handle()
#54 /home/obed/Bureau/my-api-project/vendor/laravel/framework/src/Illuminate/Foundation/Http/Middleware/InvokeDeferredCallbacks.php(22): Illuminate\\Pipeline\\Pipeline->Illuminate\\Pipeline\\{closure}()
#55 /home/obed/Bureau/my-api-project/vendor/laravel/framework/src/Illuminate/Pipeline/Pipeline.php(219): Illuminate\\Foundation\\Http\\Middleware\\InvokeDeferredCallbacks->handle()
#56 /home/obed/Bureau/my-api-project/vendor/laravel/framework/src/Illuminate/Http/Middleware/ValidatePathEncoding.php(26): Illuminate\\Pipeline\\Pipeline->Illuminate\\Pipeline\\{closure}()
#57 /home/obed/Bureau/my-api-project/vendor/laravel/framework/src/Illuminate/Pipeline/Pipeline.php(219): Illuminate\\Http\\Middleware\\ValidatePathEncoding->handle()
#58 /home/obed/Bureau/my-api-project/vendor/laravel/framework/src/Illuminate/Pipeline/Pipeline.php(137): Illuminate\\Pipeline\\Pipeline->Illuminate\\Pipeline\\{closure}()
#59 /home/obed/Bureau/my-api-project/vendor/laravel/framework/src/Illuminate/Foundation/Http/Kernel.php(175): Illuminate\\Pipeline\\Pipeline->then()
#60 /home/obed/Bureau/my-api-project/vendor/laravel/framework/src/Illuminate/Foundation/Http/Kernel.php(144): Illuminate\\Foundation\\Http\\Kernel->sendRequestThroughRouter()
#61 /home/obed/Bureau/my-api-project/vendor/laravel/framework/src/Illuminate/Foundation/Application.php(1219): Illuminate\\Foundation\\Http\\Kernel->handle()
#62 /home/obed/Bureau/my-api-project/public/index.php(20): Illuminate\\Foundation\\Application->handleRequest()
#63 /home/obed/Bureau/my-api-project/vendor/laravel/framework/src/Illuminate/Foundation/resources/server.php(23): require_once('...')
#64 {main}
"} 
[2025-08-29 15:51:36] local.ERROR: SQLSTATE[42S22]: Column not found: 1054 Unknown column 'specialites.user_id' in 'where clause' (Connection: mysql, SQL: select * from `specialites` where `specialites`.`user_id` in (2) and `specialites`.`deleted_at` is null) {"exception":"[object] (Illuminate\\Database\\QueryException(code: 42S22): SQLSTATE[42S22]: Column not found: 1054 Unknown column 'specialites.user_id' in 'where clause' (Connection: mysql, SQL: select * from `specialites` where `specialites`.`user_id` in (2) and `specialites`.`deleted_at` is null) at /home/obed/Bureau/my-api-project/vendor/laravel/framework/src/Illuminate/Database/Connection.php:824)
[stacktrace]
#0 /home/obed/Bureau/my-api-project/vendor/laravel/framework/src/Illuminate/Database/Connection.php(778): Illuminate\\Database\\Connection->runQueryCallback()
#1 /home/obed/Bureau/my-api-project/vendor/laravel/framework/src/Illuminate/Database/Connection.php(397): Illuminate\\Database\\Connection->run()
#2 /home/obed/Bureau/my-api-project/vendor/laravel/framework/src/Illuminate/Database/Query/Builder.php(3188): Illuminate\\Database\\Connection->select()
#3 /home/obed/Bureau/my-api-project/vendor/laravel/framework/src/Illuminate/Database/Query/Builder.php(3173): Illuminate\\Database\\Query\\Builder->runSelect()
#4 /home/obed/Bureau/my-api-project/vendor/laravel/framework/src/Illuminate/Database/Query/Builder.php(3763): Illuminate\\Database\\Query\\Builder->Illuminate\\Database\\Query\\{closure}()
#5 /home/obed/Bureau/my-api-project/vendor/laravel/framework/src/Illuminate/Database/Query/Builder.php(3172): Illuminate\\Database\\Query\\Builder->onceWithColumns()
#6 /home/obed/Bureau/my-api-project/vendor/laravel/framework/src/Illuminate/Database/Eloquent/Builder.php(887): Illuminate\\Database\\Query\\Builder->get()
#7 /home/obed/Bureau/my-api-project/vendor/laravel/framework/src/Illuminate/Database/Eloquent/Builder.php(869): Illuminate\\Database\\Eloquent\\Builder->getModels()
#8 /home/obed/Bureau/my-api-project/vendor/laravel/framework/src/Illuminate/Database/Eloquent/Relations/Relation.php(212): Illuminate\\Database\\Eloquent\\Builder->get()
#9 /home/obed/Bureau/my-api-project/vendor/laravel/framework/src/Illuminate/Database/Eloquent/Relations/Relation.php(175): Illuminate\\Database\\Eloquent\\Relations\\Relation->get()
#10 /home/obed/Bureau/my-api-project/vendor/laravel/framework/src/Illuminate/Database/Eloquent/Builder.php(935): Illuminate\\Database\\Eloquent\\Relations\\Relation->getEager()
#11 /home/obed/Bureau/my-api-project/vendor/laravel/framework/src/Illuminate/Database/Eloquent/Builder.php(904): Illuminate\\Database\\Eloquent\\Builder->eagerLoadRelation()
#12 /home/obed/Bureau/my-api-project/vendor/laravel/framework/src/Illuminate/Database/Eloquent/Builder.php(870): Illuminate\\Database\\Eloquent\\Builder->eagerLoadRelations()
#13 /home/obed/Bureau/my-api-project/vendor/laravel/framework/src/Illuminate/Database/Eloquent/Relations/Relation.php(212): Illuminate\\Database\\Eloquent\\Builder->get()
#14 /home/obed/Bureau/my-api-project/vendor/laravel/framework/src/Illuminate/Database/Eloquent/Relations/Relation.php(175): Illuminate\\Database\\Eloquent\\Relations\\Relation->get()
#15 /home/obed/Bureau/my-api-project/vendor/laravel/framework/src/Illuminate/Database/Eloquent/Builder.php(935): Illuminate\\Database\\Eloquent\\Relations\\Relation->getEager()
#16 /home/obed/Bureau/my-api-project/vendor/laravel/framework/src/Illuminate/Database/Eloquent/Builder.php(904): Illuminate\\Database\\Eloquent\\Builder->eagerLoadRelation()
#17 /home/obed/Bureau/my-api-project/vendor/laravel/framework/src/Illuminate/Database/Eloquent/Builder.php(870): Illuminate\\Database\\Eloquent\\Builder->eagerLoadRelations()
#18 /home/obed/Bureau/my-api-project/app/Http/Controllers/RendezVousController.php(198): Illuminate\\Database\\Eloquent\\Builder->get()
#19 /home/obed/Bureau/my-api-project/vendor/laravel/framework/src/Illuminate/Routing/ControllerDispatcher.php(46): App\\Http\\Controllers\\RendezVousController->getUserRdv()
#20 /home/obed/Bureau/my-api-project/vendor/laravel/framework/src/Illuminate/Routing/Route.php(265): Illuminate\\Routing\\ControllerDispatcher->dispatch()
#21 /home/obed/Bureau/my-api-project/vendor/laravel/framework/src/Illuminate/Routing/Route.php(211): Illuminate\\Routing\\Route->runController()
#22 /home/obed/Bureau/my-api-project/vendor/laravel/framework/src/Illuminate/Routing/Router.php(822): Illuminate\\Routing\\Route->run()
#23 /home/obed/Bureau/my-api-project/vendor/laravel/framework/src/Illuminate/Pipeline/Pipeline.php(180): Illuminate\\Routing\\Router->Illuminate\\Routing\\{closure}()
#24 /home/obed/Bureau/my-api-project/vendor/laravel/framework/src/Illuminate/Routing/Middleware/SubstituteBindings.php(50): Illuminate\\Pipeline\\Pipeline->Illuminate\\Pipeline\\{closure}()
#25 /home/obed/Bureau/my-api-project/vendor/laravel/framework/src/Illuminate/Pipeline/Pipeline.php(219): Illuminate\\Routing\\Middleware\\SubstituteBindings->handle()
#26 /home/obed/Bureau/my-api-project/vendor/laravel/sanctum/src/Http/Middleware/EnsureFrontendRequestsAreStateful.php(26): Illuminate\\Pipeline\\Pipeline->Illuminate\\Pipeline\\{closure}()
#27 /home/obed/Bureau/my-api-project/vendor/laravel/framework/src/Illuminate/Pipeline/Pipeline.php(180): Laravel\\Sanctum\\Http\\Middleware\\EnsureFrontendRequestsAreStateful->Laravel\\Sanctum\\Http\\Middleware\\{closure}()
#28 /home/obed/Bureau/my-api-project/vendor/laravel/framework/src/Illuminate/Pipeline/Pipeline.php(137): Illuminate\\Pipeline\\Pipeline->Illuminate\\Pipeline\\{closure}()
#29 /home/obed/Bureau/my-api-project/vendor/laravel/sanctum/src/Http/Middleware/EnsureFrontendRequestsAreStateful.php(25): Illuminate\\Pipeline\\Pipeline->then()
#30 /home/obed/Bureau/my-api-project/vendor/laravel/framework/src/Illuminate/Pipeline/Pipeline.php(219): Laravel\\Sanctum\\Http\\Middleware\\EnsureFrontendRequestsAreStateful->handle()
#31 /home/obed/Bureau/my-api-project/vendor/laravel/framework/src/Illuminate/Pipeline/Pipeline.php(137): Illuminate\\Pipeline\\Pipeline->Illuminate\\Pipeline\\{closure}()
#32 /home/obed/Bureau/my-api-project/vendor/laravel/framework/src/Illuminate/Routing/Router.php(821): Illuminate\\Pipeline\\Pipeline->then()
#33 /home/obed/Bureau/my-api-project/vendor/laravel/framework/src/Illuminate/Routing/Router.php(800): Illuminate\\Routing\\Router->runRouteWithinStack()
#34 /home/obed/Bureau/my-api-project/vendor/laravel/framework/src/Illuminate/Routing/Router.php(764): Illuminate\\Routing\\Router->runRoute()
#35 /home/obed/Bureau/my-api-project/vendor/laravel/framework/src/Illuminate/Routing/Router.php(753): Illuminate\\Routing\\Router->dispatchToRoute()
#36 /home/obed/Bureau/my-api-project/vendor/laravel/framework/src/Illuminate/Foundation/Http/Kernel.php(200): Illuminate\\Routing\\Router->dispatch()
#37 /home/obed/Bureau/my-api-project/vendor/laravel/framework/src/Illuminate/Pipeline/Pipeline.php(180): Illuminate\\Foundation\\Http\\Kernel->Illuminate\\Foundation\\Http\\{closure}()
#38 /home/obed/Bureau/my-api-project/vendor/laravel/framework/src/Illuminate/Foundation/Http/Middleware/TransformsRequest.php(21): Illuminate\\Pipeline\\Pipeline->Illuminate\\Pipeline\\{closure}()
#39 /home/obed/Bureau/my-api-project/vendor/laravel/framework/src/Illuminate/Foundation/Http/Middleware/ConvertEmptyStringsToNull.php(31): Illuminate\\Foundation\\Http\\Middleware\\TransformsRequest->handle()
#40 /home/obed/Bureau/my-api-project/vendor/laravel/framework/src/Illuminate/Pipeline/Pipeline.php(219): Illuminate\\Foundation\\Http\\Middleware\\ConvertEmptyStringsToNull->handle()
#41 /home/obed/Bureau/my-api-project/vendor/laravel/framework/src/Illuminate/Foundation/Http/Middleware/TransformsRequest.php(21): Illuminate\\Pipeline\\Pipeline->Illuminate\\Pipeline\\{closure}()
#42 /home/obed/Bureau/my-api-project/vendor/laravel/framework/src/Illuminate/Foundation/Http/Middleware/TrimStrings.php(51): Illuminate\\Foundation\\Http\\Middleware\\TransformsRequest->handle()
#43 /home/obed/Bureau/my-api-project/vendor/laravel/framework/src/Illuminate/Pipeline/Pipeline.php(219): Illuminate\\Foundation\\Http\\Middleware\\TrimStrings->handle()
#44 /home/obed/Bureau/my-api-project/vendor/laravel/framework/src/Illuminate/Http/Middleware/ValidatePostSize.php(27): Illuminate\\Pipeline\\Pipeline->Illuminate\\Pipeline\\{closure}()
#45 /home/obed/Bureau/my-api-project/vendor/laravel/framework/src/Illuminate/Pipeline/Pipeline.php(219): Illuminate\\Http\\Middleware\\ValidatePostSize->handle()
#46 /home/obed/Bureau/my-api-project/vendor/laravel/framework/src/Illuminate/Foundation/Http/Middleware/PreventRequestsDuringMaintenance.php(109): Illuminate\\Pipeline\\Pipeline->Illuminate\\Pipeline\\{closure}()
#47 /home/obed/Bureau/my-api-project/vendor/laravel/framework/src/Illuminate/Pipeline/Pipeline.php(219): Illuminate\\Foundation\\Http\\Middleware\\PreventRequestsDuringMaintenance->handle()
#48 /home/obed/Bureau/my-api-project/vendor/laravel/framework/src/Illuminate/Http/Middleware/HandleCors.php(61): Illuminate\\Pipeline\\Pipeline->Illuminate\\Pipeline\\{closure}()
#49 /home/obed/Bureau/my-api-project/vendor/laravel/framework/src/Illuminate/Pipeline/Pipeline.php(219): Illuminate\\Http\\Middleware\\HandleCors->handle()
#50 /home/obed/Bureau/my-api-project/vendor/laravel/framework/src/Illuminate/Http/Middleware/TrustProxies.php(58): Illuminate\\Pipeline\\Pipeline->Illuminate\\Pipeline\\{closure}()
#51 /home/obed/Bureau/my-api-project/vendor/laravel/framework/src/Illuminate/Pipeline/Pipeline.php(219): Illuminate\\Http\\Middleware\\TrustProxies->handle()
#52 /home/obed/Bureau/my-api-project/vendor/laravel/framework/src/Illuminate/Foundation/Http/Middleware/InvokeDeferredCallbacks.php(22): Illuminate\\Pipeline\\Pipeline->Illuminate\\Pipeline\\{closure}()
#53 /home/obed/Bureau/my-api-project/vendor/laravel/framework/src/Illuminate/Pipeline/Pipeline.php(219): Illuminate\\Foundation\\Http\\Middleware\\InvokeDeferredCallbacks->handle()
#54 /home/obed/Bureau/my-api-project/vendor/laravel/framework/src/Illuminate/Http/Middleware/ValidatePathEncoding.php(26): Illuminate\\Pipeline\\Pipeline->Illuminate\\Pipeline\\{closure}()
#55 /home/obed/Bureau/my-api-project/vendor/laravel/framework/src/Illuminate/Pipeline/Pipeline.php(219): Illuminate\\Http\\Middleware\\ValidatePathEncoding->handle()
#56 /home/obed/Bureau/my-api-project/vendor/laravel/framework/src/Illuminate/Pipeline/Pipeline.php(137): Illuminate\\Pipeline\\Pipeline->Illuminate\\Pipeline\\{closure}()
#57 /home/obed/Bureau/my-api-project/vendor/laravel/framework/src/Illuminate/Foundation/Http/Kernel.php(175): Illuminate\\Pipeline\\Pipeline->then()
#58 /home/obed/Bureau/my-api-project/vendor/laravel/framework/src/Illuminate/Foundation/Http/Kernel.php(144): Illuminate\\Foundation\\Http\\Kernel->sendRequestThroughRouter()
#59 /home/obed/Bureau/my-api-project/vendor/laravel/framework/src/Illuminate/Foundation/Application.php(1219): Illuminate\\Foundation\\Http\\Kernel->handle()
#60 /home/obed/Bureau/my-api-project/public/index.php(20): Illuminate\\Foundation\\Application->handleRequest()
#61 /home/obed/Bureau/my-api-project/vendor/laravel/framework/src/Illuminate/Foundation/resources/server.php(23): require_once('...')
#62 {main}

[previous exception] [object] (PDOException(code: 42S22): SQLSTATE[42S22]: Column not found: 1054 Unknown column 'specialites.user_id' in 'where clause' at /home/obed/Bureau/my-api-project/vendor/laravel/framework/src/Illuminate/Database/Connection.php:406)
[stacktrace]
#0 /home/obed/Bureau/my-api-project/vendor/laravel/framework/src/Illuminate/Database/Connection.php(406): PDO->prepare()
#1 /home/obed/Bureau/my-api-project/vendor/laravel/framework/src/Illuminate/Database/Connection.php(811): Illuminate\\Database\\Connection->Illuminate\\Database\\{closure}()
#2 /home/obed/Bureau/my-api-project/vendor/laravel/framework/src/Illuminate/Database/Connection.php(778): Illuminate\\Database\\Connection->runQueryCallback()
#3 /home/obed/Bureau/my-api-project/vendor/laravel/framework/src/Illuminate/Database/Connection.php(397): Illuminate\\Database\\Connection->run()
#4 /home/obed/Bureau/my-api-project/vendor/laravel/framework/src/Illuminate/Database/Query/Builder.php(3188): Illuminate\\Database\\Connection->select()
#5 /home/obed/Bureau/my-api-project/vendor/laravel/framework/src/Illuminate/Database/Query/Builder.php(3173): Illuminate\\Database\\Query\\Builder->runSelect()
#6 /home/obed/Bureau/my-api-project/vendor/laravel/framework/src/Illuminate/Database/Query/Builder.php(3763): Illuminate\\Database\\Query\\Builder->Illuminate\\Database\\Query\\{closure}()
#7 /home/obed/Bureau/my-api-project/vendor/laravel/framework/src/Illuminate/Database/Query/Builder.php(3172): Illuminate\\Database\\Query\\Builder->onceWithColumns()
#8 /home/obed/Bureau/my-api-project/vendor/laravel/framework/src/Illuminate/Database/Eloquent/Builder.php(887): Illuminate\\Database\\Query\\Builder->get()
#9 /home/obed/Bureau/my-api-project/vendor/laravel/framework/src/Illuminate/Database/Eloquent/Builder.php(869): Illuminate\\Database\\Eloquent\\Builder->getModels()
#10 /home/obed/Bureau/my-api-project/vendor/laravel/framework/src/Illuminate/Database/Eloquent/Relations/Relation.php(212): Illuminate\\Database\\Eloquent\\Builder->get()
#11 /home/obed/Bureau/my-api-project/vendor/laravel/framework/src/Illuminate/Database/Eloquent/Relations/Relation.php(175): Illuminate\\Database\\Eloquent\\Relations\\Relation->get()
#12 /home/obed/Bureau/my-api-project/vendor/laravel/framework/src/Illuminate/Database/Eloquent/Builder.php(935): Illuminate\\Database\\Eloquent\\Relations\\Relation->getEager()
#13 /home/obed/Bureau/my-api-project/vendor/laravel/framework/src/Illuminate/Database/Eloquent/Builder.php(904): Illuminate\\Database\\Eloquent\\Builder->eagerLoadRelation()
#14 /home/obed/Bureau/my-api-project/vendor/laravel/framework/src/Illuminate/Database/Eloquent/Builder.php(870): Illuminate\\Database\\Eloquent\\Builder->eagerLoadRelations()
#15 /home/obed/Bureau/my-api-project/vendor/laravel/framework/src/Illuminate/Database/Eloquent/Relations/Relation.php(212): Illuminate\\Database\\Eloquent\\Builder->get()
#16 /home/obed/Bureau/my-api-project/vendor/laravel/framework/src/Illuminate/Database/Eloquent/Relations/Relation.php(175): Illuminate\\Database\\Eloquent\\Relations\\Relation->get()
#17 /home/obed/Bureau/my-api-project/vendor/laravel/framework/src/Illuminate/Database/Eloquent/Builder.php(935): Illuminate\\Database\\Eloquent\\Relations\\Relation->getEager()
#18 /home/obed/Bureau/my-api-project/vendor/laravel/framework/src/Illuminate/Database/Eloquent/Builder.php(904): Illuminate\\Database\\Eloquent\\Builder->eagerLoadRelation()
#19 /home/obed/Bureau/my-api-project/vendor/laravel/framework/src/Illuminate/Database/Eloquent/Builder.php(870): Illuminate\\Database\\Eloquent\\Builder->eagerLoadRelations()
#20 /home/obed/Bureau/my-api-project/app/Http/Controllers/RendezVousController.php(198): Illuminate\\Database\\Eloquent\\Builder->get()
#21 /home/obed/Bureau/my-api-project/vendor/laravel/framework/src/Illuminate/Routing/ControllerDispatcher.php(46): App\\Http\\Controllers\\RendezVousController->getUserRdv()
#22 /home/obed/Bureau/my-api-project/vendor/laravel/framework/src/Illuminate/Routing/Route.php(265): Illuminate\\Routing\\ControllerDispatcher->dispatch()
#23 /home/obed/Bureau/my-api-project/vendor/laravel/framework/src/Illuminate/Routing/Route.php(211): Illuminate\\Routing\\Route->runController()
#24 /home/obed/Bureau/my-api-project/vendor/laravel/framework/src/Illuminate/Routing/Router.php(822): Illuminate\\Routing\\Route->run()
#25 /home/obed/Bureau/my-api-project/vendor/laravel/framework/src/Illuminate/Pipeline/Pipeline.php(180): Illuminate\\Routing\\Router->Illuminate\\Routing\\{closure}()
#26 /home/obed/Bureau/my-api-project/vendor/laravel/framework/src/Illuminate/Routing/Middleware/SubstituteBindings.php(50): Illuminate\\Pipeline\\Pipeline->Illuminate\\Pipeline\\{closure}()
#27 /home/obed/Bureau/my-api-project/vendor/laravel/framework/src/Illuminate/Pipeline/Pipeline.php(219): Illuminate\\Routing\\Middleware\\SubstituteBindings->handle()
#28 /home/obed/Bureau/my-api-project/vendor/laravel/sanctum/src/Http/Middleware/EnsureFrontendRequestsAreStateful.php(26): Illuminate\\Pipeline\\Pipeline->Illuminate\\Pipeline\\{closure}()
#29 /home/obed/Bureau/my-api-project/vendor/laravel/framework/src/Illuminate/Pipeline/Pipeline.php(180): Laravel\\Sanctum\\Http\\Middleware\\EnsureFrontendRequestsAreStateful->Laravel\\Sanctum\\Http\\Middleware\\{closure}()
#30 /home/obed/Bureau/my-api-project/vendor/laravel/framework/src/Illuminate/Pipeline/Pipeline.php(137): Illuminate\\Pipeline\\Pipeline->Illuminate\\Pipeline\\{closure}()
#31 /home/obed/Bureau/my-api-project/vendor/laravel/sanctum/src/Http/Middleware/EnsureFrontendRequestsAreStateful.php(25): Illuminate\\Pipeline\\Pipeline->then()
#32 /home/obed/Bureau/my-api-project/vendor/laravel/framework/src/Illuminate/Pipeline/Pipeline.php(219): Laravel\\Sanctum\\Http\\Middleware\\EnsureFrontendRequestsAreStateful->handle()
#33 /home/obed/Bureau/my-api-project/vendor/laravel/framework/src/Illuminate/Pipeline/Pipeline.php(137): Illuminate\\Pipeline\\Pipeline->Illuminate\\Pipeline\\{closure}()
#34 /home/obed/Bureau/my-api-project/vendor/laravel/framework/src/Illuminate/Routing/Router.php(821): Illuminate\\Pipeline\\Pipeline->then()
#35 /home/obed/Bureau/my-api-project/vendor/laravel/framework/src/Illuminate/Routing/Router.php(800): Illuminate\\Routing\\Router->runRouteWithinStack()
#36 /home/obed/Bureau/my-api-project/vendor/laravel/framework/src/Illuminate/Routing/Router.php(764): Illuminate\\Routing\\Router->runRoute()
#37 /home/obed/Bureau/my-api-project/vendor/laravel/framework/src/Illuminate/Routing/Router.php(753): Illuminate\\Routing\\Router->dispatchToRoute()
#38 /home/obed/Bureau/my-api-project/vendor/laravel/framework/src/Illuminate/Foundation/Http/Kernel.php(200): Illuminate\\Routing\\Router->dispatch()
#39 /home/obed/Bureau/my-api-project/vendor/laravel/framework/src/Illuminate/Pipeline/Pipeline.php(180): Illuminate\\Foundation\\Http\\Kernel->Illuminate\\Foundation\\Http\\{closure}()
#40 /home/obed/Bureau/my-api-project/vendor/laravel/framework/src/Illuminate/Foundation/Http/Middleware/TransformsRequest.php(21): Illuminate\\Pipeline\\Pipeline->Illuminate\\Pipeline\\{closure}()
#41 /home/obed/Bureau/my-api-project/vendor/laravel/framework/src/Illuminate/Foundation/Http/Middleware/ConvertEmptyStringsToNull.php(31): Illuminate\\Foundation\\Http\\Middleware\\TransformsRequest->handle()
#42 /home/obed/Bureau/my-api-project/vendor/laravel/framework/src/Illuminate/Pipeline/Pipeline.php(219): Illuminate\\Foundation\\Http\\Middleware\\ConvertEmptyStringsToNull->handle()
#43 /home/obed/Bureau/my-api-project/vendor/laravel/framework/src/Illuminate/Foundation/Http/Middleware/TransformsRequest.php(21): Illuminate\\Pipeline\\Pipeline->Illuminate\\Pipeline\\{closure}()
#44 /home/obed/Bureau/my-api-project/vendor/laravel/framework/src/Illuminate/Foundation/Http/Middleware/TrimStrings.php(51): Illuminate\\Foundation\\Http\\Middleware\\TransformsRequest->handle()
#45 /home/obed/Bureau/my-api-project/vendor/laravel/framework/src/Illuminate/Pipeline/Pipeline.php(219): Illuminate\\Foundation\\Http\\Middleware\\TrimStrings->handle()
#46 /home/obed/Bureau/my-api-project/vendor/laravel/framework/src/Illuminate/Http/Middleware/ValidatePostSize.php(27): Illuminate\\Pipeline\\Pipeline->Illuminate\\Pipeline\\{closure}()
#47 /home/obed/Bureau/my-api-project/vendor/laravel/framework/src/Illuminate/Pipeline/Pipeline.php(219): Illuminate\\Http\\Middleware\\ValidatePostSize->handle()
#48 /home/obed/Bureau/my-api-project/vendor/laravel/framework/src/Illuminate/Foundation/Http/Middleware/PreventRequestsDuringMaintenance.php(109): Illuminate\\Pipeline\\Pipeline->Illuminate\\Pipeline\\{closure}()
#49 /home/obed/Bureau/my-api-project/vendor/laravel/framework/src/Illuminate/Pipeline/Pipeline.php(219): Illuminate\\Foundation\\Http\\Middleware\\PreventRequestsDuringMaintenance->handle()
#50 /home/obed/Bureau/my-api-project/vendor/laravel/framework/src/Illuminate/Http/Middleware/HandleCors.php(61): Illuminate\\Pipeline\\Pipeline->Illuminate\\Pipeline\\{closure}()
#51 /home/obed/Bureau/my-api-project/vendor/laravel/framework/src/Illuminate/Pipeline/Pipeline.php(219): Illuminate\\Http\\Middleware\\HandleCors->handle()
#52 /home/obed/Bureau/my-api-project/vendor/laravel/framework/src/Illuminate/Http/Middleware/TrustProxies.php(58): Illuminate\\Pipeline\\Pipeline->Illuminate\\Pipeline\\{closure}()
#53 /home/obed/Bureau/my-api-project/vendor/laravel/framework/src/Illuminate/Pipeline/Pipeline.php(219): Illuminate\\Http\\Middleware\\TrustProxies->handle()
#54 /home/obed/Bureau/my-api-project/vendor/laravel/framework/src/Illuminate/Foundation/Http/Middleware/InvokeDeferredCallbacks.php(22): Illuminate\\Pipeline\\Pipeline->Illuminate\\Pipeline\\{closure}()
#55 /home/obed/Bureau/my-api-project/vendor/laravel/framework/src/Illuminate/Pipeline/Pipeline.php(219): Illuminate\\Foundation\\Http\\Middleware\\InvokeDeferredCallbacks->handle()
#56 /home/obed/Bureau/my-api-project/vendor/laravel/framework/src/Illuminate/Http/Middleware/ValidatePathEncoding.php(26): Illuminate\\Pipeline\\Pipeline->Illuminate\\Pipeline\\{closure}()
#57 /home/obed/Bureau/my-api-project/vendor/laravel/framework/src/Illuminate/Pipeline/Pipeline.php(219): Illuminate\\Http\\Middleware\\ValidatePathEncoding->handle()
#58 /home/obed/Bureau/my-api-project/vendor/laravel/framework/src/Illuminate/Pipeline/Pipeline.php(137): Illuminate\\Pipeline\\Pipeline->Illuminate\\Pipeline\\{closure}()
#59 /home/obed/Bureau/my-api-project/vendor/laravel/framework/src/Illuminate/Foundation/Http/Kernel.php(175): Illuminate\\Pipeline\\Pipeline->then()
#60 /home/obed/Bureau/my-api-project/vendor/laravel/framework/src/Illuminate/Foundation/Http/Kernel.php(144): Illuminate\\Foundation\\Http\\Kernel->sendRequestThroughRouter()
#61 /home/obed/Bureau/my-api-project/vendor/laravel/framework/src/Illuminate/Foundation/Application.php(1219): Illuminate\\Foundation\\Http\\Kernel->handle()
#62 /home/obed/Bureau/my-api-project/public/index.php(20): Illuminate\\Foundation\\Application->handleRequest()
#63 /home/obed/Bureau/my-api-project/vendor/laravel/framework/src/Illuminate/Foundation/resources/server.php(23): require_once('...')
#64 {main}
"} 
[2025-08-29 15:53:20] local.ERROR: SQLSTATE[42S22]: Column not found: 1054 Unknown column 'specialites.user_id' in 'where clause' (Connection: mysql, SQL: select * from `specialites` where `specialites`.`user_id` in (2) and `specialites`.`deleted_at` is null) {"exception":"[object] (Illuminate\\Database\\QueryException(code: 42S22): SQLSTATE[42S22]: Column not found: 1054 Unknown column 'specialites.user_id' in 'where clause' (Connection: mysql, SQL: select * from `specialites` where `specialites`.`user_id` in (2) and `specialites`.`deleted_at` is null) at /home/obed/Bureau/my-api-project/vendor/laravel/framework/src/Illuminate/Database/Connection.php:824)
[stacktrace]
#0 /home/obed/Bureau/my-api-project/vendor/laravel/framework/src/Illuminate/Database/Connection.php(778): Illuminate\\Database\\Connection->runQueryCallback()
#1 /home/obed/Bureau/my-api-project/vendor/laravel/framework/src/Illuminate/Database/Connection.php(397): Illuminate\\Database\\Connection->run()
#2 /home/obed/Bureau/my-api-project/vendor/laravel/framework/src/Illuminate/Database/Query/Builder.php(3188): Illuminate\\Database\\Connection->select()
#3 /home/obed/Bureau/my-api-project/vendor/laravel/framework/src/Illuminate/Database/Query/Builder.php(3173): Illuminate\\Database\\Query\\Builder->runSelect()
#4 /home/obed/Bureau/my-api-project/vendor/laravel/framework/src/Illuminate/Database/Query/Builder.php(3763): Illuminate\\Database\\Query\\Builder->Illuminate\\Database\\Query\\{closure}()
#5 /home/obed/Bureau/my-api-project/vendor/laravel/framework/src/Illuminate/Database/Query/Builder.php(3172): Illuminate\\Database\\Query\\Builder->onceWithColumns()
#6 /home/obed/Bureau/my-api-project/vendor/laravel/framework/src/Illuminate/Database/Eloquent/Builder.php(887): Illuminate\\Database\\Query\\Builder->get()
#7 /home/obed/Bureau/my-api-project/vendor/laravel/framework/src/Illuminate/Database/Eloquent/Builder.php(869): Illuminate\\Database\\Eloquent\\Builder->getModels()
#8 /home/obed/Bureau/my-api-project/vendor/laravel/framework/src/Illuminate/Database/Eloquent/Relations/Relation.php(212): Illuminate\\Database\\Eloquent\\Builder->get()
#9 /home/obed/Bureau/my-api-project/vendor/laravel/framework/src/Illuminate/Database/Eloquent/Relations/Relation.php(175): Illuminate\\Database\\Eloquent\\Relations\\Relation->get()
#10 /home/obed/Bureau/my-api-project/vendor/laravel/framework/src/Illuminate/Database/Eloquent/Builder.php(935): Illuminate\\Database\\Eloquent\\Relations\\Relation->getEager()
#11 /home/obed/Bureau/my-api-project/vendor/laravel/framework/src/Illuminate/Database/Eloquent/Builder.php(904): Illuminate\\Database\\Eloquent\\Builder->eagerLoadRelation()
#12 /home/obed/Bureau/my-api-project/vendor/laravel/framework/src/Illuminate/Database/Eloquent/Builder.php(870): Illuminate\\Database\\Eloquent\\Builder->eagerLoadRelations()
#13 /home/obed/Bureau/my-api-project/vendor/laravel/framework/src/Illuminate/Database/Eloquent/Relations/Relation.php(212): Illuminate\\Database\\Eloquent\\Builder->get()
#14 /home/obed/Bureau/my-api-project/vendor/laravel/framework/src/Illuminate/Database/Eloquent/Relations/Relation.php(175): Illuminate\\Database\\Eloquent\\Relations\\Relation->get()
#15 /home/obed/Bureau/my-api-project/vendor/laravel/framework/src/Illuminate/Database/Eloquent/Builder.php(935): Illuminate\\Database\\Eloquent\\Relations\\Relation->getEager()
#16 /home/obed/Bureau/my-api-project/vendor/laravel/framework/src/Illuminate/Database/Eloquent/Builder.php(904): Illuminate\\Database\\Eloquent\\Builder->eagerLoadRelation()
#17 /home/obed/Bureau/my-api-project/vendor/laravel/framework/src/Illuminate/Database/Eloquent/Builder.php(870): Illuminate\\Database\\Eloquent\\Builder->eagerLoadRelations()
#18 /home/obed/Bureau/my-api-project/app/Http/Controllers/RendezVousController.php(198): Illuminate\\Database\\Eloquent\\Builder->get()
#19 /home/obed/Bureau/my-api-project/vendor/laravel/framework/src/Illuminate/Routing/ControllerDispatcher.php(46): App\\Http\\Controllers\\RendezVousController->getUserRdv()
#20 /home/obed/Bureau/my-api-project/vendor/laravel/framework/src/Illuminate/Routing/Route.php(265): Illuminate\\Routing\\ControllerDispatcher->dispatch()
#21 /home/obed/Bureau/my-api-project/vendor/laravel/framework/src/Illuminate/Routing/Route.php(211): Illuminate\\Routing\\Route->runController()
#22 /home/obed/Bureau/my-api-project/vendor/laravel/framework/src/Illuminate/Routing/Router.php(822): Illuminate\\Routing\\Route->run()
#23 /home/obed/Bureau/my-api-project/vendor/laravel/framework/src/Illuminate/Pipeline/Pipeline.php(180): Illuminate\\Routing\\Router->Illuminate\\Routing\\{closure}()
#24 /home/obed/Bureau/my-api-project/vendor/laravel/framework/src/Illuminate/Routing/Middleware/SubstituteBindings.php(50): Illuminate\\Pipeline\\Pipeline->Illuminate\\Pipeline\\{closure}()
#25 /home/obed/Bureau/my-api-project/vendor/laravel/framework/src/Illuminate/Pipeline/Pipeline.php(219): Illuminate\\Routing\\Middleware\\SubstituteBindings->handle()
#26 /home/obed/Bureau/my-api-project/vendor/laravel/sanctum/src/Http/Middleware/EnsureFrontendRequestsAreStateful.php(26): Illuminate\\Pipeline\\Pipeline->Illuminate\\Pipeline\\{closure}()
#27 /home/obed/Bureau/my-api-project/vendor/laravel/framework/src/Illuminate/Pipeline/Pipeline.php(180): Laravel\\Sanctum\\Http\\Middleware\\EnsureFrontendRequestsAreStateful->Laravel\\Sanctum\\Http\\Middleware\\{closure}()
#28 /home/obed/Bureau/my-api-project/vendor/laravel/framework/src/Illuminate/Pipeline/Pipeline.php(137): Illuminate\\Pipeline\\Pipeline->Illuminate\\Pipeline\\{closure}()
#29 /home/obed/Bureau/my-api-project/vendor/laravel/sanctum/src/Http/Middleware/EnsureFrontendRequestsAreStateful.php(25): Illuminate\\Pipeline\\Pipeline->then()
#30 /home/obed/Bureau/my-api-project/vendor/laravel/framework/src/Illuminate/Pipeline/Pipeline.php(219): Laravel\\Sanctum\\Http\\Middleware\\EnsureFrontendRequestsAreStateful->handle()
#31 /home/obed/Bureau/my-api-project/vendor/laravel/framework/src/Illuminate/Pipeline/Pipeline.php(137): Illuminate\\Pipeline\\Pipeline->Illuminate\\Pipeline\\{closure}()
#32 /home/obed/Bureau/my-api-project/vendor/laravel/framework/src/Illuminate/Routing/Router.php(821): Illuminate\\Pipeline\\Pipeline->then()
#33 /home/obed/Bureau/my-api-project/vendor/laravel/framework/src/Illuminate/Routing/Router.php(800): Illuminate\\Routing\\Router->runRouteWithinStack()
#34 /home/obed/Bureau/my-api-project/vendor/laravel/framework/src/Illuminate/Routing/Router.php(764): Illuminate\\Routing\\Router->runRoute()
#35 /home/obed/Bureau/my-api-project/vendor/laravel/framework/src/Illuminate/Routing/Router.php(753): Illuminate\\Routing\\Router->dispatchToRoute()
#36 /home/obed/Bureau/my-api-project/vendor/laravel/framework/src/Illuminate/Foundation/Http/Kernel.php(200): Illuminate\\Routing\\Router->dispatch()
#37 /home/obed/Bureau/my-api-project/vendor/laravel/framework/src/Illuminate/Pipeline/Pipeline.php(180): Illuminate\\Foundation\\Http\\Kernel->Illuminate\\Foundation\\Http\\{closure}()
#38 /home/obed/Bureau/my-api-project/vendor/laravel/framework/src/Illuminate/Foundation/Http/Middleware/TransformsRequest.php(21): Illuminate\\Pipeline\\Pipeline->Illuminate\\Pipeline\\{closure}()
#39 /home/obed/Bureau/my-api-project/vendor/laravel/framework/src/Illuminate/Foundation/Http/Middleware/ConvertEmptyStringsToNull.php(31): Illuminate\\Foundation\\Http\\Middleware\\TransformsRequest->handle()
#40 /home/obed/Bureau/my-api-project/vendor/laravel/framework/src/Illuminate/Pipeline/Pipeline.php(219): Illuminate\\Foundation\\Http\\Middleware\\ConvertEmptyStringsToNull->handle()
#41 /home/obed/Bureau/my-api-project/vendor/laravel/framework/src/Illuminate/Foundation/Http/Middleware/TransformsRequest.php(21): Illuminate\\Pipeline\\Pipeline->Illuminate\\Pipeline\\{closure}()
#42 /home/obed/Bureau/my-api-project/vendor/laravel/framework/src/Illuminate/Foundation/Http/Middleware/TrimStrings.php(51): Illuminate\\Foundation\\Http\\Middleware\\TransformsRequest->handle()
#43 /home/obed/Bureau/my-api-project/vendor/laravel/framework/src/Illuminate/Pipeline/Pipeline.php(219): Illuminate\\Foundation\\Http\\Middleware\\TrimStrings->handle()
#44 /home/obed/Bureau/my-api-project/vendor/laravel/framework/src/Illuminate/Http/Middleware/ValidatePostSize.php(27): Illuminate\\Pipeline\\Pipeline->Illuminate\\Pipeline\\{closure}()
#45 /home/obed/Bureau/my-api-project/vendor/laravel/framework/src/Illuminate/Pipeline/Pipeline.php(219): Illuminate\\Http\\Middleware\\ValidatePostSize->handle()
#46 /home/obed/Bureau/my-api-project/vendor/laravel/framework/src/Illuminate/Foundation/Http/Middleware/PreventRequestsDuringMaintenance.php(109): Illuminate\\Pipeline\\Pipeline->Illuminate\\Pipeline\\{closure}()
#47 /home/obed/Bureau/my-api-project/vendor/laravel/framework/src/Illuminate/Pipeline/Pipeline.php(219): Illuminate\\Foundation\\Http\\Middleware\\PreventRequestsDuringMaintenance->handle()
#48 /home/obed/Bureau/my-api-project/vendor/laravel/framework/src/Illuminate/Http/Middleware/HandleCors.php(61): Illuminate\\Pipeline\\Pipeline->Illuminate\\Pipeline\\{closure}()
#49 /home/obed/Bureau/my-api-project/vendor/laravel/framework/src/Illuminate/Pipeline/Pipeline.php(219): Illuminate\\Http\\Middleware\\HandleCors->handle()
#50 /home/obed/Bureau/my-api-project/vendor/laravel/framework/src/Illuminate/Http/Middleware/TrustProxies.php(58): Illuminate\\Pipeline\\Pipeline->Illuminate\\Pipeline\\{closure}()
#51 /home/obed/Bureau/my-api-project/vendor/laravel/framework/src/Illuminate/Pipeline/Pipeline.php(219): Illuminate\\Http\\Middleware\\TrustProxies->handle()
#52 /home/obed/Bureau/my-api-project/vendor/laravel/framework/src/Illuminate/Foundation/Http/Middleware/InvokeDeferredCallbacks.php(22): Illuminate\\Pipeline\\Pipeline->Illuminate\\Pipeline\\{closure}()
#53 /home/obed/Bureau/my-api-project/vendor/laravel/framework/src/Illuminate/Pipeline/Pipeline.php(219): Illuminate\\Foundation\\Http\\Middleware\\InvokeDeferredCallbacks->handle()
#54 /home/obed/Bureau/my-api-project/vendor/laravel/framework/src/Illuminate/Http/Middleware/ValidatePathEncoding.php(26): Illuminate\\Pipeline\\Pipeline->Illuminate\\Pipeline\\{closure}()
#55 /home/obed/Bureau/my-api-project/vendor/laravel/framework/src/Illuminate/Pipeline/Pipeline.php(219): Illuminate\\Http\\Middleware\\ValidatePathEncoding->handle()
#56 /home/obed/Bureau/my-api-project/vendor/laravel/framework/src/Illuminate/Pipeline/Pipeline.php(137): Illuminate\\Pipeline\\Pipeline->Illuminate\\Pipeline\\{closure}()
#57 /home/obed/Bureau/my-api-project/vendor/laravel/framework/src/Illuminate/Foundation/Http/Kernel.php(175): Illuminate\\Pipeline\\Pipeline->then()
#58 /home/obed/Bureau/my-api-project/vendor/laravel/framework/src/Illuminate/Foundation/Http/Kernel.php(144): Illuminate\\Foundation\\Http\\Kernel->sendRequestThroughRouter()
#59 /home/obed/Bureau/my-api-project/vendor/laravel/framework/src/Illuminate/Foundation/Application.php(1219): Illuminate\\Foundation\\Http\\Kernel->handle()
#60 /home/obed/Bureau/my-api-project/public/index.php(20): Illuminate\\Foundation\\Application->handleRequest()
#61 /home/obed/Bureau/my-api-project/vendor/laravel/framework/src/Illuminate/Foundation/resources/server.php(23): require_once('...')
#62 {main}

[previous exception] [object] (PDOException(code: 42S22): SQLSTATE[42S22]: Column not found: 1054 Unknown column 'specialites.user_id' in 'where clause' at /home/obed/Bureau/my-api-project/vendor/laravel/framework/src/Illuminate/Database/Connection.php:406)
[stacktrace]
#0 /home/obed/Bureau/my-api-project/vendor/laravel/framework/src/Illuminate/Database/Connection.php(406): PDO->prepare()
#1 /home/obed/Bureau/my-api-project/vendor/laravel/framework/src/Illuminate/Database/Connection.php(811): Illuminate\\Database\\Connection->Illuminate\\Database\\{closure}()
#2 /home/obed/Bureau/my-api-project/vendor/laravel/framework/src/Illuminate/Database/Connection.php(778): Illuminate\\Database\\Connection->runQueryCallback()
#3 /home/obed/Bureau/my-api-project/vendor/laravel/framework/src/Illuminate/Database/Connection.php(397): Illuminate\\Database\\Connection->run()
#4 /home/obed/Bureau/my-api-project/vendor/laravel/framework/src/Illuminate/Database/Query/Builder.php(3188): Illuminate\\Database\\Connection->select()
#5 /home/obed/Bureau/my-api-project/vendor/laravel/framework/src/Illuminate/Database/Query/Builder.php(3173): Illuminate\\Database\\Query\\Builder->runSelect()
#6 /home/obed/Bureau/my-api-project/vendor/laravel/framework/src/Illuminate/Database/Query/Builder.php(3763): Illuminate\\Database\\Query\\Builder->Illuminate\\Database\\Query\\{closure}()
#7 /home/obed/Bureau/my-api-project/vendor/laravel/framework/src/Illuminate/Database/Query/Builder.php(3172): Illuminate\\Database\\Query\\Builder->onceWithColumns()
#8 /home/obed/Bureau/my-api-project/vendor/laravel/framework/src/Illuminate/Database/Eloquent/Builder.php(887): Illuminate\\Database\\Query\\Builder->get()
#9 /home/obed/Bureau/my-api-project/vendor/laravel/framework/src/Illuminate/Database/Eloquent/Builder.php(869): Illuminate\\Database\\Eloquent\\Builder->getModels()
#10 /home/obed/Bureau/my-api-project/vendor/laravel/framework/src/Illuminate/Database/Eloquent/Relations/Relation.php(212): Illuminate\\Database\\Eloquent\\Builder->get()
#11 /home/obed/Bureau/my-api-project/vendor/laravel/framework/src/Illuminate/Database/Eloquent/Relations/Relation.php(175): Illuminate\\Database\\Eloquent\\Relations\\Relation->get()
#12 /home/obed/Bureau/my-api-project/vendor/laravel/framework/src/Illuminate/Database/Eloquent/Builder.php(935): Illuminate\\Database\\Eloquent\\Relations\\Relation->getEager()
#13 /home/obed/Bureau/my-api-project/vendor/laravel/framework/src/Illuminate/Database/Eloquent/Builder.php(904): Illuminate\\Database\\Eloquent\\Builder->eagerLoadRelation()
#14 /home/obed/Bureau/my-api-project/vendor/laravel/framework/src/Illuminate/Database/Eloquent/Builder.php(870): Illuminate\\Database\\Eloquent\\Builder->eagerLoadRelations()
#15 /home/obed/Bureau/my-api-project/vendor/laravel/framework/src/Illuminate/Database/Eloquent/Relations/Relation.php(212): Illuminate\\Database\\Eloquent\\Builder->get()
#16 /home/obed/Bureau/my-api-project/vendor/laravel/framework/src/Illuminate/Database/Eloquent/Relations/Relation.php(175): Illuminate\\Database\\Eloquent\\Relations\\Relation->get()
#17 /home/obed/Bureau/my-api-project/vendor/laravel/framework/src/Illuminate/Database/Eloquent/Builder.php(935): Illuminate\\Database\\Eloquent\\Relations\\Relation->getEager()
#18 /home/obed/Bureau/my-api-project/vendor/laravel/framework/src/Illuminate/Database/Eloquent/Builder.php(904): Illuminate\\Database\\Eloquent\\Builder->eagerLoadRelation()
#19 /home/obed/Bureau/my-api-project/vendor/laravel/framework/src/Illuminate/Database/Eloquent/Builder.php(870): Illuminate\\Database\\Eloquent\\Builder->eagerLoadRelations()
#20 /home/obed/Bureau/my-api-project/app/Http/Controllers/RendezVousController.php(198): Illuminate\\Database\\Eloquent\\Builder->get()
#21 /home/obed/Bureau/my-api-project/vendor/laravel/framework/src/Illuminate/Routing/ControllerDispatcher.php(46): App\\Http\\Controllers\\RendezVousController->getUserRdv()
#22 /home/obed/Bureau/my-api-project/vendor/laravel/framework/src/Illuminate/Routing/Route.php(265): Illuminate\\Routing\\ControllerDispatcher->dispatch()
#23 /home/obed/Bureau/my-api-project/vendor/laravel/framework/src/Illuminate/Routing/Route.php(211): Illuminate\\Routing\\Route->runController()
#24 /home/obed/Bureau/my-api-project/vendor/laravel/framework/src/Illuminate/Routing/Router.php(822): Illuminate\\Routing\\Route->run()
#25 /home/obed/Bureau/my-api-project/vendor/laravel/framework/src/Illuminate/Pipeline/Pipeline.php(180): Illuminate\\Routing\\Router->Illuminate\\Routing\\{closure}()
#26 /home/obed/Bureau/my-api-project/vendor/laravel/framework/src/Illuminate/Routing/Middleware/SubstituteBindings.php(50): Illuminate\\Pipeline\\Pipeline->Illuminate\\Pipeline\\{closure}()
#27 /home/obed/Bureau/my-api-project/vendor/laravel/framework/src/Illuminate/Pipeline/Pipeline.php(219): Illuminate\\Routing\\Middleware\\SubstituteBindings->handle()
#28 /home/obed/Bureau/my-api-project/vendor/laravel/sanctum/src/Http/Middleware/EnsureFrontendRequestsAreStateful.php(26): Illuminate\\Pipeline\\Pipeline->Illuminate\\Pipeline\\{closure}()
#29 /home/obed/Bureau/my-api-project/vendor/laravel/framework/src/Illuminate/Pipeline/Pipeline.php(180): Laravel\\Sanctum\\Http\\Middleware\\EnsureFrontendRequestsAreStateful->Laravel\\Sanctum\\Http\\Middleware\\{closure}()
#30 /home/obed/Bureau/my-api-project/vendor/laravel/framework/src/Illuminate/Pipeline/Pipeline.php(137): Illuminate\\Pipeline\\Pipeline->Illuminate\\Pipeline\\{closure}()
#31 /home/obed/Bureau/my-api-project/vendor/laravel/sanctum/src/Http/Middleware/EnsureFrontendRequestsAreStateful.php(25): Illuminate\\Pipeline\\Pipeline->then()
#32 /home/obed/Bureau/my-api-project/vendor/laravel/framework/src/Illuminate/Pipeline/Pipeline.php(219): Laravel\\Sanctum\\Http\\Middleware\\EnsureFrontendRequestsAreStateful->handle()
#33 /home/obed/Bureau/my-api-project/vendor/laravel/framework/src/Illuminate/Pipeline/Pipeline.php(137): Illuminate\\Pipeline\\Pipeline->Illuminate\\Pipeline\\{closure}()
#34 /home/obed/Bureau/my-api-project/vendor/laravel/framework/src/Illuminate/Routing/Router.php(821): Illuminate\\Pipeline\\Pipeline->then()
#35 /home/obed/Bureau/my-api-project/vendor/laravel/framework/src/Illuminate/Routing/Router.php(800): Illuminate\\Routing\\Router->runRouteWithinStack()
#36 /home/obed/Bureau/my-api-project/vendor/laravel/framework/src/Illuminate/Routing/Router.php(764): Illuminate\\Routing\\Router->runRoute()
#37 /home/obed/Bureau/my-api-project/vendor/laravel/framework/src/Illuminate/Routing/Router.php(753): Illuminate\\Routing\\Router->dispatchToRoute()
#38 /home/obed/Bureau/my-api-project/vendor/laravel/framework/src/Illuminate/Foundation/Http/Kernel.php(200): Illuminate\\Routing\\Router->dispatch()
#39 /home/obed/Bureau/my-api-project/vendor/laravel/framework/src/Illuminate/Pipeline/Pipeline.php(180): Illuminate\\Foundation\\Http\\Kernel->Illuminate\\Foundation\\Http\\{closure}()
#40 /home/obed/Bureau/my-api-project/vendor/laravel/framework/src/Illuminate/Foundation/Http/Middleware/TransformsRequest.php(21): Illuminate\\Pipeline\\Pipeline->Illuminate\\Pipeline\\{closure}()
#41 /home/obed/Bureau/my-api-project/vendor/laravel/framework/src/Illuminate/Foundation/Http/Middleware/ConvertEmptyStringsToNull.php(31): Illuminate\\Foundation\\Http\\Middleware\\TransformsRequest->handle()
#42 /home/obed/Bureau/my-api-project/vendor/laravel/framework/src/Illuminate/Pipeline/Pipeline.php(219): Illuminate\\Foundation\\Http\\Middleware\\ConvertEmptyStringsToNull->handle()
#43 /home/obed/Bureau/my-api-project/vendor/laravel/framework/src/Illuminate/Foundation/Http/Middleware/TransformsRequest.php(21): Illuminate\\Pipeline\\Pipeline->Illuminate\\Pipeline\\{closure}()
#44 /home/obed/Bureau/my-api-project/vendor/laravel/framework/src/Illuminate/Foundation/Http/Middleware/TrimStrings.php(51): Illuminate\\Foundation\\Http\\Middleware\\TransformsRequest->handle()
#45 /home/obed/Bureau/my-api-project/vendor/laravel/framework/src/Illuminate/Pipeline/Pipeline.php(219): Illuminate\\Foundation\\Http\\Middleware\\TrimStrings->handle()
#46 /home/obed/Bureau/my-api-project/vendor/laravel/framework/src/Illuminate/Http/Middleware/ValidatePostSize.php(27): Illuminate\\Pipeline\\Pipeline->Illuminate\\Pipeline\\{closure}()
#47 /home/obed/Bureau/my-api-project/vendor/laravel/framework/src/Illuminate/Pipeline/Pipeline.php(219): Illuminate\\Http\\Middleware\\ValidatePostSize->handle()
#48 /home/obed/Bureau/my-api-project/vendor/laravel/framework/src/Illuminate/Foundation/Http/Middleware/PreventRequestsDuringMaintenance.php(109): Illuminate\\Pipeline\\Pipeline->Illuminate\\Pipeline\\{closure}()
#49 /home/obed/Bureau/my-api-project/vendor/laravel/framework/src/Illuminate/Pipeline/Pipeline.php(219): Illuminate\\Foundation\\Http\\Middleware\\PreventRequestsDuringMaintenance->handle()
#50 /home/obed/Bureau/my-api-project/vendor/laravel/framework/src/Illuminate/Http/Middleware/HandleCors.php(61): Illuminate\\Pipeline\\Pipeline->Illuminate\\Pipeline\\{closure}()
#51 /home/obed/Bureau/my-api-project/vendor/laravel/framework/src/Illuminate/Pipeline/Pipeline.php(219): Illuminate\\Http\\Middleware\\HandleCors->handle()
#52 /home/obed/Bureau/my-api-project/vendor/laravel/framework/src/Illuminate/Http/Middleware/TrustProxies.php(58): Illuminate\\Pipeline\\Pipeline->Illuminate\\Pipeline\\{closure}()
#53 /home/obed/Bureau/my-api-project/vendor/laravel/framework/src/Illuminate/Pipeline/Pipeline.php(219): Illuminate\\Http\\Middleware\\TrustProxies->handle()
#54 /home/obed/Bureau/my-api-project/vendor/laravel/framework/src/Illuminate/Foundation/Http/Middleware/InvokeDeferredCallbacks.php(22): Illuminate\\Pipeline\\Pipeline->Illuminate\\Pipeline\\{closure}()
#55 /home/obed/Bureau/my-api-project/vendor/laravel/framework/src/Illuminate/Pipeline/Pipeline.php(219): Illuminate\\Foundation\\Http\\Middleware\\InvokeDeferredCallbacks->handle()
#56 /home/obed/Bureau/my-api-project/vendor/laravel/framework/src/Illuminate/Http/Middleware/ValidatePathEncoding.php(26): Illuminate\\Pipeline\\Pipeline->Illuminate\\Pipeline\\{closure}()
#57 /home/obed/Bureau/my-api-project/vendor/laravel/framework/src/Illuminate/Pipeline/Pipeline.php(219): Illuminate\\Http\\Middleware\\ValidatePathEncoding->handle()
#58 /home/obed/Bureau/my-api-project/vendor/laravel/framework/src/Illuminate/Pipeline/Pipeline.php(137): Illuminate\\Pipeline\\Pipeline->Illuminate\\Pipeline\\{closure}()
#59 /home/obed/Bureau/my-api-project/vendor/laravel/framework/src/Illuminate/Foundation/Http/Kernel.php(175): Illuminate\\Pipeline\\Pipeline->then()
#60 /home/obed/Bureau/my-api-project/vendor/laravel/framework/src/Illuminate/Foundation/Http/Kernel.php(144): Illuminate\\Foundation\\Http\\Kernel->sendRequestThroughRouter()
#61 /home/obed/Bureau/my-api-project/vendor/laravel/framework/src/Illuminate/Foundation/Application.php(1219): Illuminate\\Foundation\\Http\\Kernel->handle()
#62 /home/obed/Bureau/my-api-project/public/index.php(20): Illuminate\\Foundation\\Application->handleRequest()
#63 /home/obed/Bureau/my-api-project/vendor/laravel/framework/src/Illuminate/Foundation/resources/server.php(23): require_once('...')
#64 {main}
"} 
[2025-08-29 15:55:06] local.ERROR: SQLSTATE[42S22]: Column not found: 1054 Unknown column 'specialites.user_id' in 'where clause' (Connection: mysql, SQL: select * from `specialites` where `specialites`.`user_id` in (2) and `specialites`.`deleted_at` is null) {"exception":"[object] (Illuminate\\Database\\QueryException(code: 42S22): SQLSTATE[42S22]: Column not found: 1054 Unknown column 'specialites.user_id' in 'where clause' (Connection: mysql, SQL: select * from `specialites` where `specialites`.`user_id` in (2) and `specialites`.`deleted_at` is null) at /home/obed/Bureau/my-api-project/vendor/laravel/framework/src/Illuminate/Database/Connection.php:824)
[stacktrace]
#0 /home/obed/Bureau/my-api-project/vendor/laravel/framework/src/Illuminate/Database/Connection.php(778): Illuminate\\Database\\Connection->runQueryCallback()
#1 /home/obed/Bureau/my-api-project/vendor/laravel/framework/src/Illuminate/Database/Connection.php(397): Illuminate\\Database\\Connection->run()
#2 /home/obed/Bureau/my-api-project/vendor/laravel/framework/src/Illuminate/Database/Query/Builder.php(3188): Illuminate\\Database\\Connection->select()
#3 /home/obed/Bureau/my-api-project/vendor/laravel/framework/src/Illuminate/Database/Query/Builder.php(3173): Illuminate\\Database\\Query\\Builder->runSelect()
#4 /home/obed/Bureau/my-api-project/vendor/laravel/framework/src/Illuminate/Database/Query/Builder.php(3763): Illuminate\\Database\\Query\\Builder->Illuminate\\Database\\Query\\{closure}()
#5 /home/obed/Bureau/my-api-project/vendor/laravel/framework/src/Illuminate/Database/Query/Builder.php(3172): Illuminate\\Database\\Query\\Builder->onceWithColumns()
#6 /home/obed/Bureau/my-api-project/vendor/laravel/framework/src/Illuminate/Database/Eloquent/Builder.php(887): Illuminate\\Database\\Query\\Builder->get()
#7 /home/obed/Bureau/my-api-project/vendor/laravel/framework/src/Illuminate/Database/Eloquent/Builder.php(869): Illuminate\\Database\\Eloquent\\Builder->getModels()
#8 /home/obed/Bureau/my-api-project/vendor/laravel/framework/src/Illuminate/Database/Eloquent/Relations/Relation.php(212): Illuminate\\Database\\Eloquent\\Builder->get()
#9 /home/obed/Bureau/my-api-project/vendor/laravel/framework/src/Illuminate/Database/Eloquent/Relations/Relation.php(175): Illuminate\\Database\\Eloquent\\Relations\\Relation->get()
#10 /home/obed/Bureau/my-api-project/vendor/laravel/framework/src/Illuminate/Database/Eloquent/Builder.php(935): Illuminate\\Database\\Eloquent\\Relations\\Relation->getEager()
#11 /home/obed/Bureau/my-api-project/vendor/laravel/framework/src/Illuminate/Database/Eloquent/Builder.php(904): Illuminate\\Database\\Eloquent\\Builder->eagerLoadRelation()
#12 /home/obed/Bureau/my-api-project/vendor/laravel/framework/src/Illuminate/Database/Eloquent/Builder.php(870): Illuminate\\Database\\Eloquent\\Builder->eagerLoadRelations()
#13 /home/obed/Bureau/my-api-project/vendor/laravel/framework/src/Illuminate/Database/Eloquent/Relations/Relation.php(212): Illuminate\\Database\\Eloquent\\Builder->get()
#14 /home/obed/Bureau/my-api-project/vendor/laravel/framework/src/Illuminate/Database/Eloquent/Relations/Relation.php(175): Illuminate\\Database\\Eloquent\\Relations\\Relation->get()
#15 /home/obed/Bureau/my-api-project/vendor/laravel/framework/src/Illuminate/Database/Eloquent/Builder.php(935): Illuminate\\Database\\Eloquent\\Relations\\Relation->getEager()
#16 /home/obed/Bureau/my-api-project/vendor/laravel/framework/src/Illuminate/Database/Eloquent/Builder.php(904): Illuminate\\Database\\Eloquent\\Builder->eagerLoadRelation()
#17 /home/obed/Bureau/my-api-project/vendor/laravel/framework/src/Illuminate/Database/Eloquent/Builder.php(870): Illuminate\\Database\\Eloquent\\Builder->eagerLoadRelations()
#18 /home/obed/Bureau/my-api-project/app/Http/Controllers/RendezVousController.php(198): Illuminate\\Database\\Eloquent\\Builder->get()
#19 /home/obed/Bureau/my-api-project/vendor/laravel/framework/src/Illuminate/Routing/ControllerDispatcher.php(46): App\\Http\\Controllers\\RendezVousController->getUserRdv()
#20 /home/obed/Bureau/my-api-project/vendor/laravel/framework/src/Illuminate/Routing/Route.php(265): Illuminate\\Routing\\ControllerDispatcher->dispatch()
#21 /home/obed/Bureau/my-api-project/vendor/laravel/framework/src/Illuminate/Routing/Route.php(211): Illuminate\\Routing\\Route->runController()
#22 /home/obed/Bureau/my-api-project/vendor/laravel/framework/src/Illuminate/Routing/Router.php(822): Illuminate\\Routing\\Route->run()
#23 /home/obed/Bureau/my-api-project/vendor/laravel/framework/src/Illuminate/Pipeline/Pipeline.php(180): Illuminate\\Routing\\Router->Illuminate\\Routing\\{closure}()
#24 /home/obed/Bureau/my-api-project/vendor/laravel/framework/src/Illuminate/Routing/Middleware/SubstituteBindings.php(50): Illuminate\\Pipeline\\Pipeline->Illuminate\\Pipeline\\{closure}()
#25 /home/obed/Bureau/my-api-project/vendor/laravel/framework/src/Illuminate/Pipeline/Pipeline.php(219): Illuminate\\Routing\\Middleware\\SubstituteBindings->handle()
#26 /home/obed/Bureau/my-api-project/vendor/laravel/sanctum/src/Http/Middleware/EnsureFrontendRequestsAreStateful.php(26): Illuminate\\Pipeline\\Pipeline->Illuminate\\Pipeline\\{closure}()
#27 /home/obed/Bureau/my-api-project/vendor/laravel/framework/src/Illuminate/Pipeline/Pipeline.php(180): Laravel\\Sanctum\\Http\\Middleware\\EnsureFrontendRequestsAreStateful->Laravel\\Sanctum\\Http\\Middleware\\{closure}()
#28 /home/obed/Bureau/my-api-project/vendor/laravel/framework/src/Illuminate/Pipeline/Pipeline.php(137): Illuminate\\Pipeline\\Pipeline->Illuminate\\Pipeline\\{closure}()
#29 /home/obed/Bureau/my-api-project/vendor/laravel/sanctum/src/Http/Middleware/EnsureFrontendRequestsAreStateful.php(25): Illuminate\\Pipeline\\Pipeline->then()
#30 /home/obed/Bureau/my-api-project/vendor/laravel/framework/src/Illuminate/Pipeline/Pipeline.php(219): Laravel\\Sanctum\\Http\\Middleware\\EnsureFrontendRequestsAreStateful->handle()
#31 /home/obed/Bureau/my-api-project/vendor/laravel/framework/src/Illuminate/Pipeline/Pipeline.php(137): Illuminate\\Pipeline\\Pipeline->Illuminate\\Pipeline\\{closure}()
#32 /home/obed/Bureau/my-api-project/vendor/laravel/framework/src/Illuminate/Routing/Router.php(821): Illuminate\\Pipeline\\Pipeline->then()
#33 /home/obed/Bureau/my-api-project/vendor/laravel/framework/src/Illuminate/Routing/Router.php(800): Illuminate\\Routing\\Router->runRouteWithinStack()
#34 /home/obed/Bureau/my-api-project/vendor/laravel/framework/src/Illuminate/Routing/Router.php(764): Illuminate\\Routing\\Router->runRoute()
#35 /home/obed/Bureau/my-api-project/vendor/laravel/framework/src/Illuminate/Routing/Router.php(753): Illuminate\\Routing\\Router->dispatchToRoute()
#36 /home/obed/Bureau/my-api-project/vendor/laravel/framework/src/Illuminate/Foundation/Http/Kernel.php(200): Illuminate\\Routing\\Router->dispatch()
#37 /home/obed/Bureau/my-api-project/vendor/laravel/framework/src/Illuminate/Pipeline/Pipeline.php(180): Illuminate\\Foundation\\Http\\Kernel->Illuminate\\Foundation\\Http\\{closure}()
#38 /home/obed/Bureau/my-api-project/vendor/laravel/framework/src/Illuminate/Foundation/Http/Middleware/TransformsRequest.php(21): Illuminate\\Pipeline\\Pipeline->Illuminate\\Pipeline\\{closure}()
#39 /home/obed/Bureau/my-api-project/vendor/laravel/framework/src/Illuminate/Foundation/Http/Middleware/ConvertEmptyStringsToNull.php(31): Illuminate\\Foundation\\Http\\Middleware\\TransformsRequest->handle()
#40 /home/obed/Bureau/my-api-project/vendor/laravel/framework/src/Illuminate/Pipeline/Pipeline.php(219): Illuminate\\Foundation\\Http\\Middleware\\ConvertEmptyStringsToNull->handle()
#41 /home/obed/Bureau/my-api-project/vendor/laravel/framework/src/Illuminate/Foundation/Http/Middleware/TransformsRequest.php(21): Illuminate\\Pipeline\\Pipeline->Illuminate\\Pipeline\\{closure}()
#42 /home/obed/Bureau/my-api-project/vendor/laravel/framework/src/Illuminate/Foundation/Http/Middleware/TrimStrings.php(51): Illuminate\\Foundation\\Http\\Middleware\\TransformsRequest->handle()
#43 /home/obed/Bureau/my-api-project/vendor/laravel/framework/src/Illuminate/Pipeline/Pipeline.php(219): Illuminate\\Foundation\\Http\\Middleware\\TrimStrings->handle()
#44 /home/obed/Bureau/my-api-project/vendor/laravel/framework/src/Illuminate/Http/Middleware/ValidatePostSize.php(27): Illuminate\\Pipeline\\Pipeline->Illuminate\\Pipeline\\{closure}()
#45 /home/obed/Bureau/my-api-project/vendor/laravel/framework/src/Illuminate/Pipeline/Pipeline.php(219): Illuminate\\Http\\Middleware\\ValidatePostSize->handle()
#46 /home/obed/Bureau/my-api-project/vendor/laravel/framework/src/Illuminate/Foundation/Http/Middleware/PreventRequestsDuringMaintenance.php(109): Illuminate\\Pipeline\\Pipeline->Illuminate\\Pipeline\\{closure}()
#47 /home/obed/Bureau/my-api-project/vendor/laravel/framework/src/Illuminate/Pipeline/Pipeline.php(219): Illuminate\\Foundation\\Http\\Middleware\\PreventRequestsDuringMaintenance->handle()
#48 /home/obed/Bureau/my-api-project/vendor/laravel/framework/src/Illuminate/Http/Middleware/HandleCors.php(61): Illuminate\\Pipeline\\Pipeline->Illuminate\\Pipeline\\{closure}()
#49 /home/obed/Bureau/my-api-project/vendor/laravel/framework/src/Illuminate/Pipeline/Pipeline.php(219): Illuminate\\Http\\Middleware\\HandleCors->handle()
#50 /home/obed/Bureau/my-api-project/vendor/laravel/framework/src/Illuminate/Http/Middleware/TrustProxies.php(58): Illuminate\\Pipeline\\Pipeline->Illuminate\\Pipeline\\{closure}()
#51 /home/obed/Bureau/my-api-project/vendor/laravel/framework/src/Illuminate/Pipeline/Pipeline.php(219): Illuminate\\Http\\Middleware\\TrustProxies->handle()
#52 /home/obed/Bureau/my-api-project/vendor/laravel/framework/src/Illuminate/Foundation/Http/Middleware/InvokeDeferredCallbacks.php(22): Illuminate\\Pipeline\\Pipeline->Illuminate\\Pipeline\\{closure}()
#53 /home/obed/Bureau/my-api-project/vendor/laravel/framework/src/Illuminate/Pipeline/Pipeline.php(219): Illuminate\\Foundation\\Http\\Middleware\\InvokeDeferredCallbacks->handle()
#54 /home/obed/Bureau/my-api-project/vendor/laravel/framework/src/Illuminate/Http/Middleware/ValidatePathEncoding.php(26): Illuminate\\Pipeline\\Pipeline->Illuminate\\Pipeline\\{closure}()
#55 /home/obed/Bureau/my-api-project/vendor/laravel/framework/src/Illuminate/Pipeline/Pipeline.php(219): Illuminate\\Http\\Middleware\\ValidatePathEncoding->handle()
#56 /home/obed/Bureau/my-api-project/vendor/laravel/framework/src/Illuminate/Pipeline/Pipeline.php(137): Illuminate\\Pipeline\\Pipeline->Illuminate\\Pipeline\\{closure}()
#57 /home/obed/Bureau/my-api-project/vendor/laravel/framework/src/Illuminate/Foundation/Http/Kernel.php(175): Illuminate\\Pipeline\\Pipeline->then()
#58 /home/obed/Bureau/my-api-project/vendor/laravel/framework/src/Illuminate/Foundation/Http/Kernel.php(144): Illuminate\\Foundation\\Http\\Kernel->sendRequestThroughRouter()
#59 /home/obed/Bureau/my-api-project/vendor/laravel/framework/src/Illuminate/Foundation/Application.php(1219): Illuminate\\Foundation\\Http\\Kernel->handle()
#60 /home/obed/Bureau/my-api-project/public/index.php(20): Illuminate\\Foundation\\Application->handleRequest()
#61 /home/obed/Bureau/my-api-project/vendor/laravel/framework/src/Illuminate/Foundation/resources/server.php(23): require_once('...')
#62 {main}

[previous exception] [object] (PDOException(code: 42S22): SQLSTATE[42S22]: Column not found: 1054 Unknown column 'specialites.user_id' in 'where clause' at /home/obed/Bureau/my-api-project/vendor/laravel/framework/src/Illuminate/Database/Connection.php:406)
[stacktrace]
#0 /home/obed/Bureau/my-api-project/vendor/laravel/framework/src/Illuminate/Database/Connection.php(406): PDO->prepare()
#1 /home/obed/Bureau/my-api-project/vendor/laravel/framework/src/Illuminate/Database/Connection.php(811): Illuminate\\Database\\Connection->Illuminate\\Database\\{closure}()
#2 /home/obed/Bureau/my-api-project/vendor/laravel/framework/src/Illuminate/Database/Connection.php(778): Illuminate\\Database\\Connection->runQueryCallback()
#3 /home/obed/Bureau/my-api-project/vendor/laravel/framework/src/Illuminate/Database/Connection.php(397): Illuminate\\Database\\Connection->run()
#4 /home/obed/Bureau/my-api-project/vendor/laravel/framework/src/Illuminate/Database/Query/Builder.php(3188): Illuminate\\Database\\Connection->select()
#5 /home/obed/Bureau/my-api-project/vendor/laravel/framework/src/Illuminate/Database/Query/Builder.php(3173): Illuminate\\Database\\Query\\Builder->runSelect()
#6 /home/obed/Bureau/my-api-project/vendor/laravel/framework/src/Illuminate/Database/Query/Builder.php(3763): Illuminate\\Database\\Query\\Builder->Illuminate\\Database\\Query\\{closure}()
#7 /home/obed/Bureau/my-api-project/vendor/laravel/framework/src/Illuminate/Database/Query/Builder.php(3172): Illuminate\\Database\\Query\\Builder->onceWithColumns()
#8 /home/obed/Bureau/my-api-project/vendor/laravel/framework/src/Illuminate/Database/Eloquent/Builder.php(887): Illuminate\\Database\\Query\\Builder->get()
#9 /home/obed/Bureau/my-api-project/vendor/laravel/framework/src/Illuminate/Database/Eloquent/Builder.php(869): Illuminate\\Database\\Eloquent\\Builder->getModels()
#10 /home/obed/Bureau/my-api-project/vendor/laravel/framework/src/Illuminate/Database/Eloquent/Relations/Relation.php(212): Illuminate\\Database\\Eloquent\\Builder->get()
#11 /home/obed/Bureau/my-api-project/vendor/laravel/framework/src/Illuminate/Database/Eloquent/Relations/Relation.php(175): Illuminate\\Database\\Eloquent\\Relations\\Relation->get()
#12 /home/obed/Bureau/my-api-project/vendor/laravel/framework/src/Illuminate/Database/Eloquent/Builder.php(935): Illuminate\\Database\\Eloquent\\Relations\\Relation->getEager()
#13 /home/obed/Bureau/my-api-project/vendor/laravel/framework/src/Illuminate/Database/Eloquent/Builder.php(904): Illuminate\\Database\\Eloquent\\Builder->eagerLoadRelation()
#14 /home/obed/Bureau/my-api-project/vendor/laravel/framework/src/Illuminate/Database/Eloquent/Builder.php(870): Illuminate\\Database\\Eloquent\\Builder->eagerLoadRelations()
#15 /home/obed/Bureau/my-api-project/vendor/laravel/framework/src/Illuminate/Database/Eloquent/Relations/Relation.php(212): Illuminate\\Database\\Eloquent\\Builder->get()
#16 /home/obed/Bureau/my-api-project/vendor/laravel/framework/src/Illuminate/Database/Eloquent/Relations/Relation.php(175): Illuminate\\Database\\Eloquent\\Relations\\Relation->get()
#17 /home/obed/Bureau/my-api-project/vendor/laravel/framework/src/Illuminate/Database/Eloquent/Builder.php(935): Illuminate\\Database\\Eloquent\\Relations\\Relation->getEager()
#18 /home/obed/Bureau/my-api-project/vendor/laravel/framework/src/Illuminate/Database/Eloquent/Builder.php(904): Illuminate\\Database\\Eloquent\\Builder->eagerLoadRelation()
#19 /home/obed/Bureau/my-api-project/vendor/laravel/framework/src/Illuminate/Database/Eloquent/Builder.php(870): Illuminate\\Database\\Eloquent\\Builder->eagerLoadRelations()
#20 /home/obed/Bureau/my-api-project/app/Http/Controllers/RendezVousController.php(198): Illuminate\\Database\\Eloquent\\Builder->get()
#21 /home/obed/Bureau/my-api-project/vendor/laravel/framework/src/Illuminate/Routing/ControllerDispatcher.php(46): App\\Http\\Controllers\\RendezVousController->getUserRdv()
#22 /home/obed/Bureau/my-api-project/vendor/laravel/framework/src/Illuminate/Routing/Route.php(265): Illuminate\\Routing\\ControllerDispatcher->dispatch()
#23 /home/obed/Bureau/my-api-project/vendor/laravel/framework/src/Illuminate/Routing/Route.php(211): Illuminate\\Routing\\Route->runController()
#24 /home/obed/Bureau/my-api-project/vendor/laravel/framework/src/Illuminate/Routing/Router.php(822): Illuminate\\Routing\\Route->run()
#25 /home/obed/Bureau/my-api-project/vendor/laravel/framework/src/Illuminate/Pipeline/Pipeline.php(180): Illuminate\\Routing\\Router->Illuminate\\Routing\\{closure}()
#26 /home/obed/Bureau/my-api-project/vendor/laravel/framework/src/Illuminate/Routing/Middleware/SubstituteBindings.php(50): Illuminate\\Pipeline\\Pipeline->Illuminate\\Pipeline\\{closure}()
#27 /home/obed/Bureau/my-api-project/vendor/laravel/framework/src/Illuminate/Pipeline/Pipeline.php(219): Illuminate\\Routing\\Middleware\\SubstituteBindings->handle()
#28 /home/obed/Bureau/my-api-project/vendor/laravel/sanctum/src/Http/Middleware/EnsureFrontendRequestsAreStateful.php(26): Illuminate\\Pipeline\\Pipeline->Illuminate\\Pipeline\\{closure}()
#29 /home/obed/Bureau/my-api-project/vendor/laravel/framework/src/Illuminate/Pipeline/Pipeline.php(180): Laravel\\Sanctum\\Http\\Middleware\\EnsureFrontendRequestsAreStateful->Laravel\\Sanctum\\Http\\Middleware\\{closure}()
#30 /home/obed/Bureau/my-api-project/vendor/laravel/framework/src/Illuminate/Pipeline/Pipeline.php(137): Illuminate\\Pipeline\\Pipeline->Illuminate\\Pipeline\\{closure}()
#31 /home/obed/Bureau/my-api-project/vendor/laravel/sanctum/src/Http/Middleware/EnsureFrontendRequestsAreStateful.php(25): Illuminate\\Pipeline\\Pipeline->then()
#32 /home/obed/Bureau/my-api-project/vendor/laravel/framework/src/Illuminate/Pipeline/Pipeline.php(219): Laravel\\Sanctum\\Http\\Middleware\\EnsureFrontendRequestsAreStateful->handle()
#33 /home/obed/Bureau/my-api-project/vendor/laravel/framework/src/Illuminate/Pipeline/Pipeline.php(137): Illuminate\\Pipeline\\Pipeline->Illuminate\\Pipeline\\{closure}()
#34 /home/obed/Bureau/my-api-project/vendor/laravel/framework/src/Illuminate/Routing/Router.php(821): Illuminate\\Pipeline\\Pipeline->then()
#35 /home/obed/Bureau/my-api-project/vendor/laravel/framework/src/Illuminate/Routing/Router.php(800): Illuminate\\Routing\\Router->runRouteWithinStack()
#36 /home/obed/Bureau/my-api-project/vendor/laravel/framework/src/Illuminate/Routing/Router.php(764): Illuminate\\Routing\\Router->runRoute()
#37 /home/obed/Bureau/my-api-project/vendor/laravel/framework/src/Illuminate/Routing/Router.php(753): Illuminate\\Routing\\Router->dispatchToRoute()
#38 /home/obed/Bureau/my-api-project/vendor/laravel/framework/src/Illuminate/Foundation/Http/Kernel.php(200): Illuminate\\Routing\\Router->dispatch()
#39 /home/obed/Bureau/my-api-project/vendor/laravel/framework/src/Illuminate/Pipeline/Pipeline.php(180): Illuminate\\Foundation\\Http\\Kernel->Illuminate\\Foundation\\Http\\{closure}()
#40 /home/obed/Bureau/my-api-project/vendor/laravel/framework/src/Illuminate/Foundation/Http/Middleware/TransformsRequest.php(21): Illuminate\\Pipeline\\Pipeline->Illuminate\\Pipeline\\{closure}()
#41 /home/obed/Bureau/my-api-project/vendor/laravel/framework/src/Illuminate/Foundation/Http/Middleware/ConvertEmptyStringsToNull.php(31): Illuminate\\Foundation\\Http\\Middleware\\TransformsRequest->handle()
#42 /home/obed/Bureau/my-api-project/vendor/laravel/framework/src/Illuminate/Pipeline/Pipeline.php(219): Illuminate\\Foundation\\Http\\Middleware\\ConvertEmptyStringsToNull->handle()
#43 /home/obed/Bureau/my-api-project/vendor/laravel/framework/src/Illuminate/Foundation/Http/Middleware/TransformsRequest.php(21): Illuminate\\Pipeline\\Pipeline->Illuminate\\Pipeline\\{closure}()
#44 /home/obed/Bureau/my-api-project/vendor/laravel/framework/src/Illuminate/Foundation/Http/Middleware/TrimStrings.php(51): Illuminate\\Foundation\\Http\\Middleware\\TransformsRequest->handle()
#45 /home/obed/Bureau/my-api-project/vendor/laravel/framework/src/Illuminate/Pipeline/Pipeline.php(219): Illuminate\\Foundation\\Http\\Middleware\\TrimStrings->handle()
#46 /home/obed/Bureau/my-api-project/vendor/laravel/framework/src/Illuminate/Http/Middleware/ValidatePostSize.php(27): Illuminate\\Pipeline\\Pipeline->Illuminate\\Pipeline\\{closure}()
#47 /home/obed/Bureau/my-api-project/vendor/laravel/framework/src/Illuminate/Pipeline/Pipeline.php(219): Illuminate\\Http\\Middleware\\ValidatePostSize->handle()
#48 /home/obed/Bureau/my-api-project/vendor/laravel/framework/src/Illuminate/Foundation/Http/Middleware/PreventRequestsDuringMaintenance.php(109): Illuminate\\Pipeline\\Pipeline->Illuminate\\Pipeline\\{closure}()
#49 /home/obed/Bureau/my-api-project/vendor/laravel/framework/src/Illuminate/Pipeline/Pipeline.php(219): Illuminate\\Foundation\\Http\\Middleware\\PreventRequestsDuringMaintenance->handle()
#50 /home/obed/Bureau/my-api-project/vendor/laravel/framework/src/Illuminate/Http/Middleware/HandleCors.php(61): Illuminate\\Pipeline\\Pipeline->Illuminate\\Pipeline\\{closure}()
#51 /home/obed/Bureau/my-api-project/vendor/laravel/framework/src/Illuminate/Pipeline/Pipeline.php(219): Illuminate\\Http\\Middleware\\HandleCors->handle()
#52 /home/obed/Bureau/my-api-project/vendor/laravel/framework/src/Illuminate/Http/Middleware/TrustProxies.php(58): Illuminate\\Pipeline\\Pipeline->Illuminate\\Pipeline\\{closure}()
#53 /home/obed/Bureau/my-api-project/vendor/laravel/framework/src/Illuminate/Pipeline/Pipeline.php(219): Illuminate\\Http\\Middleware\\TrustProxies->handle()
#54 /home/obed/Bureau/my-api-project/vendor/laravel/framework/src/Illuminate/Foundation/Http/Middleware/InvokeDeferredCallbacks.php(22): Illuminate\\Pipeline\\Pipeline->Illuminate\\Pipeline\\{closure}()
#55 /home/obed/Bureau/my-api-project/vendor/laravel/framework/src/Illuminate/Pipeline/Pipeline.php(219): Illuminate\\Foundation\\Http\\Middleware\\InvokeDeferredCallbacks->handle()
#56 /home/obed/Bureau/my-api-project/vendor/laravel/framework/src/Illuminate/Http/Middleware/ValidatePathEncoding.php(26): Illuminate\\Pipeline\\Pipeline->Illuminate\\Pipeline\\{closure}()
#57 /home/obed/Bureau/my-api-project/vendor/laravel/framework/src/Illuminate/Pipeline/Pipeline.php(219): Illuminate\\Http\\Middleware\\ValidatePathEncoding->handle()
#58 /home/obed/Bureau/my-api-project/vendor/laravel/framework/src/Illuminate/Pipeline/Pipeline.php(137): Illuminate\\Pipeline\\Pipeline->Illuminate\\Pipeline\\{closure}()
#59 /home/obed/Bureau/my-api-project/vendor/laravel/framework/src/Illuminate/Foundation/Http/Kernel.php(175): Illuminate\\Pipeline\\Pipeline->then()
#60 /home/obed/Bureau/my-api-project/vendor/laravel/framework/src/Illuminate/Foundation/Http/Kernel.php(144): Illuminate\\Foundation\\Http\\Kernel->sendRequestThroughRouter()
#61 /home/obed/Bureau/my-api-project/vendor/laravel/framework/src/Illuminate/Foundation/Application.php(1219): Illuminate\\Foundation\\Http\\Kernel->handle()
#62 /home/obed/Bureau/my-api-project/public/index.php(20): Illuminate\\Foundation\\Application->handleRequest()
#63 /home/obed/Bureau/my-api-project/vendor/laravel/framework/src/Illuminate/Foundation/resources/server.php(23): require_once('...')
#64 {main}
"} 
[2025-08-29 16:03:51] local.ERROR: SQLSTATE[42S22]: Column not found: 1054 Unknown column 'specialites.user_id' in 'where clause' (Connection: mysql, SQL: select * from `specialites` where `specialites`.`user_id` in (2) and `specialites`.`deleted_at` is null) {"exception":"[object] (Illuminate\\Database\\QueryException(code: 42S22): SQLSTATE[42S22]: Column not found: 1054 Unknown column 'specialites.user_id' in 'where clause' (Connection: mysql, SQL: select * from `specialites` where `specialites`.`user_id` in (2) and `specialites`.`deleted_at` is null) at /home/obed/Bureau/my-api-project/vendor/laravel/framework/src/Illuminate/Database/Connection.php:824)
[stacktrace]
#0 /home/obed/Bureau/my-api-project/vendor/laravel/framework/src/Illuminate/Database/Connection.php(778): Illuminate\\Database\\Connection->runQueryCallback()
#1 /home/obed/Bureau/my-api-project/vendor/laravel/framework/src/Illuminate/Database/Connection.php(397): Illuminate\\Database\\Connection->run()
#2 /home/obed/Bureau/my-api-project/vendor/laravel/framework/src/Illuminate/Database/Query/Builder.php(3188): Illuminate\\Database\\Connection->select()
#3 /home/obed/Bureau/my-api-project/vendor/laravel/framework/src/Illuminate/Database/Query/Builder.php(3173): Illuminate\\Database\\Query\\Builder->runSelect()
#4 /home/obed/Bureau/my-api-project/vendor/laravel/framework/src/Illuminate/Database/Query/Builder.php(3763): Illuminate\\Database\\Query\\Builder->Illuminate\\Database\\Query\\{closure}()
#5 /home/obed/Bureau/my-api-project/vendor/laravel/framework/src/Illuminate/Database/Query/Builder.php(3172): Illuminate\\Database\\Query\\Builder->onceWithColumns()
#6 /home/obed/Bureau/my-api-project/vendor/laravel/framework/src/Illuminate/Database/Eloquent/Builder.php(887): Illuminate\\Database\\Query\\Builder->get()
#7 /home/obed/Bureau/my-api-project/vendor/laravel/framework/src/Illuminate/Database/Eloquent/Builder.php(869): Illuminate\\Database\\Eloquent\\Builder->getModels()
#8 /home/obed/Bureau/my-api-project/vendor/laravel/framework/src/Illuminate/Database/Eloquent/Relations/Relation.php(212): Illuminate\\Database\\Eloquent\\Builder->get()
#9 /home/obed/Bureau/my-api-project/vendor/laravel/framework/src/Illuminate/Database/Eloquent/Relations/Relation.php(175): Illuminate\\Database\\Eloquent\\Relations\\Relation->get()
#10 /home/obed/Bureau/my-api-project/vendor/laravel/framework/src/Illuminate/Database/Eloquent/Builder.php(935): Illuminate\\Database\\Eloquent\\Relations\\Relation->getEager()
#11 /home/obed/Bureau/my-api-project/vendor/laravel/framework/src/Illuminate/Database/Eloquent/Builder.php(904): Illuminate\\Database\\Eloquent\\Builder->eagerLoadRelation()
#12 /home/obed/Bureau/my-api-project/vendor/laravel/framework/src/Illuminate/Database/Eloquent/Builder.php(870): Illuminate\\Database\\Eloquent\\Builder->eagerLoadRelations()
#13 /home/obed/Bureau/my-api-project/vendor/laravel/framework/src/Illuminate/Database/Eloquent/Relations/Relation.php(212): Illuminate\\Database\\Eloquent\\Builder->get()
#14 /home/obed/Bureau/my-api-project/vendor/laravel/framework/src/Illuminate/Database/Eloquent/Relations/Relation.php(175): Illuminate\\Database\\Eloquent\\Relations\\Relation->get()
#15 /home/obed/Bureau/my-api-project/vendor/laravel/framework/src/Illuminate/Database/Eloquent/Builder.php(935): Illuminate\\Database\\Eloquent\\Relations\\Relation->getEager()
#16 /home/obed/Bureau/my-api-project/vendor/laravel/framework/src/Illuminate/Database/Eloquent/Builder.php(904): Illuminate\\Database\\Eloquent\\Builder->eagerLoadRelation()
#17 /home/obed/Bureau/my-api-project/vendor/laravel/framework/src/Illuminate/Database/Eloquent/Builder.php(870): Illuminate\\Database\\Eloquent\\Builder->eagerLoadRelations()
#18 /home/obed/Bureau/my-api-project/app/Http/Controllers/RendezVousController.php(198): Illuminate\\Database\\Eloquent\\Builder->get()
#19 /home/obed/Bureau/my-api-project/vendor/laravel/framework/src/Illuminate/Routing/ControllerDispatcher.php(46): App\\Http\\Controllers\\RendezVousController->getUserRdv()
#20 /home/obed/Bureau/my-api-project/vendor/laravel/framework/src/Illuminate/Routing/Route.php(265): Illuminate\\Routing\\ControllerDispatcher->dispatch()
#21 /home/obed/Bureau/my-api-project/vendor/laravel/framework/src/Illuminate/Routing/Route.php(211): Illuminate\\Routing\\Route->runController()
#22 /home/obed/Bureau/my-api-project/vendor/laravel/framework/src/Illuminate/Routing/Router.php(822): Illuminate\\Routing\\Route->run()
#23 /home/obed/Bureau/my-api-project/vendor/laravel/framework/src/Illuminate/Pipeline/Pipeline.php(180): Illuminate\\Routing\\Router->Illuminate\\Routing\\{closure}()
#24 /home/obed/Bureau/my-api-project/vendor/laravel/framework/src/Illuminate/Routing/Middleware/SubstituteBindings.php(50): Illuminate\\Pipeline\\Pipeline->Illuminate\\Pipeline\\{closure}()
#25 /home/obed/Bureau/my-api-project/vendor/laravel/framework/src/Illuminate/Pipeline/Pipeline.php(219): Illuminate\\Routing\\Middleware\\SubstituteBindings->handle()
#26 /home/obed/Bureau/my-api-project/vendor/laravel/sanctum/src/Http/Middleware/EnsureFrontendRequestsAreStateful.php(26): Illuminate\\Pipeline\\Pipeline->Illuminate\\Pipeline\\{closure}()
#27 /home/obed/Bureau/my-api-project/vendor/laravel/framework/src/Illuminate/Pipeline/Pipeline.php(180): Laravel\\Sanctum\\Http\\Middleware\\EnsureFrontendRequestsAreStateful->Laravel\\Sanctum\\Http\\Middleware\\{closure}()
#28 /home/obed/Bureau/my-api-project/vendor/laravel/framework/src/Illuminate/Pipeline/Pipeline.php(137): Illuminate\\Pipeline\\Pipeline->Illuminate\\Pipeline\\{closure}()
#29 /home/obed/Bureau/my-api-project/vendor/laravel/sanctum/src/Http/Middleware/EnsureFrontendRequestsAreStateful.php(25): Illuminate\\Pipeline\\Pipeline->then()
#30 /home/obed/Bureau/my-api-project/vendor/laravel/framework/src/Illuminate/Pipeline/Pipeline.php(219): Laravel\\Sanctum\\Http\\Middleware\\EnsureFrontendRequestsAreStateful->handle()
#31 /home/obed/Bureau/my-api-project/vendor/laravel/framework/src/Illuminate/Pipeline/Pipeline.php(137): Illuminate\\Pipeline\\Pipeline->Illuminate\\Pipeline\\{closure}()
#32 /home/obed/Bureau/my-api-project/vendor/laravel/framework/src/Illuminate/Routing/Router.php(821): Illuminate\\Pipeline\\Pipeline->then()
#33 /home/obed/Bureau/my-api-project/vendor/laravel/framework/src/Illuminate/Routing/Router.php(800): Illuminate\\Routing\\Router->runRouteWithinStack()
#34 /home/obed/Bureau/my-api-project/vendor/laravel/framework/src/Illuminate/Routing/Router.php(764): Illuminate\\Routing\\Router->runRoute()
#35 /home/obed/Bureau/my-api-project/vendor/laravel/framework/src/Illuminate/Routing/Router.php(753): Illuminate\\Routing\\Router->dispatchToRoute()
#36 /home/obed/Bureau/my-api-project/vendor/laravel/framework/src/Illuminate/Foundation/Http/Kernel.php(200): Illuminate\\Routing\\Router->dispatch()
#37 /home/obed/Bureau/my-api-project/vendor/laravel/framework/src/Illuminate/Pipeline/Pipeline.php(180): Illuminate\\Foundation\\Http\\Kernel->Illuminate\\Foundation\\Http\\{closure}()
#38 /home/obed/Bureau/my-api-project/vendor/laravel/framework/src/Illuminate/Foundation/Http/Middleware/TransformsRequest.php(21): Illuminate\\Pipeline\\Pipeline->Illuminate\\Pipeline\\{closure}()
#39 /home/obed/Bureau/my-api-project/vendor/laravel/framework/src/Illuminate/Foundation/Http/Middleware/ConvertEmptyStringsToNull.php(31): Illuminate\\Foundation\\Http\\Middleware\\TransformsRequest->handle()
#40 /home/obed/Bureau/my-api-project/vendor/laravel/framework/src/Illuminate/Pipeline/Pipeline.php(219): Illuminate\\Foundation\\Http\\Middleware\\ConvertEmptyStringsToNull->handle()
#41 /home/obed/Bureau/my-api-project/vendor/laravel/framework/src/Illuminate/Foundation/Http/Middleware/TransformsRequest.php(21): Illuminate\\Pipeline\\Pipeline->Illuminate\\Pipeline\\{closure}()
#42 /home/obed/Bureau/my-api-project/vendor/laravel/framework/src/Illuminate/Foundation/Http/Middleware/TrimStrings.php(51): Illuminate\\Foundation\\Http\\Middleware\\TransformsRequest->handle()
#43 /home/obed/Bureau/my-api-project/vendor/laravel/framework/src/Illuminate/Pipeline/Pipeline.php(219): Illuminate\\Foundation\\Http\\Middleware\\TrimStrings->handle()
#44 /home/obed/Bureau/my-api-project/vendor/laravel/framework/src/Illuminate/Http/Middleware/ValidatePostSize.php(27): Illuminate\\Pipeline\\Pipeline->Illuminate\\Pipeline\\{closure}()
#45 /home/obed/Bureau/my-api-project/vendor/laravel/framework/src/Illuminate/Pipeline/Pipeline.php(219): Illuminate\\Http\\Middleware\\ValidatePostSize->handle()
#46 /home/obed/Bureau/my-api-project/vendor/laravel/framework/src/Illuminate/Foundation/Http/Middleware/PreventRequestsDuringMaintenance.php(109): Illuminate\\Pipeline\\Pipeline->Illuminate\\Pipeline\\{closure}()
#47 /home/obed/Bureau/my-api-project/vendor/laravel/framework/src/Illuminate/Pipeline/Pipeline.php(219): Illuminate\\Foundation\\Http\\Middleware\\PreventRequestsDuringMaintenance->handle()
#48 /home/obed/Bureau/my-api-project/vendor/laravel/framework/src/Illuminate/Http/Middleware/HandleCors.php(61): Illuminate\\Pipeline\\Pipeline->Illuminate\\Pipeline\\{closure}()
#49 /home/obed/Bureau/my-api-project/vendor/laravel/framework/src/Illuminate/Pipeline/Pipeline.php(219): Illuminate\\Http\\Middleware\\HandleCors->handle()
#50 /home/obed/Bureau/my-api-project/vendor/laravel/framework/src/Illuminate/Http/Middleware/TrustProxies.php(58): Illuminate\\Pipeline\\Pipeline->Illuminate\\Pipeline\\{closure}()
#51 /home/obed/Bureau/my-api-project/vendor/laravel/framework/src/Illuminate/Pipeline/Pipeline.php(219): Illuminate\\Http\\Middleware\\TrustProxies->handle()
#52 /home/obed/Bureau/my-api-project/vendor/laravel/framework/src/Illuminate/Foundation/Http/Middleware/InvokeDeferredCallbacks.php(22): Illuminate\\Pipeline\\Pipeline->Illuminate\\Pipeline\\{closure}()
#53 /home/obed/Bureau/my-api-project/vendor/laravel/framework/src/Illuminate/Pipeline/Pipeline.php(219): Illuminate\\Foundation\\Http\\Middleware\\InvokeDeferredCallbacks->handle()
#54 /home/obed/Bureau/my-api-project/vendor/laravel/framework/src/Illuminate/Http/Middleware/ValidatePathEncoding.php(26): Illuminate\\Pipeline\\Pipeline->Illuminate\\Pipeline\\{closure}()
#55 /home/obed/Bureau/my-api-project/vendor/laravel/framework/src/Illuminate/Pipeline/Pipeline.php(219): Illuminate\\Http\\Middleware\\ValidatePathEncoding->handle()
#56 /home/obed/Bureau/my-api-project/vendor/laravel/framework/src/Illuminate/Pipeline/Pipeline.php(137): Illuminate\\Pipeline\\Pipeline->Illuminate\\Pipeline\\{closure}()
#57 /home/obed/Bureau/my-api-project/vendor/laravel/framework/src/Illuminate/Foundation/Http/Kernel.php(175): Illuminate\\Pipeline\\Pipeline->then()
#58 /home/obed/Bureau/my-api-project/vendor/laravel/framework/src/Illuminate/Foundation/Http/Kernel.php(144): Illuminate\\Foundation\\Http\\Kernel->sendRequestThroughRouter()
#59 /home/obed/Bureau/my-api-project/vendor/laravel/framework/src/Illuminate/Foundation/Application.php(1219): Illuminate\\Foundation\\Http\\Kernel->handle()
#60 /home/obed/Bureau/my-api-project/public/index.php(20): Illuminate\\Foundation\\Application->handleRequest()
#61 /home/obed/Bureau/my-api-project/vendor/laravel/framework/src/Illuminate/Foundation/resources/server.php(23): require_once('...')
#62 {main}

[previous exception] [object] (PDOException(code: 42S22): SQLSTATE[42S22]: Column not found: 1054 Unknown column 'specialites.user_id' in 'where clause' at /home/obed/Bureau/my-api-project/vendor/laravel/framework/src/Illuminate/Database/Connection.php:406)
[stacktrace]
#0 /home/obed/Bureau/my-api-project/vendor/laravel/framework/src/Illuminate/Database/Connection.php(406): PDO->prepare()
#1 /home/obed/Bureau/my-api-project/vendor/laravel/framework/src/Illuminate/Database/Connection.php(811): Illuminate\\Database\\Connection->Illuminate\\Database\\{closure}()
#2 /home/obed/Bureau/my-api-project/vendor/laravel/framework/src/Illuminate/Database/Connection.php(778): Illuminate\\Database\\Connection->runQueryCallback()
#3 /home/obed/Bureau/my-api-project/vendor/laravel/framework/src/Illuminate/Database/Connection.php(397): Illuminate\\Database\\Connection->run()
#4 /home/obed/Bureau/my-api-project/vendor/laravel/framework/src/Illuminate/Database/Query/Builder.php(3188): Illuminate\\Database\\Connection->select()
#5 /home/obed/Bureau/my-api-project/vendor/laravel/framework/src/Illuminate/Database/Query/Builder.php(3173): Illuminate\\Database\\Query\\Builder->runSelect()
#6 /home/obed/Bureau/my-api-project/vendor/laravel/framework/src/Illuminate/Database/Query/Builder.php(3763): Illuminate\\Database\\Query\\Builder->Illuminate\\Database\\Query\\{closure}()
#7 /home/obed/Bureau/my-api-project/vendor/laravel/framework/src/Illuminate/Database/Query/Builder.php(3172): Illuminate\\Database\\Query\\Builder->onceWithColumns()
#8 /home/obed/Bureau/my-api-project/vendor/laravel/framework/src/Illuminate/Database/Eloquent/Builder.php(887): Illuminate\\Database\\Query\\Builder->get()
#9 /home/obed/Bureau/my-api-project/vendor/laravel/framework/src/Illuminate/Database/Eloquent/Builder.php(869): Illuminate\\Database\\Eloquent\\Builder->getModels()
#10 /home/obed/Bureau/my-api-project/vendor/laravel/framework/src/Illuminate/Database/Eloquent/Relations/Relation.php(212): Illuminate\\Database\\Eloquent\\Builder->get()
#11 /home/obed/Bureau/my-api-project/vendor/laravel/framework/src/Illuminate/Database/Eloquent/Relations/Relation.php(175): Illuminate\\Database\\Eloquent\\Relations\\Relation->get()
#12 /home/obed/Bureau/my-api-project/vendor/laravel/framework/src/Illuminate/Database/Eloquent/Builder.php(935): Illuminate\\Database\\Eloquent\\Relations\\Relation->getEager()
#13 /home/obed/Bureau/my-api-project/vendor/laravel/framework/src/Illuminate/Database/Eloquent/Builder.php(904): Illuminate\\Database\\Eloquent\\Builder->eagerLoadRelation()
#14 /home/obed/Bureau/my-api-project/vendor/laravel/framework/src/Illuminate/Database/Eloquent/Builder.php(870): Illuminate\\Database\\Eloquent\\Builder->eagerLoadRelations()
#15 /home/obed/Bureau/my-api-project/vendor/laravel/framework/src/Illuminate/Database/Eloquent/Relations/Relation.php(212): Illuminate\\Database\\Eloquent\\Builder->get()
#16 /home/obed/Bureau/my-api-project/vendor/laravel/framework/src/Illuminate/Database/Eloquent/Relations/Relation.php(175): Illuminate\\Database\\Eloquent\\Relations\\Relation->get()
#17 /home/obed/Bureau/my-api-project/vendor/laravel/framework/src/Illuminate/Database/Eloquent/Builder.php(935): Illuminate\\Database\\Eloquent\\Relations\\Relation->getEager()
#18 /home/obed/Bureau/my-api-project/vendor/laravel/framework/src/Illuminate/Database/Eloquent/Builder.php(904): Illuminate\\Database\\Eloquent\\Builder->eagerLoadRelation()
#19 /home/obed/Bureau/my-api-project/vendor/laravel/framework/src/Illuminate/Database/Eloquent/Builder.php(870): Illuminate\\Database\\Eloquent\\Builder->eagerLoadRelations()
#20 /home/obed/Bureau/my-api-project/app/Http/Controllers/RendezVousController.php(198): Illuminate\\Database\\Eloquent\\Builder->get()
#21 /home/obed/Bureau/my-api-project/vendor/laravel/framework/src/Illuminate/Routing/ControllerDispatcher.php(46): App\\Http\\Controllers\\RendezVousController->getUserRdv()
#22 /home/obed/Bureau/my-api-project/vendor/laravel/framework/src/Illuminate/Routing/Route.php(265): Illuminate\\Routing\\ControllerDispatcher->dispatch()
#23 /home/obed/Bureau/my-api-project/vendor/laravel/framework/src/Illuminate/Routing/Route.php(211): Illuminate\\Routing\\Route->runController()
#24 /home/obed/Bureau/my-api-project/vendor/laravel/framework/src/Illuminate/Routing/Router.php(822): Illuminate\\Routing\\Route->run()
#25 /home/obed/Bureau/my-api-project/vendor/laravel/framework/src/Illuminate/Pipeline/Pipeline.php(180): Illuminate\\Routing\\Router->Illuminate\\Routing\\{closure}()
#26 /home/obed/Bureau/my-api-project/vendor/laravel/framework/src/Illuminate/Routing/Middleware/SubstituteBindings.php(50): Illuminate\\Pipeline\\Pipeline->Illuminate\\Pipeline\\{closure}()
#27 /home/obed/Bureau/my-api-project/vendor/laravel/framework/src/Illuminate/Pipeline/Pipeline.php(219): Illuminate\\Routing\\Middleware\\SubstituteBindings->handle()
#28 /home/obed/Bureau/my-api-project/vendor/laravel/sanctum/src/Http/Middleware/EnsureFrontendRequestsAreStateful.php(26): Illuminate\\Pipeline\\Pipeline->Illuminate\\Pipeline\\{closure}()
#29 /home/obed/Bureau/my-api-project/vendor/laravel/framework/src/Illuminate/Pipeline/Pipeline.php(180): Laravel\\Sanctum\\Http\\Middleware\\EnsureFrontendRequestsAreStateful->Laravel\\Sanctum\\Http\\Middleware\\{closure}()
#30 /home/obed/Bureau/my-api-project/vendor/laravel/framework/src/Illuminate/Pipeline/Pipeline.php(137): Illuminate\\Pipeline\\Pipeline->Illuminate\\Pipeline\\{closure}()
#31 /home/obed/Bureau/my-api-project/vendor/laravel/sanctum/src/Http/Middleware/EnsureFrontendRequestsAreStateful.php(25): Illuminate\\Pipeline\\Pipeline->then()
#32 /home/obed/Bureau/my-api-project/vendor/laravel/framework/src/Illuminate/Pipeline/Pipeline.php(219): Laravel\\Sanctum\\Http\\Middleware\\EnsureFrontendRequestsAreStateful->handle()
#33 /home/obed/Bureau/my-api-project/vendor/laravel/framework/src/Illuminate/Pipeline/Pipeline.php(137): Illuminate\\Pipeline\\Pipeline->Illuminate\\Pipeline\\{closure}()
#34 /home/obed/Bureau/my-api-project/vendor/laravel/framework/src/Illuminate/Routing/Router.php(821): Illuminate\\Pipeline\\Pipeline->then()
#35 /home/obed/Bureau/my-api-project/vendor/laravel/framework/src/Illuminate/Routing/Router.php(800): Illuminate\\Routing\\Router->runRouteWithinStack()
#36 /home/obed/Bureau/my-api-project/vendor/laravel/framework/src/Illuminate/Routing/Router.php(764): Illuminate\\Routing\\Router->runRoute()
#37 /home/obed/Bureau/my-api-project/vendor/laravel/framework/src/Illuminate/Routing/Router.php(753): Illuminate\\Routing\\Router->dispatchToRoute()
#38 /home/obed/Bureau/my-api-project/vendor/laravel/framework/src/Illuminate/Foundation/Http/Kernel.php(200): Illuminate\\Routing\\Router->dispatch()
#39 /home/obed/Bureau/my-api-project/vendor/laravel/framework/src/Illuminate/Pipeline/Pipeline.php(180): Illuminate\\Foundation\\Http\\Kernel->Illuminate\\Foundation\\Http\\{closure}()
#40 /home/obed/Bureau/my-api-project/vendor/laravel/framework/src/Illuminate/Foundation/Http/Middleware/TransformsRequest.php(21): Illuminate\\Pipeline\\Pipeline->Illuminate\\Pipeline\\{closure}()
#41 /home/obed/Bureau/my-api-project/vendor/laravel/framework/src/Illuminate/Foundation/Http/Middleware/ConvertEmptyStringsToNull.php(31): Illuminate\\Foundation\\Http\\Middleware\\TransformsRequest->handle()
#42 /home/obed/Bureau/my-api-project/vendor/laravel/framework/src/Illuminate/Pipeline/Pipeline.php(219): Illuminate\\Foundation\\Http\\Middleware\\ConvertEmptyStringsToNull->handle()
#43 /home/obed/Bureau/my-api-project/vendor/laravel/framework/src/Illuminate/Foundation/Http/Middleware/TransformsRequest.php(21): Illuminate\\Pipeline\\Pipeline->Illuminate\\Pipeline\\{closure}()
#44 /home/obed/Bureau/my-api-project/vendor/laravel/framework/src/Illuminate/Foundation/Http/Middleware/TrimStrings.php(51): Illuminate\\Foundation\\Http\\Middleware\\TransformsRequest->handle()
#45 /home/obed/Bureau/my-api-project/vendor/laravel/framework/src/Illuminate/Pipeline/Pipeline.php(219): Illuminate\\Foundation\\Http\\Middleware\\TrimStrings->handle()
#46 /home/obed/Bureau/my-api-project/vendor/laravel/framework/src/Illuminate/Http/Middleware/ValidatePostSize.php(27): Illuminate\\Pipeline\\Pipeline->Illuminate\\Pipeline\\{closure}()
#47 /home/obed/Bureau/my-api-project/vendor/laravel/framework/src/Illuminate/Pipeline/Pipeline.php(219): Illuminate\\Http\\Middleware\\ValidatePostSize->handle()
#48 /home/obed/Bureau/my-api-project/vendor/laravel/framework/src/Illuminate/Foundation/Http/Middleware/PreventRequestsDuringMaintenance.php(109): Illuminate\\Pipeline\\Pipeline->Illuminate\\Pipeline\\{closure}()
#49 /home/obed/Bureau/my-api-project/vendor/laravel/framework/src/Illuminate/Pipeline/Pipeline.php(219): Illuminate\\Foundation\\Http\\Middleware\\PreventRequestsDuringMaintenance->handle()
#50 /home/obed/Bureau/my-api-project/vendor/laravel/framework/src/Illuminate/Http/Middleware/HandleCors.php(61): Illuminate\\Pipeline\\Pipeline->Illuminate\\Pipeline\\{closure}()
#51 /home/obed/Bureau/my-api-project/vendor/laravel/framework/src/Illuminate/Pipeline/Pipeline.php(219): Illuminate\\Http\\Middleware\\HandleCors->handle()
#52 /home/obed/Bureau/my-api-project/vendor/laravel/framework/src/Illuminate/Http/Middleware/TrustProxies.php(58): Illuminate\\Pipeline\\Pipeline->Illuminate\\Pipeline\\{closure}()
#53 /home/obed/Bureau/my-api-project/vendor/laravel/framework/src/Illuminate/Pipeline/Pipeline.php(219): Illuminate\\Http\\Middleware\\TrustProxies->handle()
#54 /home/obed/Bureau/my-api-project/vendor/laravel/framework/src/Illuminate/Foundation/Http/Middleware/InvokeDeferredCallbacks.php(22): Illuminate\\Pipeline\\Pipeline->Illuminate\\Pipeline\\{closure}()
#55 /home/obed/Bureau/my-api-project/vendor/laravel/framework/src/Illuminate/Pipeline/Pipeline.php(219): Illuminate\\Foundation\\Http\\Middleware\\InvokeDeferredCallbacks->handle()
#56 /home/obed/Bureau/my-api-project/vendor/laravel/framework/src/Illuminate/Http/Middleware/ValidatePathEncoding.php(26): Illuminate\\Pipeline\\Pipeline->Illuminate\\Pipeline\\{closure}()
#57 /home/obed/Bureau/my-api-project/vendor/laravel/framework/src/Illuminate/Pipeline/Pipeline.php(219): Illuminate\\Http\\Middleware\\ValidatePathEncoding->handle()
#58 /home/obed/Bureau/my-api-project/vendor/laravel/framework/src/Illuminate/Pipeline/Pipeline.php(137): Illuminate\\Pipeline\\Pipeline->Illuminate\\Pipeline\\{closure}()
#59 /home/obed/Bureau/my-api-project/vendor/laravel/framework/src/Illuminate/Foundation/Http/Kernel.php(175): Illuminate\\Pipeline\\Pipeline->then()
#60 /home/obed/Bureau/my-api-project/vendor/laravel/framework/src/Illuminate/Foundation/Http/Kernel.php(144): Illuminate\\Foundation\\Http\\Kernel->sendRequestThroughRouter()
#61 /home/obed/Bureau/my-api-project/vendor/laravel/framework/src/Illuminate/Foundation/Application.php(1219): Illuminate\\Foundation\\Http\\Kernel->handle()
#62 /home/obed/Bureau/my-api-project/public/index.php(20): Illuminate\\Foundation\\Application->handleRequest()
#63 /home/obed/Bureau/my-api-project/vendor/laravel/framework/src/Illuminate/Foundation/resources/server.php(23): require_once('...')
#64 {main}
"} 
[2025-08-29 16:05:11] local.ERROR: SQLSTATE[42S22]: Column not found: 1054 Unknown column 'specialites.user_id' in 'where clause' (Connection: mysql, SQL: select * from `specialites` where `specialites`.`user_id` in (2) and `specialites`.`deleted_at` is null) {"exception":"[object] (Illuminate\\Database\\QueryException(code: 42S22): SQLSTATE[42S22]: Column not found: 1054 Unknown column 'specialites.user_id' in 'where clause' (Connection: mysql, SQL: select * from `specialites` where `specialites`.`user_id` in (2) and `specialites`.`deleted_at` is null) at /home/obed/Bureau/my-api-project/vendor/laravel/framework/src/Illuminate/Database/Connection.php:824)
[stacktrace]
#0 /home/obed/Bureau/my-api-project/vendor/laravel/framework/src/Illuminate/Database/Connection.php(778): Illuminate\\Database\\Connection->runQueryCallback()
#1 /home/obed/Bureau/my-api-project/vendor/laravel/framework/src/Illuminate/Database/Connection.php(397): Illuminate\\Database\\Connection->run()
#2 /home/obed/Bureau/my-api-project/vendor/laravel/framework/src/Illuminate/Database/Query/Builder.php(3188): Illuminate\\Database\\Connection->select()
#3 /home/obed/Bureau/my-api-project/vendor/laravel/framework/src/Illuminate/Database/Query/Builder.php(3173): Illuminate\\Database\\Query\\Builder->runSelect()
#4 /home/obed/Bureau/my-api-project/vendor/laravel/framework/src/Illuminate/Database/Query/Builder.php(3763): Illuminate\\Database\\Query\\Builder->Illuminate\\Database\\Query\\{closure}()
#5 /home/obed/Bureau/my-api-project/vendor/laravel/framework/src/Illuminate/Database/Query/Builder.php(3172): Illuminate\\Database\\Query\\Builder->onceWithColumns()
#6 /home/obed/Bureau/my-api-project/vendor/laravel/framework/src/Illuminate/Database/Eloquent/Builder.php(887): Illuminate\\Database\\Query\\Builder->get()
#7 /home/obed/Bureau/my-api-project/vendor/laravel/framework/src/Illuminate/Database/Eloquent/Builder.php(869): Illuminate\\Database\\Eloquent\\Builder->getModels()
#8 /home/obed/Bureau/my-api-project/vendor/laravel/framework/src/Illuminate/Database/Eloquent/Relations/Relation.php(212): Illuminate\\Database\\Eloquent\\Builder->get()
#9 /home/obed/Bureau/my-api-project/vendor/laravel/framework/src/Illuminate/Database/Eloquent/Relations/Relation.php(175): Illuminate\\Database\\Eloquent\\Relations\\Relation->get()
#10 /home/obed/Bureau/my-api-project/vendor/laravel/framework/src/Illuminate/Database/Eloquent/Builder.php(935): Illuminate\\Database\\Eloquent\\Relations\\Relation->getEager()
#11 /home/obed/Bureau/my-api-project/vendor/laravel/framework/src/Illuminate/Database/Eloquent/Builder.php(904): Illuminate\\Database\\Eloquent\\Builder->eagerLoadRelation()
#12 /home/obed/Bureau/my-api-project/vendor/laravel/framework/src/Illuminate/Database/Eloquent/Builder.php(870): Illuminate\\Database\\Eloquent\\Builder->eagerLoadRelations()
#13 /home/obed/Bureau/my-api-project/vendor/laravel/framework/src/Illuminate/Database/Eloquent/Relations/Relation.php(212): Illuminate\\Database\\Eloquent\\Builder->get()
#14 /home/obed/Bureau/my-api-project/vendor/laravel/framework/src/Illuminate/Database/Eloquent/Relations/Relation.php(175): Illuminate\\Database\\Eloquent\\Relations\\Relation->get()
#15 /home/obed/Bureau/my-api-project/vendor/laravel/framework/src/Illuminate/Database/Eloquent/Builder.php(935): Illuminate\\Database\\Eloquent\\Relations\\Relation->getEager()
#16 /home/obed/Bureau/my-api-project/vendor/laravel/framework/src/Illuminate/Database/Eloquent/Builder.php(904): Illuminate\\Database\\Eloquent\\Builder->eagerLoadRelation()
#17 /home/obed/Bureau/my-api-project/vendor/laravel/framework/src/Illuminate/Database/Eloquent/Builder.php(870): Illuminate\\Database\\Eloquent\\Builder->eagerLoadRelations()
#18 /home/obed/Bureau/my-api-project/app/Http/Controllers/RendezVousController.php(198): Illuminate\\Database\\Eloquent\\Builder->get()
#19 /home/obed/Bureau/my-api-project/vendor/laravel/framework/src/Illuminate/Routing/ControllerDispatcher.php(46): App\\Http\\Controllers\\RendezVousController->getUserRdv()
#20 /home/obed/Bureau/my-api-project/vendor/laravel/framework/src/Illuminate/Routing/Route.php(265): Illuminate\\Routing\\ControllerDispatcher->dispatch()
#21 /home/obed/Bureau/my-api-project/vendor/laravel/framework/src/Illuminate/Routing/Route.php(211): Illuminate\\Routing\\Route->runController()
#22 /home/obed/Bureau/my-api-project/vendor/laravel/framework/src/Illuminate/Routing/Router.php(822): Illuminate\\Routing\\Route->run()
#23 /home/obed/Bureau/my-api-project/vendor/laravel/framework/src/Illuminate/Pipeline/Pipeline.php(180): Illuminate\\Routing\\Router->Illuminate\\Routing\\{closure}()
#24 /home/obed/Bureau/my-api-project/vendor/laravel/framework/src/Illuminate/Routing/Middleware/SubstituteBindings.php(50): Illuminate\\Pipeline\\Pipeline->Illuminate\\Pipeline\\{closure}()
#25 /home/obed/Bureau/my-api-project/vendor/laravel/framework/src/Illuminate/Pipeline/Pipeline.php(219): Illuminate\\Routing\\Middleware\\SubstituteBindings->handle()
#26 /home/obed/Bureau/my-api-project/vendor/laravel/sanctum/src/Http/Middleware/EnsureFrontendRequestsAreStateful.php(26): Illuminate\\Pipeline\\Pipeline->Illuminate\\Pipeline\\{closure}()
#27 /home/obed/Bureau/my-api-project/vendor/laravel/framework/src/Illuminate/Pipeline/Pipeline.php(180): Laravel\\Sanctum\\Http\\Middleware\\EnsureFrontendRequestsAreStateful->Laravel\\Sanctum\\Http\\Middleware\\{closure}()
#28 /home/obed/Bureau/my-api-project/vendor/laravel/framework/src/Illuminate/Pipeline/Pipeline.php(137): Illuminate\\Pipeline\\Pipeline->Illuminate\\Pipeline\\{closure}()
#29 /home/obed/Bureau/my-api-project/vendor/laravel/sanctum/src/Http/Middleware/EnsureFrontendRequestsAreStateful.php(25): Illuminate\\Pipeline\\Pipeline->then()
#30 /home/obed/Bureau/my-api-project/vendor/laravel/framework/src/Illuminate/Pipeline/Pipeline.php(219): Laravel\\Sanctum\\Http\\Middleware\\EnsureFrontendRequestsAreStateful->handle()
#31 /home/obed/Bureau/my-api-project/vendor/laravel/framework/src/Illuminate/Pipeline/Pipeline.php(137): Illuminate\\Pipeline\\Pipeline->Illuminate\\Pipeline\\{closure}()
#32 /home/obed/Bureau/my-api-project/vendor/laravel/framework/src/Illuminate/Routing/Router.php(821): Illuminate\\Pipeline\\Pipeline->then()
#33 /home/obed/Bureau/my-api-project/vendor/laravel/framework/src/Illuminate/Routing/Router.php(800): Illuminate\\Routing\\Router->runRouteWithinStack()
#34 /home/obed/Bureau/my-api-project/vendor/laravel/framework/src/Illuminate/Routing/Router.php(764): Illuminate\\Routing\\Router->runRoute()
#35 /home/obed/Bureau/my-api-project/vendor/laravel/framework/src/Illuminate/Routing/Router.php(753): Illuminate\\Routing\\Router->dispatchToRoute()
#36 /home/obed/Bureau/my-api-project/vendor/laravel/framework/src/Illuminate/Foundation/Http/Kernel.php(200): Illuminate\\Routing\\Router->dispatch()
#37 /home/obed/Bureau/my-api-project/vendor/laravel/framework/src/Illuminate/Pipeline/Pipeline.php(180): Illuminate\\Foundation\\Http\\Kernel->Illuminate\\Foundation\\Http\\{closure}()
#38 /home/obed/Bureau/my-api-project/vendor/laravel/framework/src/Illuminate/Foundation/Http/Middleware/TransformsRequest.php(21): Illuminate\\Pipeline\\Pipeline->Illuminate\\Pipeline\\{closure}()
#39 /home/obed/Bureau/my-api-project/vendor/laravel/framework/src/Illuminate/Foundation/Http/Middleware/ConvertEmptyStringsToNull.php(31): Illuminate\\Foundation\\Http\\Middleware\\TransformsRequest->handle()
#40 /home/obed/Bureau/my-api-project/vendor/laravel/framework/src/Illuminate/Pipeline/Pipeline.php(219): Illuminate\\Foundation\\Http\\Middleware\\ConvertEmptyStringsToNull->handle()
#41 /home/obed/Bureau/my-api-project/vendor/laravel/framework/src/Illuminate/Foundation/Http/Middleware/TransformsRequest.php(21): Illuminate\\Pipeline\\Pipeline->Illuminate\\Pipeline\\{closure}()
#42 /home/obed/Bureau/my-api-project/vendor/laravel/framework/src/Illuminate/Foundation/Http/Middleware/TrimStrings.php(51): Illuminate\\Foundation\\Http\\Middleware\\TransformsRequest->handle()
#43 /home/obed/Bureau/my-api-project/vendor/laravel/framework/src/Illuminate/Pipeline/Pipeline.php(219): Illuminate\\Foundation\\Http\\Middleware\\TrimStrings->handle()
#44 /home/obed/Bureau/my-api-project/vendor/laravel/framework/src/Illuminate/Http/Middleware/ValidatePostSize.php(27): Illuminate\\Pipeline\\Pipeline->Illuminate\\Pipeline\\{closure}()
#45 /home/obed/Bureau/my-api-project/vendor/laravel/framework/src/Illuminate/Pipeline/Pipeline.php(219): Illuminate\\Http\\Middleware\\ValidatePostSize->handle()
#46 /home/obed/Bureau/my-api-project/vendor/laravel/framework/src/Illuminate/Foundation/Http/Middleware/PreventRequestsDuringMaintenance.php(109): Illuminate\\Pipeline\\Pipeline->Illuminate\\Pipeline\\{closure}()
#47 /home/obed/Bureau/my-api-project/vendor/laravel/framework/src/Illuminate/Pipeline/Pipeline.php(219): Illuminate\\Foundation\\Http\\Middleware\\PreventRequestsDuringMaintenance->handle()
#48 /home/obed/Bureau/my-api-project/vendor/laravel/framework/src/Illuminate/Http/Middleware/HandleCors.php(61): Illuminate\\Pipeline\\Pipeline->Illuminate\\Pipeline\\{closure}()
#49 /home/obed/Bureau/my-api-project/vendor/laravel/framework/src/Illuminate/Pipeline/Pipeline.php(219): Illuminate\\Http\\Middleware\\HandleCors->handle()
#50 /home/obed/Bureau/my-api-project/vendor/laravel/framework/src/Illuminate/Http/Middleware/TrustProxies.php(58): Illuminate\\Pipeline\\Pipeline->Illuminate\\Pipeline\\{closure}()
#51 /home/obed/Bureau/my-api-project/vendor/laravel/framework/src/Illuminate/Pipeline/Pipeline.php(219): Illuminate\\Http\\Middleware\\TrustProxies->handle()
#52 /home/obed/Bureau/my-api-project/vendor/laravel/framework/src/Illuminate/Foundation/Http/Middleware/InvokeDeferredCallbacks.php(22): Illuminate\\Pipeline\\Pipeline->Illuminate\\Pipeline\\{closure}()
#53 /home/obed/Bureau/my-api-project/vendor/laravel/framework/src/Illuminate/Pipeline/Pipeline.php(219): Illuminate\\Foundation\\Http\\Middleware\\InvokeDeferredCallbacks->handle()
#54 /home/obed/Bureau/my-api-project/vendor/laravel/framework/src/Illuminate/Http/Middleware/ValidatePathEncoding.php(26): Illuminate\\Pipeline\\Pipeline->Illuminate\\Pipeline\\{closure}()
#55 /home/obed/Bureau/my-api-project/vendor/laravel/framework/src/Illuminate/Pipeline/Pipeline.php(219): Illuminate\\Http\\Middleware\\ValidatePathEncoding->handle()
#56 /home/obed/Bureau/my-api-project/vendor/laravel/framework/src/Illuminate/Pipeline/Pipeline.php(137): Illuminate\\Pipeline\\Pipeline->Illuminate\\Pipeline\\{closure}()
#57 /home/obed/Bureau/my-api-project/vendor/laravel/framework/src/Illuminate/Foundation/Http/Kernel.php(175): Illuminate\\Pipeline\\Pipeline->then()
#58 /home/obed/Bureau/my-api-project/vendor/laravel/framework/src/Illuminate/Foundation/Http/Kernel.php(144): Illuminate\\Foundation\\Http\\Kernel->sendRequestThroughRouter()
#59 /home/obed/Bureau/my-api-project/vendor/laravel/framework/src/Illuminate/Foundation/Application.php(1219): Illuminate\\Foundation\\Http\\Kernel->handle()
#60 /home/obed/Bureau/my-api-project/public/index.php(20): Illuminate\\Foundation\\Application->handleRequest()
#61 /home/obed/Bureau/my-api-project/vendor/laravel/framework/src/Illuminate/Foundation/resources/server.php(23): require_once('...')
#62 {main}

[previous exception] [object] (PDOException(code: 42S22): SQLSTATE[42S22]: Column not found: 1054 Unknown column 'specialites.user_id' in 'where clause' at /home/obed/Bureau/my-api-project/vendor/laravel/framework/src/Illuminate/Database/Connection.php:406)
[stacktrace]
#0 /home/obed/Bureau/my-api-project/vendor/laravel/framework/src/Illuminate/Database/Connection.php(406): PDO->prepare()
#1 /home/obed/Bureau/my-api-project/vendor/laravel/framework/src/Illuminate/Database/Connection.php(811): Illuminate\\Database\\Connection->Illuminate\\Database\\{closure}()
#2 /home/obed/Bureau/my-api-project/vendor/laravel/framework/src/Illuminate/Database/Connection.php(778): Illuminate\\Database\\Connection->runQueryCallback()
#3 /home/obed/Bureau/my-api-project/vendor/laravel/framework/src/Illuminate/Database/Connection.php(397): Illuminate\\Database\\Connection->run()
#4 /home/obed/Bureau/my-api-project/vendor/laravel/framework/src/Illuminate/Database/Query/Builder.php(3188): Illuminate\\Database\\Connection->select()
#5 /home/obed/Bureau/my-api-project/vendor/laravel/framework/src/Illuminate/Database/Query/Builder.php(3173): Illuminate\\Database\\Query\\Builder->runSelect()
#6 /home/obed/Bureau/my-api-project/vendor/laravel/framework/src/Illuminate/Database/Query/Builder.php(3763): Illuminate\\Database\\Query\\Builder->Illuminate\\Database\\Query\\{closure}()
#7 /home/obed/Bureau/my-api-project/vendor/laravel/framework/src/Illuminate/Database/Query/Builder.php(3172): Illuminate\\Database\\Query\\Builder->onceWithColumns()
#8 /home/obed/Bureau/my-api-project/vendor/laravel/framework/src/Illuminate/Database/Eloquent/Builder.php(887): Illuminate\\Database\\Query\\Builder->get()
#9 /home/obed/Bureau/my-api-project/vendor/laravel/framework/src/Illuminate/Database/Eloquent/Builder.php(869): Illuminate\\Database\\Eloquent\\Builder->getModels()
#10 /home/obed/Bureau/my-api-project/vendor/laravel/framework/src/Illuminate/Database/Eloquent/Relations/Relation.php(212): Illuminate\\Database\\Eloquent\\Builder->get()
#11 /home/obed/Bureau/my-api-project/vendor/laravel/framework/src/Illuminate/Database/Eloquent/Relations/Relation.php(175): Illuminate\\Database\\Eloquent\\Relations\\Relation->get()
#12 /home/obed/Bureau/my-api-project/vendor/laravel/framework/src/Illuminate/Database/Eloquent/Builder.php(935): Illuminate\\Database\\Eloquent\\Relations\\Relation->getEager()
#13 /home/obed/Bureau/my-api-project/vendor/laravel/framework/src/Illuminate/Database/Eloquent/Builder.php(904): Illuminate\\Database\\Eloquent\\Builder->eagerLoadRelation()
#14 /home/obed/Bureau/my-api-project/vendor/laravel/framework/src/Illuminate/Database/Eloquent/Builder.php(870): Illuminate\\Database\\Eloquent\\Builder->eagerLoadRelations()
#15 /home/obed/Bureau/my-api-project/vendor/laravel/framework/src/Illuminate/Database/Eloquent/Relations/Relation.php(212): Illuminate\\Database\\Eloquent\\Builder->get()
#16 /home/obed/Bureau/my-api-project/vendor/laravel/framework/src/Illuminate/Database/Eloquent/Relations/Relation.php(175): Illuminate\\Database\\Eloquent\\Relations\\Relation->get()
#17 /home/obed/Bureau/my-api-project/vendor/laravel/framework/src/Illuminate/Database/Eloquent/Builder.php(935): Illuminate\\Database\\Eloquent\\Relations\\Relation->getEager()
#18 /home/obed/Bureau/my-api-project/vendor/laravel/framework/src/Illuminate/Database/Eloquent/Builder.php(904): Illuminate\\Database\\Eloquent\\Builder->eagerLoadRelation()
#19 /home/obed/Bureau/my-api-project/vendor/laravel/framework/src/Illuminate/Database/Eloquent/Builder.php(870): Illuminate\\Database\\Eloquent\\Builder->eagerLoadRelations()
#20 /home/obed/Bureau/my-api-project/app/Http/Controllers/RendezVousController.php(198): Illuminate\\Database\\Eloquent\\Builder->get()
#21 /home/obed/Bureau/my-api-project/vendor/laravel/framework/src/Illuminate/Routing/ControllerDispatcher.php(46): App\\Http\\Controllers\\RendezVousController->getUserRdv()
#22 /home/obed/Bureau/my-api-project/vendor/laravel/framework/src/Illuminate/Routing/Route.php(265): Illuminate\\Routing\\ControllerDispatcher->dispatch()
#23 /home/obed/Bureau/my-api-project/vendor/laravel/framework/src/Illuminate/Routing/Route.php(211): Illuminate\\Routing\\Route->runController()
#24 /home/obed/Bureau/my-api-project/vendor/laravel/framework/src/Illuminate/Routing/Router.php(822): Illuminate\\Routing\\Route->run()
#25 /home/obed/Bureau/my-api-project/vendor/laravel/framework/src/Illuminate/Pipeline/Pipeline.php(180): Illuminate\\Routing\\Router->Illuminate\\Routing\\{closure}()
#26 /home/obed/Bureau/my-api-project/vendor/laravel/framework/src/Illuminate/Routing/Middleware/SubstituteBindings.php(50): Illuminate\\Pipeline\\Pipeline->Illuminate\\Pipeline\\{closure}()
#27 /home/obed/Bureau/my-api-project/vendor/laravel/framework/src/Illuminate/Pipeline/Pipeline.php(219): Illuminate\\Routing\\Middleware\\SubstituteBindings->handle()
#28 /home/obed/Bureau/my-api-project/vendor/laravel/sanctum/src/Http/Middleware/EnsureFrontendRequestsAreStateful.php(26): Illuminate\\Pipeline\\Pipeline->Illuminate\\Pipeline\\{closure}()
#29 /home/obed/Bureau/my-api-project/vendor/laravel/framework/src/Illuminate/Pipeline/Pipeline.php(180): Laravel\\Sanctum\\Http\\Middleware\\EnsureFrontendRequestsAreStateful->Laravel\\Sanctum\\Http\\Middleware\\{closure}()
#30 /home/obed/Bureau/my-api-project/vendor/laravel/framework/src/Illuminate/Pipeline/Pipeline.php(137): Illuminate\\Pipeline\\Pipeline->Illuminate\\Pipeline\\{closure}()
#31 /home/obed/Bureau/my-api-project/vendor/laravel/sanctum/src/Http/Middleware/EnsureFrontendRequestsAreStateful.php(25): Illuminate\\Pipeline\\Pipeline->then()
#32 /home/obed/Bureau/my-api-project/vendor/laravel/framework/src/Illuminate/Pipeline/Pipeline.php(219): Laravel\\Sanctum\\Http\\Middleware\\EnsureFrontendRequestsAreStateful->handle()
#33 /home/obed/Bureau/my-api-project/vendor/laravel/framework/src/Illuminate/Pipeline/Pipeline.php(137): Illuminate\\Pipeline\\Pipeline->Illuminate\\Pipeline\\{closure}()
#34 /home/obed/Bureau/my-api-project/vendor/laravel/framework/src/Illuminate/Routing/Router.php(821): Illuminate\\Pipeline\\Pipeline->then()
#35 /home/obed/Bureau/my-api-project/vendor/laravel/framework/src/Illuminate/Routing/Router.php(800): Illuminate\\Routing\\Router->runRouteWithinStack()
#36 /home/obed/Bureau/my-api-project/vendor/laravel/framework/src/Illuminate/Routing/Router.php(764): Illuminate\\Routing\\Router->runRoute()
#37 /home/obed/Bureau/my-api-project/vendor/laravel/framework/src/Illuminate/Routing/Router.php(753): Illuminate\\Routing\\Router->dispatchToRoute()
#38 /home/obed/Bureau/my-api-project/vendor/laravel/framework/src/Illuminate/Foundation/Http/Kernel.php(200): Illuminate\\Routing\\Router->dispatch()
#39 /home/obed/Bureau/my-api-project/vendor/laravel/framework/src/Illuminate/Pipeline/Pipeline.php(180): Illuminate\\Foundation\\Http\\Kernel->Illuminate\\Foundation\\Http\\{closure}()
#40 /home/obed/Bureau/my-api-project/vendor/laravel/framework/src/Illuminate/Foundation/Http/Middleware/TransformsRequest.php(21): Illuminate\\Pipeline\\Pipeline->Illuminate\\Pipeline\\{closure}()
#41 /home/obed/Bureau/my-api-project/vendor/laravel/framework/src/Illuminate/Foundation/Http/Middleware/ConvertEmptyStringsToNull.php(31): Illuminate\\Foundation\\Http\\Middleware\\TransformsRequest->handle()
#42 /home/obed/Bureau/my-api-project/vendor/laravel/framework/src/Illuminate/Pipeline/Pipeline.php(219): Illuminate\\Foundation\\Http\\Middleware\\ConvertEmptyStringsToNull->handle()
#43 /home/obed/Bureau/my-api-project/vendor/laravel/framework/src/Illuminate/Foundation/Http/Middleware/TransformsRequest.php(21): Illuminate\\Pipeline\\Pipeline->Illuminate\\Pipeline\\{closure}()
#44 /home/obed/Bureau/my-api-project/vendor/laravel/framework/src/Illuminate/Foundation/Http/Middleware/TrimStrings.php(51): Illuminate\\Foundation\\Http\\Middleware\\TransformsRequest->handle()
#45 /home/obed/Bureau/my-api-project/vendor/laravel/framework/src/Illuminate/Pipeline/Pipeline.php(219): Illuminate\\Foundation\\Http\\Middleware\\TrimStrings->handle()
#46 /home/obed/Bureau/my-api-project/vendor/laravel/framework/src/Illuminate/Http/Middleware/ValidatePostSize.php(27): Illuminate\\Pipeline\\Pipeline->Illuminate\\Pipeline\\{closure}()
#47 /home/obed/Bureau/my-api-project/vendor/laravel/framework/src/Illuminate/Pipeline/Pipeline.php(219): Illuminate\\Http\\Middleware\\ValidatePostSize->handle()
#48 /home/obed/Bureau/my-api-project/vendor/laravel/framework/src/Illuminate/Foundation/Http/Middleware/PreventRequestsDuringMaintenance.php(109): Illuminate\\Pipeline\\Pipeline->Illuminate\\Pipeline\\{closure}()
#49 /home/obed/Bureau/my-api-project/vendor/laravel/framework/src/Illuminate/Pipeline/Pipeline.php(219): Illuminate\\Foundation\\Http\\Middleware\\PreventRequestsDuringMaintenance->handle()
#50 /home/obed/Bureau/my-api-project/vendor/laravel/framework/src/Illuminate/Http/Middleware/HandleCors.php(61): Illuminate\\Pipeline\\Pipeline->Illuminate\\Pipeline\\{closure}()
#51 /home/obed/Bureau/my-api-project/vendor/laravel/framework/src/Illuminate/Pipeline/Pipeline.php(219): Illuminate\\Http\\Middleware\\HandleCors->handle()
#52 /home/obed/Bureau/my-api-project/vendor/laravel/framework/src/Illuminate/Http/Middleware/TrustProxies.php(58): Illuminate\\Pipeline\\Pipeline->Illuminate\\Pipeline\\{closure}()
#53 /home/obed/Bureau/my-api-project/vendor/laravel/framework/src/Illuminate/Pipeline/Pipeline.php(219): Illuminate\\Http\\Middleware\\TrustProxies->handle()
#54 /home/obed/Bureau/my-api-project/vendor/laravel/framework/src/Illuminate/Foundation/Http/Middleware/InvokeDeferredCallbacks.php(22): Illuminate\\Pipeline\\Pipeline->Illuminate\\Pipeline\\{closure}()
#55 /home/obed/Bureau/my-api-project/vendor/laravel/framework/src/Illuminate/Pipeline/Pipeline.php(219): Illuminate\\Foundation\\Http\\Middleware\\InvokeDeferredCallbacks->handle()
#56 /home/obed/Bureau/my-api-project/vendor/laravel/framework/src/Illuminate/Http/Middleware/ValidatePathEncoding.php(26): Illuminate\\Pipeline\\Pipeline->Illuminate\\Pipeline\\{closure}()
#57 /home/obed/Bureau/my-api-project/vendor/laravel/framework/src/Illuminate/Pipeline/Pipeline.php(219): Illuminate\\Http\\Middleware\\ValidatePathEncoding->handle()
#58 /home/obed/Bureau/my-api-project/vendor/laravel/framework/src/Illuminate/Pipeline/Pipeline.php(137): Illuminate\\Pipeline\\Pipeline->Illuminate\\Pipeline\\{closure}()
#59 /home/obed/Bureau/my-api-project/vendor/laravel/framework/src/Illuminate/Foundation/Http/Kernel.php(175): Illuminate\\Pipeline\\Pipeline->then()
#60 /home/obed/Bureau/my-api-project/vendor/laravel/framework/src/Illuminate/Foundation/Http/Kernel.php(144): Illuminate\\Foundation\\Http\\Kernel->sendRequestThroughRouter()
#61 /home/obed/Bureau/my-api-project/vendor/laravel/framework/src/Illuminate/Foundation/Application.php(1219): Illuminate\\Foundation\\Http\\Kernel->handle()
#62 /home/obed/Bureau/my-api-project/public/index.php(20): Illuminate\\Foundation\\Application->handleRequest()
#63 /home/obed/Bureau/my-api-project/vendor/laravel/framework/src/Illuminate/Foundation/resources/server.php(23): require_once('...')
#64 {main}
"} 
[2025-08-31 21:04:18] local.ERROR: file_put_contents(/home/obed/Bureau/my-api-project/database/migrations/2025_08_31_210418_create_fournitures_table.php): Failed to open stream: Permission denied {"exception":"[object] (ErrorException(code: 0): file_put_contents(/home/obed/Bureau/my-api-project/database/migrations/2025_08_31_210418_create_fournitures_table.php): Failed to open stream: Permission denied at /home/obed/Bureau/my-api-project/vendor/laravel/framework/src/Illuminate/Filesystem/Filesystem.php:204)
[stacktrace]
#0 /home/obed/Bureau/my-api-project/vendor/laravel/framework/src/Illuminate/Foundation/Bootstrap/HandleExceptions.php(258): Illuminate\\Foundation\\Bootstrap\\HandleExceptions->handleError()
#1 [internal function]: Illuminate\\Foundation\\Bootstrap\\HandleExceptions->Illuminate\\Foundation\\Bootstrap\\{closure}()
#2 /home/obed/Bureau/my-api-project/vendor/laravel/framework/src/Illuminate/Filesystem/Filesystem.php(204): file_put_contents()
#3 /home/obed/Bureau/my-api-project/vendor/laravel/framework/src/Illuminate/Database/Migrations/MigrationCreator.php(69): Illuminate\\Filesystem\\Filesystem->put()
#4 /home/obed/Bureau/my-api-project/vendor/laravel/framework/src/Illuminate/Database/Console/Migrations/MigrateMakeCommand.php(111): Illuminate\\Database\\Migrations\\MigrationCreator->create()
#5 /home/obed/Bureau/my-api-project/vendor/laravel/framework/src/Illuminate/Database/Console/Migrations/MigrateMakeCommand.php(98): Illuminate\\Database\\Console\\Migrations\\MigrateMakeCommand->writeMigration()
#6 /home/obed/Bureau/my-api-project/vendor/laravel/framework/src/Illuminate/Container/BoundMethod.php(36): Illuminate\\Database\\Console\\Migrations\\MigrateMakeCommand->handle()
#7 /home/obed/Bureau/my-api-project/vendor/laravel/framework/src/Illuminate/Container/Util.php(43): Illuminate\\Container\\BoundMethod::Illuminate\\Container\\{closure}()
#8 /home/obed/Bureau/my-api-project/vendor/laravel/framework/src/Illuminate/Container/BoundMethod.php(96): Illuminate\\Container\\Util::unwrapIfClosure()
#9 /home/obed/Bureau/my-api-project/vendor/laravel/framework/src/Illuminate/Container/BoundMethod.php(35): Illuminate\\Container\\BoundMethod::callBoundMethod()
#10 /home/obed/Bureau/my-api-project/vendor/laravel/framework/src/Illuminate/Container/Container.php(835): Illuminate\\Container\\BoundMethod::call()
#11 /home/obed/Bureau/my-api-project/vendor/laravel/framework/src/Illuminate/Console/Command.php(211): Illuminate\\Container\\Container->call()
#12 /home/obed/Bureau/my-api-project/vendor/symfony/console/Command/Command.php(318): Illuminate\\Console\\Command->execute()
#13 /home/obed/Bureau/my-api-project/vendor/laravel/framework/src/Illuminate/Console/Command.php(180): Symfony\\Component\\Console\\Command\\Command->run()
#14 /home/obed/Bureau/my-api-project/vendor/symfony/console/Application.php(1092): Illuminate\\Console\\Command->run()
#15 /home/obed/Bureau/my-api-project/vendor/symfony/console/Application.php(341): Symfony\\Component\\Console\\Application->doRunCommand()
#16 /home/obed/Bureau/my-api-project/vendor/symfony/console/Application.php(192): Symfony\\Component\\Console\\Application->doRun()
#17 /home/obed/Bureau/my-api-project/vendor/laravel/framework/src/Illuminate/Foundation/Console/Kernel.php(197): Symfony\\Component\\Console\\Application->run()
#18 /home/obed/Bureau/my-api-project/vendor/laravel/framework/src/Illuminate/Foundation/Application.php(1234): Illuminate\\Foundation\\Console\\Kernel->handle()
#19 /home/obed/Bureau/my-api-project/artisan(16): Illuminate\\Foundation\\Application->handleCommand()
#20 {main}
"} 
[2025-08-31 21:06:26] local.ERROR: file_put_contents(/home/obed/Bureau/my-api-project/app/Http/Controllers/FournitureController.php): Failed to open stream: Permission denied {"exception":"[object] (ErrorException(code: 0): file_put_contents(/home/obed/Bureau/my-api-project/app/Http/Controllers/FournitureController.php): Failed to open stream: Permission denied at /home/obed/Bureau/my-api-project/vendor/laravel/framework/src/Illuminate/Filesystem/Filesystem.php:204)
[stacktrace]
#0 /home/obed/Bureau/my-api-project/vendor/laravel/framework/src/Illuminate/Foundation/Bootstrap/HandleExceptions.php(258): Illuminate\\Foundation\\Bootstrap\\HandleExceptions->handleError()
#1 [internal function]: Illuminate\\Foundation\\Bootstrap\\HandleExceptions->Illuminate\\Foundation\\Bootstrap\\{closure}()
#2 /home/obed/Bureau/my-api-project/vendor/laravel/framework/src/Illuminate/Filesystem/Filesystem.php(204): file_put_contents()
#3 /home/obed/Bureau/my-api-project/vendor/laravel/framework/src/Illuminate/Console/GeneratorCommand.php(181): Illuminate\\Filesystem\\Filesystem->put()
#4 /home/obed/Bureau/my-api-project/vendor/laravel/framework/src/Illuminate/Container/BoundMethod.php(36): Illuminate\\Console\\GeneratorCommand->handle()
#5 /home/obed/Bureau/my-api-project/vendor/laravel/framework/src/Illuminate/Container/Util.php(43): Illuminate\\Container\\BoundMethod::Illuminate\\Container\\{closure}()
#6 /home/obed/Bureau/my-api-project/vendor/laravel/framework/src/Illuminate/Container/BoundMethod.php(96): Illuminate\\Container\\Util::unwrapIfClosure()
#7 /home/obed/Bureau/my-api-project/vendor/laravel/framework/src/Illuminate/Container/BoundMethod.php(35): Illuminate\\Container\\BoundMethod::callBoundMethod()
#8 /home/obed/Bureau/my-api-project/vendor/laravel/framework/src/Illuminate/Container/Container.php(835): Illuminate\\Container\\BoundMethod::call()
#9 /home/obed/Bureau/my-api-project/vendor/laravel/framework/src/Illuminate/Console/Command.php(211): Illuminate\\Container\\Container->call()
#10 /home/obed/Bureau/my-api-project/vendor/symfony/console/Command/Command.php(318): Illuminate\\Console\\Command->execute()
#11 /home/obed/Bureau/my-api-project/vendor/laravel/framework/src/Illuminate/Console/Command.php(180): Symfony\\Component\\Console\\Command\\Command->run()
#12 /home/obed/Bureau/my-api-project/vendor/symfony/console/Application.php(1092): Illuminate\\Console\\Command->run()
#13 /home/obed/Bureau/my-api-project/vendor/symfony/console/Application.php(341): Symfony\\Component\\Console\\Application->doRunCommand()
#14 /home/obed/Bureau/my-api-project/vendor/symfony/console/Application.php(192): Symfony\\Component\\Console\\Application->doRun()
#15 /home/obed/Bureau/my-api-project/vendor/laravel/framework/src/Illuminate/Foundation/Console/Kernel.php(197): Symfony\\Component\\Console\\Application->run()
#16 /home/obed/Bureau/my-api-project/vendor/laravel/framework/src/Illuminate/Foundation/Application.php(1234): Illuminate\\Foundation\\Console\\Kernel->handle()
#17 /home/obed/Bureau/my-api-project/artisan(16): Illuminate\\Foundation\\Application->handleCommand()
#18 {main}
"} 
[2025-09-01 09:36:21] local.ERROR: Cannot declare class App\Http\Controllers\API\FournitureController, because the name is already in use {"exception":"[object] (Symfony\\Component\\ErrorHandler\\Error\\FatalError(code: 0): Cannot declare class App\\Http\\Controllers\\API\\FournitureController, because the name is already in use at /home/obed/Bureau/my-api-project/app/Http/Controllers/FournitureController.php:11)
[stacktrace]
#0 {main}
"} 
[2025-09-01 09:37:21] local.ERROR: Cannot declare class App\Http\Controllers\API\FournitureController, because the name is already in use {"exception":"[object] (Symfony\\Component\\ErrorHandler\\Error\\FatalError(code: 0): Cannot declare class App\\Http\\Controllers\\API\\FournitureController, because the name is already in use at /home/obed/Bureau/my-api-project/app/Http/Controllers/FournitureController.php:11)
[stacktrace]
#0 {main}
"} 
[2025-09-01 09:37:57] local.ERROR: Cannot declare class App\Http\Controllers\API\FournitureController, because the name is already in use {"exception":"[object] (Symfony\\Component\\ErrorHandler\\Error\\FatalError(code: 0): Cannot declare class App\\Http\\Controllers\\API\\FournitureController, because the name is already in use at /home/obed/Bureau/my-api-project/app/Http/Controllers/FournitureController.php:11)
[stacktrace]
#0 {main}
"} 
[2025-09-01 11:46:53] local.ERROR: SQLSTATE[23000]: Integrity constraint violation: 1048 Column 'image' cannot be null (Connection: mysql, SQL: insert into `fournitures` (`nom`, `prix`, `image`, `updated_at`, `created_at`) values (Fhj, 5638.0, ?, 2025-09-01 11:46:52, 2025-09-01 11:46:52)) {"exception":"[object] (Illuminate\\Database\\QueryException(code: 23000): SQLSTATE[23000]: Integrity constraint violation: 1048 Column 'image' cannot be null (Connection: mysql, SQL: insert into `fournitures` (`nom`, `prix`, `image`, `updated_at`, `created_at`) values (Fhj, 5638.0, ?, 2025-09-01 11:46:52, 2025-09-01 11:46:52)) at /home/obed/Bureau/my-api-project/vendor/laravel/framework/src/Illuminate/Database/Connection.php:824)
[stacktrace]
#0 /home/obed/Bureau/my-api-project/vendor/laravel/framework/src/Illuminate/Database/Connection.php(778): Illuminate\\Database\\Connection->runQueryCallback()
#1 /home/obed/Bureau/my-api-project/vendor/laravel/framework/src/Illuminate/Database/MySqlConnection.php(42): Illuminate\\Database\\Connection->run()
#2 /home/obed/Bureau/my-api-project/vendor/laravel/framework/src/Illuminate/Database/Query/Processors/MySqlProcessor.php(35): Illuminate\\Database\\MySqlConnection->insert()
#3 /home/obed/Bureau/my-api-project/vendor/laravel/framework/src/Illuminate/Database/Query/Builder.php(3853): Illuminate\\Database\\Query\\Processors\\MySqlProcessor->processInsertGetId()
#4 /home/obed/Bureau/my-api-project/vendor/laravel/framework/src/Illuminate/Database/Eloquent/Builder.php(2220): Illuminate\\Database\\Query\\Builder->insertGetId()
#5 /home/obed/Bureau/my-api-project/vendor/laravel/framework/src/Illuminate/Database/Eloquent/Model.php(1434): Illuminate\\Database\\Eloquent\\Builder->__call()
#6 /home/obed/Bureau/my-api-project/vendor/laravel/framework/src/Illuminate/Database/Eloquent/Model.php(1399): Illuminate\\Database\\Eloquent\\Model->insertAndSetId()
#7 /home/obed/Bureau/my-api-project/vendor/laravel/framework/src/Illuminate/Database/Eloquent/Model.php(1238): Illuminate\\Database\\Eloquent\\Model->performInsert()
#8 /home/obed/Bureau/my-api-project/vendor/laravel/framework/src/Illuminate/Database/Eloquent/Builder.php(1204): Illuminate\\Database\\Eloquent\\Model->save()
#9 /home/obed/Bureau/my-api-project/vendor/laravel/framework/src/Illuminate/Support/helpers.php(390): Illuminate\\Database\\Eloquent\\Builder->Illuminate\\Database\\Eloquent\\{closure}()
#10 /home/obed/Bureau/my-api-project/vendor/laravel/framework/src/Illuminate/Database/Eloquent/Builder.php(1203): tap()
#11 /home/obed/Bureau/my-api-project/vendor/laravel/framework/src/Illuminate/Support/Traits/ForwardsCalls.php(23): Illuminate\\Database\\Eloquent\\Builder->create()
#12 /home/obed/Bureau/my-api-project/vendor/laravel/framework/src/Illuminate/Database/Eloquent/Model.php(2537): Illuminate\\Database\\Eloquent\\Model->forwardCallTo()
#13 /home/obed/Bureau/my-api-project/vendor/laravel/framework/src/Illuminate/Database/Eloquent/Model.php(2553): Illuminate\\Database\\Eloquent\\Model->__call()
#14 /home/obed/Bureau/my-api-project/app/Http/Controllers/FournitureController.php(71): Illuminate\\Database\\Eloquent\\Model::__callStatic()
#15 /home/obed/Bureau/my-api-project/vendor/laravel/framework/src/Illuminate/Routing/ControllerDispatcher.php(46): App\\Http\\Controllers\\FournitureController->store()
#16 /home/obed/Bureau/my-api-project/vendor/laravel/framework/src/Illuminate/Routing/Route.php(265): Illuminate\\Routing\\ControllerDispatcher->dispatch()
#17 /home/obed/Bureau/my-api-project/vendor/laravel/framework/src/Illuminate/Routing/Route.php(211): Illuminate\\Routing\\Route->runController()
#18 /home/obed/Bureau/my-api-project/vendor/laravel/framework/src/Illuminate/Routing/Router.php(822): Illuminate\\Routing\\Route->run()
#19 /home/obed/Bureau/my-api-project/vendor/laravel/framework/src/Illuminate/Pipeline/Pipeline.php(180): Illuminate\\Routing\\Router->Illuminate\\Routing\\{closure}()
#20 /home/obed/Bureau/my-api-project/vendor/laravel/framework/src/Illuminate/Routing/Middleware/SubstituteBindings.php(50): Illuminate\\Pipeline\\Pipeline->Illuminate\\Pipeline\\{closure}()
#21 /home/obed/Bureau/my-api-project/vendor/laravel/framework/src/Illuminate/Pipeline/Pipeline.php(219): Illuminate\\Routing\\Middleware\\SubstituteBindings->handle()
#22 /home/obed/Bureau/my-api-project/vendor/laravel/sanctum/src/Http/Middleware/EnsureFrontendRequestsAreStateful.php(26): Illuminate\\Pipeline\\Pipeline->Illuminate\\Pipeline\\{closure}()
#23 /home/obed/Bureau/my-api-project/vendor/laravel/framework/src/Illuminate/Pipeline/Pipeline.php(180): Laravel\\Sanctum\\Http\\Middleware\\EnsureFrontendRequestsAreStateful->Laravel\\Sanctum\\Http\\Middleware\\{closure}()
#24 /home/obed/Bureau/my-api-project/vendor/laravel/framework/src/Illuminate/Pipeline/Pipeline.php(137): Illuminate\\Pipeline\\Pipeline->Illuminate\\Pipeline\\{closure}()
#25 /home/obed/Bureau/my-api-project/vendor/laravel/sanctum/src/Http/Middleware/EnsureFrontendRequestsAreStateful.php(25): Illuminate\\Pipeline\\Pipeline->then()
#26 /home/obed/Bureau/my-api-project/vendor/laravel/framework/src/Illuminate/Pipeline/Pipeline.php(219): Laravel\\Sanctum\\Http\\Middleware\\EnsureFrontendRequestsAreStateful->handle()
#27 /home/obed/Bureau/my-api-project/vendor/laravel/framework/src/Illuminate/Pipeline/Pipeline.php(137): Illuminate\\Pipeline\\Pipeline->Illuminate\\Pipeline\\{closure}()
#28 /home/obed/Bureau/my-api-project/vendor/laravel/framework/src/Illuminate/Routing/Router.php(821): Illuminate\\Pipeline\\Pipeline->then()
#29 /home/obed/Bureau/my-api-project/vendor/laravel/framework/src/Illuminate/Routing/Router.php(800): Illuminate\\Routing\\Router->runRouteWithinStack()
#30 /home/obed/Bureau/my-api-project/vendor/laravel/framework/src/Illuminate/Routing/Router.php(764): Illuminate\\Routing\\Router->runRoute()
#31 /home/obed/Bureau/my-api-project/vendor/laravel/framework/src/Illuminate/Routing/Router.php(753): Illuminate\\Routing\\Router->dispatchToRoute()
#32 /home/obed/Bureau/my-api-project/vendor/laravel/framework/src/Illuminate/Foundation/Http/Kernel.php(200): Illuminate\\Routing\\Router->dispatch()
#33 /home/obed/Bureau/my-api-project/vendor/laravel/framework/src/Illuminate/Pipeline/Pipeline.php(180): Illuminate\\Foundation\\Http\\Kernel->Illuminate\\Foundation\\Http\\{closure}()
#34 /home/obed/Bureau/my-api-project/vendor/laravel/framework/src/Illuminate/Foundation/Http/Middleware/TransformsRequest.php(21): Illuminate\\Pipeline\\Pipeline->Illuminate\\Pipeline\\{closure}()
#35 /home/obed/Bureau/my-api-project/vendor/laravel/framework/src/Illuminate/Foundation/Http/Middleware/ConvertEmptyStringsToNull.php(31): Illuminate\\Foundation\\Http\\Middleware\\TransformsRequest->handle()
#36 /home/obed/Bureau/my-api-project/vendor/laravel/framework/src/Illuminate/Pipeline/Pipeline.php(219): Illuminate\\Foundation\\Http\\Middleware\\ConvertEmptyStringsToNull->handle()
#37 /home/obed/Bureau/my-api-project/vendor/laravel/framework/src/Illuminate/Foundation/Http/Middleware/TransformsRequest.php(21): Illuminate\\Pipeline\\Pipeline->Illuminate\\Pipeline\\{closure}()
#38 /home/obed/Bureau/my-api-project/vendor/laravel/framework/src/Illuminate/Foundation/Http/Middleware/TrimStrings.php(51): Illuminate\\Foundation\\Http\\Middleware\\TransformsRequest->handle()
#39 /home/obed/Bureau/my-api-project/vendor/laravel/framework/src/Illuminate/Pipeline/Pipeline.php(219): Illuminate\\Foundation\\Http\\Middleware\\TrimStrings->handle()
#40 /home/obed/Bureau/my-api-project/vendor/laravel/framework/src/Illuminate/Http/Middleware/ValidatePostSize.php(27): Illuminate\\Pipeline\\Pipeline->Illuminate\\Pipeline\\{closure}()
#41 /home/obed/Bureau/my-api-project/vendor/laravel/framework/src/Illuminate/Pipeline/Pipeline.php(219): Illuminate\\Http\\Middleware\\ValidatePostSize->handle()
#42 /home/obed/Bureau/my-api-project/vendor/laravel/framework/src/Illuminate/Foundation/Http/Middleware/PreventRequestsDuringMaintenance.php(109): Illuminate\\Pipeline\\Pipeline->Illuminate\\Pipeline\\{closure}()
#43 /home/obed/Bureau/my-api-project/vendor/laravel/framework/src/Illuminate/Pipeline/Pipeline.php(219): Illuminate\\Foundation\\Http\\Middleware\\PreventRequestsDuringMaintenance->handle()
#44 /home/obed/Bureau/my-api-project/vendor/laravel/framework/src/Illuminate/Http/Middleware/HandleCors.php(61): Illuminate\\Pipeline\\Pipeline->Illuminate\\Pipeline\\{closure}()
#45 /home/obed/Bureau/my-api-project/vendor/laravel/framework/src/Illuminate/Pipeline/Pipeline.php(219): Illuminate\\Http\\Middleware\\HandleCors->handle()
#46 /home/obed/Bureau/my-api-project/vendor/laravel/framework/src/Illuminate/Http/Middleware/TrustProxies.php(58): Illuminate\\Pipeline\\Pipeline->Illuminate\\Pipeline\\{closure}()
#47 /home/obed/Bureau/my-api-project/vendor/laravel/framework/src/Illuminate/Pipeline/Pipeline.php(219): Illuminate\\Http\\Middleware\\TrustProxies->handle()
#48 /home/obed/Bureau/my-api-project/vendor/laravel/framework/src/Illuminate/Foundation/Http/Middleware/InvokeDeferredCallbacks.php(22): Illuminate\\Pipeline\\Pipeline->Illuminate\\Pipeline\\{closure}()
#49 /home/obed/Bureau/my-api-project/vendor/laravel/framework/src/Illuminate/Pipeline/Pipeline.php(219): Illuminate\\Foundation\\Http\\Middleware\\InvokeDeferredCallbacks->handle()
#50 /home/obed/Bureau/my-api-project/vendor/laravel/framework/src/Illuminate/Http/Middleware/ValidatePathEncoding.php(26): Illuminate\\Pipeline\\Pipeline->Illuminate\\Pipeline\\{closure}()
#51 /home/obed/Bureau/my-api-project/vendor/laravel/framework/src/Illuminate/Pipeline/Pipeline.php(219): Illuminate\\Http\\Middleware\\ValidatePathEncoding->handle()
#52 /home/obed/Bureau/my-api-project/vendor/laravel/framework/src/Illuminate/Pipeline/Pipeline.php(137): Illuminate\\Pipeline\\Pipeline->Illuminate\\Pipeline\\{closure}()
#53 /home/obed/Bureau/my-api-project/vendor/laravel/framework/src/Illuminate/Foundation/Http/Kernel.php(175): Illuminate\\Pipeline\\Pipeline->then()
#54 /home/obed/Bureau/my-api-project/vendor/laravel/framework/src/Illuminate/Foundation/Http/Kernel.php(144): Illuminate\\Foundation\\Http\\Kernel->sendRequestThroughRouter()
#55 /home/obed/Bureau/my-api-project/vendor/laravel/framework/src/Illuminate/Foundation/Application.php(1219): Illuminate\\Foundation\\Http\\Kernel->handle()
#56 /home/obed/Bureau/my-api-project/public/index.php(20): Illuminate\\Foundation\\Application->handleRequest()
#57 /home/obed/Bureau/my-api-project/vendor/laravel/framework/src/Illuminate/Foundation/resources/server.php(23): require_once('...')
#58 {main}

[previous exception] [object] (PDOException(code: 23000): SQLSTATE[23000]: Integrity constraint violation: 1048 Column 'image' cannot be null at /home/obed/Bureau/my-api-project/vendor/laravel/framework/src/Illuminate/Database/MySqlConnection.php:53)
[stacktrace]
#0 /home/obed/Bureau/my-api-project/vendor/laravel/framework/src/Illuminate/Database/MySqlConnection.php(53): PDOStatement->execute()
#1 /home/obed/Bureau/my-api-project/vendor/laravel/framework/src/Illuminate/Database/Connection.php(811): Illuminate\\Database\\MySqlConnection->Illuminate\\Database\\{closure}()
#2 /home/obed/Bureau/my-api-project/vendor/laravel/framework/src/Illuminate/Database/Connection.php(778): Illuminate\\Database\\Connection->runQueryCallback()
#3 /home/obed/Bureau/my-api-project/vendor/laravel/framework/src/Illuminate/Database/MySqlConnection.php(42): Illuminate\\Database\\Connection->run()
#4 /home/obed/Bureau/my-api-project/vendor/laravel/framework/src/Illuminate/Database/Query/Processors/MySqlProcessor.php(35): Illuminate\\Database\\MySqlConnection->insert()
#5 /home/obed/Bureau/my-api-project/vendor/laravel/framework/src/Illuminate/Database/Query/Builder.php(3853): Illuminate\\Database\\Query\\Processors\\MySqlProcessor->processInsertGetId()
#6 /home/obed/Bureau/my-api-project/vendor/laravel/framework/src/Illuminate/Database/Eloquent/Builder.php(2220): Illuminate\\Database\\Query\\Builder->insertGetId()
#7 /home/obed/Bureau/my-api-project/vendor/laravel/framework/src/Illuminate/Database/Eloquent/Model.php(1434): Illuminate\\Database\\Eloquent\\Builder->__call()
#8 /home/obed/Bureau/my-api-project/vendor/laravel/framework/src/Illuminate/Database/Eloquent/Model.php(1399): Illuminate\\Database\\Eloquent\\Model->insertAndSetId()
#9 /home/obed/Bureau/my-api-project/vendor/laravel/framework/src/Illuminate/Database/Eloquent/Model.php(1238): Illuminate\\Database\\Eloquent\\Model->performInsert()
#10 /home/obed/Bureau/my-api-project/vendor/laravel/framework/src/Illuminate/Database/Eloquent/Builder.php(1204): Illuminate\\Database\\Eloquent\\Model->save()
#11 /home/obed/Bureau/my-api-project/vendor/laravel/framework/src/Illuminate/Support/helpers.php(390): Illuminate\\Database\\Eloquent\\Builder->Illuminate\\Database\\Eloquent\\{closure}()
#12 /home/obed/Bureau/my-api-project/vendor/laravel/framework/src/Illuminate/Database/Eloquent/Builder.php(1203): tap()
#13 /home/obed/Bureau/my-api-project/vendor/laravel/framework/src/Illuminate/Support/Traits/ForwardsCalls.php(23): Illuminate\\Database\\Eloquent\\Builder->create()
#14 /home/obed/Bureau/my-api-project/vendor/laravel/framework/src/Illuminate/Database/Eloquent/Model.php(2537): Illuminate\\Database\\Eloquent\\Model->forwardCallTo()
#15 /home/obed/Bureau/my-api-project/vendor/laravel/framework/src/Illuminate/Database/Eloquent/Model.php(2553): Illuminate\\Database\\Eloquent\\Model->__call()
#16 /home/obed/Bureau/my-api-project/app/Http/Controllers/FournitureController.php(71): Illuminate\\Database\\Eloquent\\Model::__callStatic()
#17 /home/obed/Bureau/my-api-project/vendor/laravel/framework/src/Illuminate/Routing/ControllerDispatcher.php(46): App\\Http\\Controllers\\FournitureController->store()
#18 /home/obed/Bureau/my-api-project/vendor/laravel/framework/src/Illuminate/Routing/Route.php(265): Illuminate\\Routing\\ControllerDispatcher->dispatch()
#19 /home/obed/Bureau/my-api-project/vendor/laravel/framework/src/Illuminate/Routing/Route.php(211): Illuminate\\Routing\\Route->runController()
#20 /home/obed/Bureau/my-api-project/vendor/laravel/framework/src/Illuminate/Routing/Router.php(822): Illuminate\\Routing\\Route->run()
#21 /home/obed/Bureau/my-api-project/vendor/laravel/framework/src/Illuminate/Pipeline/Pipeline.php(180): Illuminate\\Routing\\Router->Illuminate\\Routing\\{closure}()
#22 /home/obed/Bureau/my-api-project/vendor/laravel/framework/src/Illuminate/Routing/Middleware/SubstituteBindings.php(50): Illuminate\\Pipeline\\Pipeline->Illuminate\\Pipeline\\{closure}()
#23 /home/obed/Bureau/my-api-project/vendor/laravel/framework/src/Illuminate/Pipeline/Pipeline.php(219): Illuminate\\Routing\\Middleware\\SubstituteBindings->handle()
#24 /home/obed/Bureau/my-api-project/vendor/laravel/sanctum/src/Http/Middleware/EnsureFrontendRequestsAreStateful.php(26): Illuminate\\Pipeline\\Pipeline->Illuminate\\Pipeline\\{closure}()
#25 /home/obed/Bureau/my-api-project/vendor/laravel/framework/src/Illuminate/Pipeline/Pipeline.php(180): Laravel\\Sanctum\\Http\\Middleware\\EnsureFrontendRequestsAreStateful->Laravel\\Sanctum\\Http\\Middleware\\{closure}()
#26 /home/obed/Bureau/my-api-project/vendor/laravel/framework/src/Illuminate/Pipeline/Pipeline.php(137): Illuminate\\Pipeline\\Pipeline->Illuminate\\Pipeline\\{closure}()
#27 /home/obed/Bureau/my-api-project/vendor/laravel/sanctum/src/Http/Middleware/EnsureFrontendRequestsAreStateful.php(25): Illuminate\\Pipeline\\Pipeline->then()
#28 /home/obed/Bureau/my-api-project/vendor/laravel/framework/src/Illuminate/Pipeline/Pipeline.php(219): Laravel\\Sanctum\\Http\\Middleware\\EnsureFrontendRequestsAreStateful->handle()
#29 /home/obed/Bureau/my-api-project/vendor/laravel/framework/src/Illuminate/Pipeline/Pipeline.php(137): Illuminate\\Pipeline\\Pipeline->Illuminate\\Pipeline\\{closure}()
#30 /home/obed/Bureau/my-api-project/vendor/laravel/framework/src/Illuminate/Routing/Router.php(821): Illuminate\\Pipeline\\Pipeline->then()
#31 /home/obed/Bureau/my-api-project/vendor/laravel/framework/src/Illuminate/Routing/Router.php(800): Illuminate\\Routing\\Router->runRouteWithinStack()
#32 /home/obed/Bureau/my-api-project/vendor/laravel/framework/src/Illuminate/Routing/Router.php(764): Illuminate\\Routing\\Router->runRoute()
#33 /home/obed/Bureau/my-api-project/vendor/laravel/framework/src/Illuminate/Routing/Router.php(753): Illuminate\\Routing\\Router->dispatchToRoute()
#34 /home/obed/Bureau/my-api-project/vendor/laravel/framework/src/Illuminate/Foundation/Http/Kernel.php(200): Illuminate\\Routing\\Router->dispatch()
#35 /home/obed/Bureau/my-api-project/vendor/laravel/framework/src/Illuminate/Pipeline/Pipeline.php(180): Illuminate\\Foundation\\Http\\Kernel->Illuminate\\Foundation\\Http\\{closure}()
#36 /home/obed/Bureau/my-api-project/vendor/laravel/framework/src/Illuminate/Foundation/Http/Middleware/TransformsRequest.php(21): Illuminate\\Pipeline\\Pipeline->Illuminate\\Pipeline\\{closure}()
#37 /home/obed/Bureau/my-api-project/vendor/laravel/framework/src/Illuminate/Foundation/Http/Middleware/ConvertEmptyStringsToNull.php(31): Illuminate\\Foundation\\Http\\Middleware\\TransformsRequest->handle()
#38 /home/obed/Bureau/my-api-project/vendor/laravel/framework/src/Illuminate/Pipeline/Pipeline.php(219): Illuminate\\Foundation\\Http\\Middleware\\ConvertEmptyStringsToNull->handle()
#39 /home/obed/Bureau/my-api-project/vendor/laravel/framework/src/Illuminate/Foundation/Http/Middleware/TransformsRequest.php(21): Illuminate\\Pipeline\\Pipeline->Illuminate\\Pipeline\\{closure}()
#40 /home/obed/Bureau/my-api-project/vendor/laravel/framework/src/Illuminate/Foundation/Http/Middleware/TrimStrings.php(51): Illuminate\\Foundation\\Http\\Middleware\\TransformsRequest->handle()
#41 /home/obed/Bureau/my-api-project/vendor/laravel/framework/src/Illuminate/Pipeline/Pipeline.php(219): Illuminate\\Foundation\\Http\\Middleware\\TrimStrings->handle()
#42 /home/obed/Bureau/my-api-project/vendor/laravel/framework/src/Illuminate/Http/Middleware/ValidatePostSize.php(27): Illuminate\\Pipeline\\Pipeline->Illuminate\\Pipeline\\{closure}()
#43 /home/obed/Bureau/my-api-project/vendor/laravel/framework/src/Illuminate/Pipeline/Pipeline.php(219): Illuminate\\Http\\Middleware\\ValidatePostSize->handle()
#44 /home/obed/Bureau/my-api-project/vendor/laravel/framework/src/Illuminate/Foundation/Http/Middleware/PreventRequestsDuringMaintenance.php(109): Illuminate\\Pipeline\\Pipeline->Illuminate\\Pipeline\\{closure}()
#45 /home/obed/Bureau/my-api-project/vendor/laravel/framework/src/Illuminate/Pipeline/Pipeline.php(219): Illuminate\\Foundation\\Http\\Middleware\\PreventRequestsDuringMaintenance->handle()
#46 /home/obed/Bureau/my-api-project/vendor/laravel/framework/src/Illuminate/Http/Middleware/HandleCors.php(61): Illuminate\\Pipeline\\Pipeline->Illuminate\\Pipeline\\{closure}()
#47 /home/obed/Bureau/my-api-project/vendor/laravel/framework/src/Illuminate/Pipeline/Pipeline.php(219): Illuminate\\Http\\Middleware\\HandleCors->handle()
#48 /home/obed/Bureau/my-api-project/vendor/laravel/framework/src/Illuminate/Http/Middleware/TrustProxies.php(58): Illuminate\\Pipeline\\Pipeline->Illuminate\\Pipeline\\{closure}()
#49 /home/obed/Bureau/my-api-project/vendor/laravel/framework/src/Illuminate/Pipeline/Pipeline.php(219): Illuminate\\Http\\Middleware\\TrustProxies->handle()
#50 /home/obed/Bureau/my-api-project/vendor/laravel/framework/src/Illuminate/Foundation/Http/Middleware/InvokeDeferredCallbacks.php(22): Illuminate\\Pipeline\\Pipeline->Illuminate\\Pipeline\\{closure}()
#51 /home/obed/Bureau/my-api-project/vendor/laravel/framework/src/Illuminate/Pipeline/Pipeline.php(219): Illuminate\\Foundation\\Http\\Middleware\\InvokeDeferredCallbacks->handle()
#52 /home/obed/Bureau/my-api-project/vendor/laravel/framework/src/Illuminate/Http/Middleware/ValidatePathEncoding.php(26): Illuminate\\Pipeline\\Pipeline->Illuminate\\Pipeline\\{closure}()
#53 /home/obed/Bureau/my-api-project/vendor/laravel/framework/src/Illuminate/Pipeline/Pipeline.php(219): Illuminate\\Http\\Middleware\\ValidatePathEncoding->handle()
#54 /home/obed/Bureau/my-api-project/vendor/laravel/framework/src/Illuminate/Pipeline/Pipeline.php(137): Illuminate\\Pipeline\\Pipeline->Illuminate\\Pipeline\\{closure}()
#55 /home/obed/Bureau/my-api-project/vendor/laravel/framework/src/Illuminate/Foundation/Http/Kernel.php(175): Illuminate\\Pipeline\\Pipeline->then()
#56 /home/obed/Bureau/my-api-project/vendor/laravel/framework/src/Illuminate/Foundation/Http/Kernel.php(144): Illuminate\\Foundation\\Http\\Kernel->sendRequestThroughRouter()
#57 /home/obed/Bureau/my-api-project/vendor/laravel/framework/src/Illuminate/Foundation/Application.php(1219): Illuminate\\Foundation\\Http\\Kernel->handle()
#58 /home/obed/Bureau/my-api-project/public/index.php(20): Illuminate\\Foundation\\Application->handleRequest()
#59 /home/obed/Bureau/my-api-project/vendor/laravel/framework/src/Illuminate/Foundation/resources/server.php(23): require_once('...')
#60 {main}
"} 
[2025-09-01 14:39:54] local.INFO: Seeder de rôle terminé avec succès  
[2025-09-02 16:52:39] local.WARNING: Validation error in achatFourniture {"errors":{"fourniture_id":["The fourniture id field is required."]},"request_data":{"fourniture_patient_id":1,"montant":26184.0,"quantite":4}} 
[2025-09-02 17:35:50] local.INFO: Incoming fourniture request {"data":{"fourniture_id":1,"montant":19638.0,"quantite":3},"ip":"192.168.100.212","url":"http://192.168.100.175:53800/api/achat_fourniture"} 
[2025-09-02 17:35:50] local.ERROR: Unexpected error in achatFourniture {"message":"SQLSTATE[HY000]: General error: 1364 Field 'founiture_id' doesn't have a default value (Connection: mysql, SQL: insert into `fournitures_patients` (`montant`, `quantite`, `livre`, `updated_at`, `created_at`) values (19638, 3, 0, 2025-09-02 17:35:50, 2025-09-02 17:35:50))","code":"HY000","file":"/home/obed/Bureau/my-api-project/vendor/laravel/framework/src/Illuminate/Database/Connection.php","line":824,"request_data":{"fourniture_id":1,"montant":19638.0,"quantite":3}} 
[2025-09-02 17:43:52] local.INFO: Incoming fourniture request {"data":{"fourniture_id":1,"montant":26184.0,"quantite":4},"ip":"192.168.100.212","url":"http://192.168.100.175:53800/api/achat_fourniture"} 
[2025-09-02 17:43:52] local.ERROR: Unexpected error in achatFourniture {"message":"SQLSTATE[HY000]: General error: 1364 Field 'founiture_id' doesn't have a default value (Connection: mysql, SQL: insert into `fournitures_patients` (`montant`, `quantite`, `livre`, `updated_at`, `created_at`) values (26184, 4, 0, 2025-09-02 17:43:52, 2025-09-02 17:43:52))","code":"HY000","file":"/home/obed/Bureau/my-api-project/vendor/laravel/framework/src/Illuminate/Database/Connection.php","line":824,"request_data":{"fourniture_id":1,"montant":26184.0,"quantite":4}} 
[2025-09-02 17:53:13] local.INFO: Incoming fourniture request {"data":{"fourniture_id":1,"montant":19638.0,"quantite":3},"ip":"192.168.100.212","url":"http://192.168.100.175:53800/api/achat_fourniture"} 
[2025-09-02 17:53:13] local.ERROR: Unexpected error in achatFourniture {"message":"SQLSTATE[42S22]: Column not found: 1054 Unknown column 'fourniture_id' in 'field list' (Connection: mysql, SQL: insert into `fournitures_patients` (`patient_id`, `montant`, `fourniture_id`, `quantite`, `livre`, `updated_at`, `created_at`) values (4, 19638, 1, 3, 0, 2025-09-02 17:53:13, 2025-09-02 17:53:13))","code":"42S22","file":"/home/obed/Bureau/my-api-project/vendor/laravel/framework/src/Illuminate/Database/Connection.php","line":824,"request_data":{"fourniture_id":1,"montant":19638.0,"quantite":3}} 
[2025-09-02 17:57:05] local.INFO: Incoming fourniture request {"data":{"fourniture_id":1,"montant":6546.0,"quantite":1},"ip":"192.168.100.212","url":"http://192.168.100.175:53800/api/achat_fourniture"} 
[2025-09-02 17:57:05] local.INFO: Enregistrement terminé  
[2025-09-03 07:37:03] local.ERROR: Uncaught InvalidArgumentException: Attribute [first] does not exist. in /home/obed/Bureau/my-api-project/vendor/laravel/framework/src/Illuminate/Routing/RouteRegistrar.php:116
Stack trace:
#0 /home/obed/Bureau/my-api-project/vendor/laravel/framework/src/Illuminate/Routing/Router.php(1523): Illuminate\Routing\RouteRegistrar->attribute()
#1 /home/obed/Bureau/my-api-project/vendor/laravel/framework/src/Illuminate/Support/Facades/Facade.php(363): Illuminate\Routing\Router->__call()
#2 Command line code(1): Illuminate\Support\Facades\Facade::__callStatic()
#3 {main}
  thrown {"exception":"[object] (Symfony\\Component\\ErrorHandler\\Error\\FatalError(code: 0): Uncaught InvalidArgumentException: Attribute [first] does not exist. in /home/obed/Bureau/my-api-project/vendor/laravel/framework/src/Illuminate/Routing/RouteRegistrar.php:116
Stack trace:
#0 /home/obed/Bureau/my-api-project/vendor/laravel/framework/src/Illuminate/Routing/Router.php(1523): Illuminate\\Routing\\RouteRegistrar->attribute()
#1 /home/obed/Bureau/my-api-project/vendor/laravel/framework/src/Illuminate/Support/Facades/Facade.php(363): Illuminate\\Routing\\Router->__call()
#2 Command line code(1): Illuminate\\Support\\Facades\\Facade::__callStatic()
#3 {main}
  thrown at /home/obed/Bureau/my-api-project/vendor/laravel/framework/src/Illuminate/Routing/RouteRegistrar.php:116)
[stacktrace]
#0 {main}
"} 
[2025-09-03 09:17:36] local.ERROR: Call to undefined relationship [fourniture] on model [App\Models\FournituresPatient]. {"exception":"[object] (Illuminate\\Database\\Eloquent\\RelationNotFoundException(code: 0): Call to undefined relationship [fourniture] on model [App\\Models\\FournituresPatient]. at /home/obed/Bureau/my-api-project/vendor/laravel/framework/src/Illuminate/Database/Eloquent/RelationNotFoundException.php:35)
[stacktrace]
#0 /home/obed/Bureau/my-api-project/vendor/laravel/framework/src/Illuminate/Database/Eloquent/Builder.php(954): Illuminate\\Database\\Eloquent\\RelationNotFoundException::make()
#1 /home/obed/Bureau/my-api-project/vendor/laravel/framework/src/Illuminate/Database/Eloquent/Relations/Relation.php(119): Illuminate\\Database\\Eloquent\\Builder->Illuminate\\Database\\Eloquent\\{closure}()
#2 /home/obed/Bureau/my-api-project/vendor/laravel/framework/src/Illuminate/Database/Eloquent/Builder.php(950): Illuminate\\Database\\Eloquent\\Relations\\Relation::noConstraints()
#3 /home/obed/Bureau/my-api-project/vendor/laravel/framework/src/Illuminate/Database/Eloquent/Builder.php(924): Illuminate\\Database\\Eloquent\\Builder->getRelation()
#4 /home/obed/Bureau/my-api-project/vendor/laravel/framework/src/Illuminate/Database/Eloquent/Builder.php(904): Illuminate\\Database\\Eloquent\\Builder->eagerLoadRelation()
#5 /home/obed/Bureau/my-api-project/vendor/laravel/framework/src/Illuminate/Database/Eloquent/Builder.php(870): Illuminate\\Database\\Eloquent\\Builder->eagerLoadRelations()
#6 /home/obed/Bureau/my-api-project/app/Http/Controllers/FournitureController.php(257): Illuminate\\Database\\Eloquent\\Builder->get()
#7 /home/obed/Bureau/my-api-project/vendor/laravel/framework/src/Illuminate/Routing/ControllerDispatcher.php(46): App\\Http\\Controllers\\FournitureController->getUserFourniture()
#8 /home/obed/Bureau/my-api-project/vendor/laravel/framework/src/Illuminate/Routing/Route.php(265): Illuminate\\Routing\\ControllerDispatcher->dispatch()
#9 /home/obed/Bureau/my-api-project/vendor/laravel/framework/src/Illuminate/Routing/Route.php(211): Illuminate\\Routing\\Route->runController()
#10 /home/obed/Bureau/my-api-project/vendor/laravel/framework/src/Illuminate/Routing/Router.php(822): Illuminate\\Routing\\Route->run()
#11 /home/obed/Bureau/my-api-project/vendor/laravel/framework/src/Illuminate/Pipeline/Pipeline.php(180): Illuminate\\Routing\\Router->Illuminate\\Routing\\{closure}()
#12 /home/obed/Bureau/my-api-project/vendor/laravel/framework/src/Illuminate/Routing/Middleware/SubstituteBindings.php(50): Illuminate\\Pipeline\\Pipeline->Illuminate\\Pipeline\\{closure}()
#13 /home/obed/Bureau/my-api-project/vendor/laravel/framework/src/Illuminate/Pipeline/Pipeline.php(219): Illuminate\\Routing\\Middleware\\SubstituteBindings->handle()
#14 /home/obed/Bureau/my-api-project/vendor/laravel/sanctum/src/Http/Middleware/EnsureFrontendRequestsAreStateful.php(26): Illuminate\\Pipeline\\Pipeline->Illuminate\\Pipeline\\{closure}()
#15 /home/obed/Bureau/my-api-project/vendor/laravel/framework/src/Illuminate/Pipeline/Pipeline.php(180): Laravel\\Sanctum\\Http\\Middleware\\EnsureFrontendRequestsAreStateful->Laravel\\Sanctum\\Http\\Middleware\\{closure}()
#16 /home/obed/Bureau/my-api-project/vendor/laravel/framework/src/Illuminate/Pipeline/Pipeline.php(137): Illuminate\\Pipeline\\Pipeline->Illuminate\\Pipeline\\{closure}()
#17 /home/obed/Bureau/my-api-project/vendor/laravel/sanctum/src/Http/Middleware/EnsureFrontendRequestsAreStateful.php(25): Illuminate\\Pipeline\\Pipeline->then()
#18 /home/obed/Bureau/my-api-project/vendor/laravel/framework/src/Illuminate/Pipeline/Pipeline.php(219): Laravel\\Sanctum\\Http\\Middleware\\EnsureFrontendRequestsAreStateful->handle()
#19 /home/obed/Bureau/my-api-project/vendor/laravel/framework/src/Illuminate/Pipeline/Pipeline.php(137): Illuminate\\Pipeline\\Pipeline->Illuminate\\Pipeline\\{closure}()
#20 /home/obed/Bureau/my-api-project/vendor/laravel/framework/src/Illuminate/Routing/Router.php(821): Illuminate\\Pipeline\\Pipeline->then()
#21 /home/obed/Bureau/my-api-project/vendor/laravel/framework/src/Illuminate/Routing/Router.php(800): Illuminate\\Routing\\Router->runRouteWithinStack()
#22 /home/obed/Bureau/my-api-project/vendor/laravel/framework/src/Illuminate/Routing/Router.php(764): Illuminate\\Routing\\Router->runRoute()
#23 /home/obed/Bureau/my-api-project/vendor/laravel/framework/src/Illuminate/Routing/Router.php(753): Illuminate\\Routing\\Router->dispatchToRoute()
#24 /home/obed/Bureau/my-api-project/vendor/laravel/framework/src/Illuminate/Foundation/Http/Kernel.php(200): Illuminate\\Routing\\Router->dispatch()
#25 /home/obed/Bureau/my-api-project/vendor/laravel/framework/src/Illuminate/Pipeline/Pipeline.php(180): Illuminate\\Foundation\\Http\\Kernel->Illuminate\\Foundation\\Http\\{closure}()
#26 /home/obed/Bureau/my-api-project/vendor/laravel/framework/src/Illuminate/Foundation/Http/Middleware/TransformsRequest.php(21): Illuminate\\Pipeline\\Pipeline->Illuminate\\Pipeline\\{closure}()
#27 /home/obed/Bureau/my-api-project/vendor/laravel/framework/src/Illuminate/Foundation/Http/Middleware/ConvertEmptyStringsToNull.php(31): Illuminate\\Foundation\\Http\\Middleware\\TransformsRequest->handle()
#28 /home/obed/Bureau/my-api-project/vendor/laravel/framework/src/Illuminate/Pipeline/Pipeline.php(219): Illuminate\\Foundation\\Http\\Middleware\\ConvertEmptyStringsToNull->handle()
#29 /home/obed/Bureau/my-api-project/vendor/laravel/framework/src/Illuminate/Foundation/Http/Middleware/TransformsRequest.php(21): Illuminate\\Pipeline\\Pipeline->Illuminate\\Pipeline\\{closure}()
#30 /home/obed/Bureau/my-api-project/vendor/laravel/framework/src/Illuminate/Foundation/Http/Middleware/TrimStrings.php(51): Illuminate\\Foundation\\Http\\Middleware\\TransformsRequest->handle()
#31 /home/obed/Bureau/my-api-project/vendor/laravel/framework/src/Illuminate/Pipeline/Pipeline.php(219): Illuminate\\Foundation\\Http\\Middleware\\TrimStrings->handle()
#32 /home/obed/Bureau/my-api-project/vendor/laravel/framework/src/Illuminate/Http/Middleware/ValidatePostSize.php(27): Illuminate\\Pipeline\\Pipeline->Illuminate\\Pipeline\\{closure}()
#33 /home/obed/Bureau/my-api-project/vendor/laravel/framework/src/Illuminate/Pipeline/Pipeline.php(219): Illuminate\\Http\\Middleware\\ValidatePostSize->handle()
#34 /home/obed/Bureau/my-api-project/vendor/laravel/framework/src/Illuminate/Foundation/Http/Middleware/PreventRequestsDuringMaintenance.php(109): Illuminate\\Pipeline\\Pipeline->Illuminate\\Pipeline\\{closure}()
#35 /home/obed/Bureau/my-api-project/vendor/laravel/framework/src/Illuminate/Pipeline/Pipeline.php(219): Illuminate\\Foundation\\Http\\Middleware\\PreventRequestsDuringMaintenance->handle()
#36 /home/obed/Bureau/my-api-project/vendor/laravel/framework/src/Illuminate/Http/Middleware/HandleCors.php(61): Illuminate\\Pipeline\\Pipeline->Illuminate\\Pipeline\\{closure}()
#37 /home/obed/Bureau/my-api-project/vendor/laravel/framework/src/Illuminate/Pipeline/Pipeline.php(219): Illuminate\\Http\\Middleware\\HandleCors->handle()
#38 /home/obed/Bureau/my-api-project/vendor/laravel/framework/src/Illuminate/Http/Middleware/TrustProxies.php(58): Illuminate\\Pipeline\\Pipeline->Illuminate\\Pipeline\\{closure}()
#39 /home/obed/Bureau/my-api-project/vendor/laravel/framework/src/Illuminate/Pipeline/Pipeline.php(219): Illuminate\\Http\\Middleware\\TrustProxies->handle()
#40 /home/obed/Bureau/my-api-project/vendor/laravel/framework/src/Illuminate/Foundation/Http/Middleware/InvokeDeferredCallbacks.php(22): Illuminate\\Pipeline\\Pipeline->Illuminate\\Pipeline\\{closure}()
#41 /home/obed/Bureau/my-api-project/vendor/laravel/framework/src/Illuminate/Pipeline/Pipeline.php(219): Illuminate\\Foundation\\Http\\Middleware\\InvokeDeferredCallbacks->handle()
#42 /home/obed/Bureau/my-api-project/vendor/laravel/framework/src/Illuminate/Http/Middleware/ValidatePathEncoding.php(26): Illuminate\\Pipeline\\Pipeline->Illuminate\\Pipeline\\{closure}()
#43 /home/obed/Bureau/my-api-project/vendor/laravel/framework/src/Illuminate/Pipeline/Pipeline.php(219): Illuminate\\Http\\Middleware\\ValidatePathEncoding->handle()
#44 /home/obed/Bureau/my-api-project/vendor/laravel/framework/src/Illuminate/Pipeline/Pipeline.php(137): Illuminate\\Pipeline\\Pipeline->Illuminate\\Pipeline\\{closure}()
#45 /home/obed/Bureau/my-api-project/vendor/laravel/framework/src/Illuminate/Foundation/Http/Kernel.php(175): Illuminate\\Pipeline\\Pipeline->then()
#46 /home/obed/Bureau/my-api-project/vendor/laravel/framework/src/Illuminate/Foundation/Http/Kernel.php(144): Illuminate\\Foundation\\Http\\Kernel->sendRequestThroughRouter()
#47 /home/obed/Bureau/my-api-project/vendor/laravel/framework/src/Illuminate/Foundation/Application.php(1219): Illuminate\\Foundation\\Http\\Kernel->handle()
#48 /home/obed/Bureau/my-api-project/public/index.php(20): Illuminate\\Foundation\\Application->handleRequest()
#49 /home/obed/Bureau/my-api-project/vendor/laravel/framework/src/Illuminate/Foundation/resources/server.php(23): require_once('...')
#50 {main}
"} 
[2025-09-03 09:45:20] local.INFO: Incoming fourniture request {"data":{"fourniture_id":1,"montant":19638.0,"quantite":3},"ip":"192.168.66.38","url":"http://192.168.66.238:53800/api/achat_fourniture"} 
[2025-09-03 09:45:20] local.INFO: Enregistrement terminé  
[2025-09-03 12:56:26] local.INFO: Incoming updateConsultation request {"data":{"consultation_id":3},"ip":"192.168.66.38","url":"http://192.168.66.238:53800/api/update_consultation"} 
[2025-09-03 12:56:26] local.INFO: Consultation updated successfully  
[2025-09-03 13:35:22] local.ERROR: SQLSTATE[42S22]: Column not found: 1054 Unknown column 'service_id' in 'field list' (Connection: mysql, SQL: update `users` set `service_id` = 3, `users`.`updated_at` = 2025-09-03 13:35:21 where `id` = 2) {"exception":"[object] (Illuminate\\Database\\QueryException(code: 42S22): SQLSTATE[42S22]: Column not found: 1054 Unknown column 'service_id' in 'field list' (Connection: mysql, SQL: update `users` set `service_id` = 3, `users`.`updated_at` = 2025-09-03 13:35:21 where `id` = 2) at /home/obed/Bureau/my-api-project/vendor/laravel/framework/src/Illuminate/Database/Connection.php:824)
[stacktrace]
#0 /home/obed/Bureau/my-api-project/vendor/laravel/framework/src/Illuminate/Database/Connection.php(778): Illuminate\\Database\\Connection->runQueryCallback()
#1 /home/obed/Bureau/my-api-project/vendor/laravel/framework/src/Illuminate/Database/Connection.php(583): Illuminate\\Database\\Connection->run()
#2 /home/obed/Bureau/my-api-project/vendor/laravel/framework/src/Illuminate/Database/Connection.php(535): Illuminate\\Database\\Connection->affectingStatement()
#3 /home/obed/Bureau/my-api-project/vendor/laravel/framework/src/Illuminate/Database/Query/Builder.php(3917): Illuminate\\Database\\Connection->update()
#4 /home/obed/Bureau/my-api-project/vendor/laravel/framework/src/Illuminate/Database/Eloquent/Builder.php(1251): Illuminate\\Database\\Query\\Builder->update()
#5 /home/obed/Bureau/my-api-project/vendor/laravel/framework/src/Illuminate/Database/Eloquent/Model.php(1314): Illuminate\\Database\\Eloquent\\Builder->update()
#6 /home/obed/Bureau/my-api-project/vendor/laravel/framework/src/Illuminate/Database/Eloquent/Model.php(1231): Illuminate\\Database\\Eloquent\\Model->performUpdate()
#7 /home/obed/Bureau/my-api-project/app/Http/Controllers/RoleController.php(67): Illuminate\\Database\\Eloquent\\Model->save()
#8 /home/obed/Bureau/my-api-project/vendor/laravel/framework/src/Illuminate/Routing/ControllerDispatcher.php(46): App\\Http\\Controllers\\RoleController->updatePersonnelRole()
#9 /home/obed/Bureau/my-api-project/vendor/laravel/framework/src/Illuminate/Routing/Route.php(265): Illuminate\\Routing\\ControllerDispatcher->dispatch()
#10 /home/obed/Bureau/my-api-project/vendor/laravel/framework/src/Illuminate/Routing/Route.php(211): Illuminate\\Routing\\Route->runController()
#11 /home/obed/Bureau/my-api-project/vendor/laravel/framework/src/Illuminate/Routing/Router.php(822): Illuminate\\Routing\\Route->run()
#12 /home/obed/Bureau/my-api-project/vendor/laravel/framework/src/Illuminate/Pipeline/Pipeline.php(180): Illuminate\\Routing\\Router->Illuminate\\Routing\\{closure}()
#13 /home/obed/Bureau/my-api-project/vendor/laravel/framework/src/Illuminate/Routing/Middleware/SubstituteBindings.php(50): Illuminate\\Pipeline\\Pipeline->Illuminate\\Pipeline\\{closure}()
#14 /home/obed/Bureau/my-api-project/vendor/laravel/framework/src/Illuminate/Pipeline/Pipeline.php(219): Illuminate\\Routing\\Middleware\\SubstituteBindings->handle()
#15 /home/obed/Bureau/my-api-project/vendor/laravel/sanctum/src/Http/Middleware/EnsureFrontendRequestsAreStateful.php(26): Illuminate\\Pipeline\\Pipeline->Illuminate\\Pipeline\\{closure}()
#16 /home/obed/Bureau/my-api-project/vendor/laravel/framework/src/Illuminate/Pipeline/Pipeline.php(180): Laravel\\Sanctum\\Http\\Middleware\\EnsureFrontendRequestsAreStateful->Laravel\\Sanctum\\Http\\Middleware\\{closure}()
#17 /home/obed/Bureau/my-api-project/vendor/laravel/framework/src/Illuminate/Pipeline/Pipeline.php(137): Illuminate\\Pipeline\\Pipeline->Illuminate\\Pipeline\\{closure}()
#18 /home/obed/Bureau/my-api-project/vendor/laravel/sanctum/src/Http/Middleware/EnsureFrontendRequestsAreStateful.php(25): Illuminate\\Pipeline\\Pipeline->then()
#19 /home/obed/Bureau/my-api-project/vendor/laravel/framework/src/Illuminate/Pipeline/Pipeline.php(219): Laravel\\Sanctum\\Http\\Middleware\\EnsureFrontendRequestsAreStateful->handle()
#20 /home/obed/Bureau/my-api-project/vendor/laravel/framework/src/Illuminate/Pipeline/Pipeline.php(137): Illuminate\\Pipeline\\Pipeline->Illuminate\\Pipeline\\{closure}()
#21 /home/obed/Bureau/my-api-project/vendor/laravel/framework/src/Illuminate/Routing/Router.php(821): Illuminate\\Pipeline\\Pipeline->then()
#22 /home/obed/Bureau/my-api-project/vendor/laravel/framework/src/Illuminate/Routing/Router.php(800): Illuminate\\Routing\\Router->runRouteWithinStack()
#23 /home/obed/Bureau/my-api-project/vendor/laravel/framework/src/Illuminate/Routing/Router.php(764): Illuminate\\Routing\\Router->runRoute()
#24 /home/obed/Bureau/my-api-project/vendor/laravel/framework/src/Illuminate/Routing/Router.php(753): Illuminate\\Routing\\Router->dispatchToRoute()
#25 /home/obed/Bureau/my-api-project/vendor/laravel/framework/src/Illuminate/Foundation/Http/Kernel.php(200): Illuminate\\Routing\\Router->dispatch()
#26 /home/obed/Bureau/my-api-project/vendor/laravel/framework/src/Illuminate/Pipeline/Pipeline.php(180): Illuminate\\Foundation\\Http\\Kernel->Illuminate\\Foundation\\Http\\{closure}()
#27 /home/obed/Bureau/my-api-project/vendor/laravel/framework/src/Illuminate/Foundation/Http/Middleware/TransformsRequest.php(21): Illuminate\\Pipeline\\Pipeline->Illuminate\\Pipeline\\{closure}()
#28 /home/obed/Bureau/my-api-project/vendor/laravel/framework/src/Illuminate/Foundation/Http/Middleware/ConvertEmptyStringsToNull.php(31): Illuminate\\Foundation\\Http\\Middleware\\TransformsRequest->handle()
#29 /home/obed/Bureau/my-api-project/vendor/laravel/framework/src/Illuminate/Pipeline/Pipeline.php(219): Illuminate\\Foundation\\Http\\Middleware\\ConvertEmptyStringsToNull->handle()
#30 /home/obed/Bureau/my-api-project/vendor/laravel/framework/src/Illuminate/Foundation/Http/Middleware/TransformsRequest.php(21): Illuminate\\Pipeline\\Pipeline->Illuminate\\Pipeline\\{closure}()
#31 /home/obed/Bureau/my-api-project/vendor/laravel/framework/src/Illuminate/Foundation/Http/Middleware/TrimStrings.php(51): Illuminate\\Foundation\\Http\\Middleware\\TransformsRequest->handle()
#32 /home/obed/Bureau/my-api-project/vendor/laravel/framework/src/Illuminate/Pipeline/Pipeline.php(219): Illuminate\\Foundation\\Http\\Middleware\\TrimStrings->handle()
#33 /home/obed/Bureau/my-api-project/vendor/laravel/framework/src/Illuminate/Http/Middleware/ValidatePostSize.php(27): Illuminate\\Pipeline\\Pipeline->Illuminate\\Pipeline\\{closure}()
#34 /home/obed/Bureau/my-api-project/vendor/laravel/framework/src/Illuminate/Pipeline/Pipeline.php(219): Illuminate\\Http\\Middleware\\ValidatePostSize->handle()
#35 /home/obed/Bureau/my-api-project/vendor/laravel/framework/src/Illuminate/Foundation/Http/Middleware/PreventRequestsDuringMaintenance.php(109): Illuminate\\Pipeline\\Pipeline->Illuminate\\Pipeline\\{closure}()
#36 /home/obed/Bureau/my-api-project/vendor/laravel/framework/src/Illuminate/Pipeline/Pipeline.php(219): Illuminate\\Foundation\\Http\\Middleware\\PreventRequestsDuringMaintenance->handle()
#37 /home/obed/Bureau/my-api-project/vendor/laravel/framework/src/Illuminate/Http/Middleware/HandleCors.php(61): Illuminate\\Pipeline\\Pipeline->Illuminate\\Pipeline\\{closure}()
#38 /home/obed/Bureau/my-api-project/vendor/laravel/framework/src/Illuminate/Pipeline/Pipeline.php(219): Illuminate\\Http\\Middleware\\HandleCors->handle()
#39 /home/obed/Bureau/my-api-project/vendor/laravel/framework/src/Illuminate/Http/Middleware/TrustProxies.php(58): Illuminate\\Pipeline\\Pipeline->Illuminate\\Pipeline\\{closure}()
#40 /home/obed/Bureau/my-api-project/vendor/laravel/framework/src/Illuminate/Pipeline/Pipeline.php(219): Illuminate\\Http\\Middleware\\TrustProxies->handle()
#41 /home/obed/Bureau/my-api-project/vendor/laravel/framework/src/Illuminate/Foundation/Http/Middleware/InvokeDeferredCallbacks.php(22): Illuminate\\Pipeline\\Pipeline->Illuminate\\Pipeline\\{closure}()
#42 /home/obed/Bureau/my-api-project/vendor/laravel/framework/src/Illuminate/Pipeline/Pipeline.php(219): Illuminate\\Foundation\\Http\\Middleware\\InvokeDeferredCallbacks->handle()
#43 /home/obed/Bureau/my-api-project/vendor/laravel/framework/src/Illuminate/Http/Middleware/ValidatePathEncoding.php(26): Illuminate\\Pipeline\\Pipeline->Illuminate\\Pipeline\\{closure}()
#44 /home/obed/Bureau/my-api-project/vendor/laravel/framework/src/Illuminate/Pipeline/Pipeline.php(219): Illuminate\\Http\\Middleware\\ValidatePathEncoding->handle()
#45 /home/obed/Bureau/my-api-project/vendor/laravel/framework/src/Illuminate/Pipeline/Pipeline.php(137): Illuminate\\Pipeline\\Pipeline->Illuminate\\Pipeline\\{closure}()
#46 /home/obed/Bureau/my-api-project/vendor/laravel/framework/src/Illuminate/Foundation/Http/Kernel.php(175): Illuminate\\Pipeline\\Pipeline->then()
#47 /home/obed/Bureau/my-api-project/vendor/laravel/framework/src/Illuminate/Foundation/Http/Kernel.php(144): Illuminate\\Foundation\\Http\\Kernel->sendRequestThroughRouter()
#48 /home/obed/Bureau/my-api-project/vendor/laravel/framework/src/Illuminate/Foundation/Application.php(1219): Illuminate\\Foundation\\Http\\Kernel->handle()
#49 /home/obed/Bureau/my-api-project/public/index.php(20): Illuminate\\Foundation\\Application->handleRequest()
#50 /home/obed/Bureau/my-api-project/vendor/laravel/framework/src/Illuminate/Foundation/resources/server.php(23): require_once('...')
#51 {main}

[previous exception] [object] (PDOException(code: 42S22): SQLSTATE[42S22]: Column not found: 1054 Unknown column 'service_id' in 'field list' at /home/obed/Bureau/my-api-project/vendor/laravel/framework/src/Illuminate/Database/Connection.php:591)
[stacktrace]
#0 /home/obed/Bureau/my-api-project/vendor/laravel/framework/src/Illuminate/Database/Connection.php(591): PDO->prepare()
#1 /home/obed/Bureau/my-api-project/vendor/laravel/framework/src/Illuminate/Database/Connection.php(811): Illuminate\\Database\\Connection->Illuminate\\Database\\{closure}()
#2 /home/obed/Bureau/my-api-project/vendor/laravel/framework/src/Illuminate/Database/Connection.php(778): Illuminate\\Database\\Connection->runQueryCallback()
#3 /home/obed/Bureau/my-api-project/vendor/laravel/framework/src/Illuminate/Database/Connection.php(583): Illuminate\\Database\\Connection->run()
#4 /home/obed/Bureau/my-api-project/vendor/laravel/framework/src/Illuminate/Database/Connection.php(535): Illuminate\\Database\\Connection->affectingStatement()
#5 /home/obed/Bureau/my-api-project/vendor/laravel/framework/src/Illuminate/Database/Query/Builder.php(3917): Illuminate\\Database\\Connection->update()
#6 /home/obed/Bureau/my-api-project/vendor/laravel/framework/src/Illuminate/Database/Eloquent/Builder.php(1251): Illuminate\\Database\\Query\\Builder->update()
#7 /home/obed/Bureau/my-api-project/vendor/laravel/framework/src/Illuminate/Database/Eloquent/Model.php(1314): Illuminate\\Database\\Eloquent\\Builder->update()
#8 /home/obed/Bureau/my-api-project/vendor/laravel/framework/src/Illuminate/Database/Eloquent/Model.php(1231): Illuminate\\Database\\Eloquent\\Model->performUpdate()
#9 /home/obed/Bureau/my-api-project/app/Http/Controllers/RoleController.php(67): Illuminate\\Database\\Eloquent\\Model->save()
#10 /home/obed/Bureau/my-api-project/vendor/laravel/framework/src/Illuminate/Routing/ControllerDispatcher.php(46): App\\Http\\Controllers\\RoleController->updatePersonnelRole()
#11 /home/obed/Bureau/my-api-project/vendor/laravel/framework/src/Illuminate/Routing/Route.php(265): Illuminate\\Routing\\ControllerDispatcher->dispatch()
#12 /home/obed/Bureau/my-api-project/vendor/laravel/framework/src/Illuminate/Routing/Route.php(211): Illuminate\\Routing\\Route->runController()
#13 /home/obed/Bureau/my-api-project/vendor/laravel/framework/src/Illuminate/Routing/Router.php(822): Illuminate\\Routing\\Route->run()
#14 /home/obed/Bureau/my-api-project/vendor/laravel/framework/src/Illuminate/Pipeline/Pipeline.php(180): Illuminate\\Routing\\Router->Illuminate\\Routing\\{closure}()
#15 /home/obed/Bureau/my-api-project/vendor/laravel/framework/src/Illuminate/Routing/Middleware/SubstituteBindings.php(50): Illuminate\\Pipeline\\Pipeline->Illuminate\\Pipeline\\{closure}()
#16 /home/obed/Bureau/my-api-project/vendor/laravel/framework/src/Illuminate/Pipeline/Pipeline.php(219): Illuminate\\Routing\\Middleware\\SubstituteBindings->handle()
#17 /home/obed/Bureau/my-api-project/vendor/laravel/sanctum/src/Http/Middleware/EnsureFrontendRequestsAreStateful.php(26): Illuminate\\Pipeline\\Pipeline->Illuminate\\Pipeline\\{closure}()
#18 /home/obed/Bureau/my-api-project/vendor/laravel/framework/src/Illuminate/Pipeline/Pipeline.php(180): Laravel\\Sanctum\\Http\\Middleware\\EnsureFrontendRequestsAreStateful->Laravel\\Sanctum\\Http\\Middleware\\{closure}()
#19 /home/obed/Bureau/my-api-project/vendor/laravel/framework/src/Illuminate/Pipeline/Pipeline.php(137): Illuminate\\Pipeline\\Pipeline->Illuminate\\Pipeline\\{closure}()
#20 /home/obed/Bureau/my-api-project/vendor/laravel/sanctum/src/Http/Middleware/EnsureFrontendRequestsAreStateful.php(25): Illuminate\\Pipeline\\Pipeline->then()
#21 /home/obed/Bureau/my-api-project/vendor/laravel/framework/src/Illuminate/Pipeline/Pipeline.php(219): Laravel\\Sanctum\\Http\\Middleware\\EnsureFrontendRequestsAreStateful->handle()
#22 /home/obed/Bureau/my-api-project/vendor/laravel/framework/src/Illuminate/Pipeline/Pipeline.php(137): Illuminate\\Pipeline\\Pipeline->Illuminate\\Pipeline\\{closure}()
#23 /home/obed/Bureau/my-api-project/vendor/laravel/framework/src/Illuminate/Routing/Router.php(821): Illuminate\\Pipeline\\Pipeline->then()
#24 /home/obed/Bureau/my-api-project/vendor/laravel/framework/src/Illuminate/Routing/Router.php(800): Illuminate\\Routing\\Router->runRouteWithinStack()
#25 /home/obed/Bureau/my-api-project/vendor/laravel/framework/src/Illuminate/Routing/Router.php(764): Illuminate\\Routing\\Router->runRoute()
#26 /home/obed/Bureau/my-api-project/vendor/laravel/framework/src/Illuminate/Routing/Router.php(753): Illuminate\\Routing\\Router->dispatchToRoute()
#27 /home/obed/Bureau/my-api-project/vendor/laravel/framework/src/Illuminate/Foundation/Http/Kernel.php(200): Illuminate\\Routing\\Router->dispatch()
#28 /home/obed/Bureau/my-api-project/vendor/laravel/framework/src/Illuminate/Pipeline/Pipeline.php(180): Illuminate\\Foundation\\Http\\Kernel->Illuminate\\Foundation\\Http\\{closure}()
#29 /home/obed/Bureau/my-api-project/vendor/laravel/framework/src/Illuminate/Foundation/Http/Middleware/TransformsRequest.php(21): Illuminate\\Pipeline\\Pipeline->Illuminate\\Pipeline\\{closure}()
#30 /home/obed/Bureau/my-api-project/vendor/laravel/framework/src/Illuminate/Foundation/Http/Middleware/ConvertEmptyStringsToNull.php(31): Illuminate\\Foundation\\Http\\Middleware\\TransformsRequest->handle()
#31 /home/obed/Bureau/my-api-project/vendor/laravel/framework/src/Illuminate/Pipeline/Pipeline.php(219): Illuminate\\Foundation\\Http\\Middleware\\ConvertEmptyStringsToNull->handle()
#32 /home/obed/Bureau/my-api-project/vendor/laravel/framework/src/Illuminate/Foundation/Http/Middleware/TransformsRequest.php(21): Illuminate\\Pipeline\\Pipeline->Illuminate\\Pipeline\\{closure}()
#33 /home/obed/Bureau/my-api-project/vendor/laravel/framework/src/Illuminate/Foundation/Http/Middleware/TrimStrings.php(51): Illuminate\\Foundation\\Http\\Middleware\\TransformsRequest->handle()
#34 /home/obed/Bureau/my-api-project/vendor/laravel/framework/src/Illuminate/Pipeline/Pipeline.php(219): Illuminate\\Foundation\\Http\\Middleware\\TrimStrings->handle()
#35 /home/obed/Bureau/my-api-project/vendor/laravel/framework/src/Illuminate/Http/Middleware/ValidatePostSize.php(27): Illuminate\\Pipeline\\Pipeline->Illuminate\\Pipeline\\{closure}()
#36 /home/obed/Bureau/my-api-project/vendor/laravel/framework/src/Illuminate/Pipeline/Pipeline.php(219): Illuminate\\Http\\Middleware\\ValidatePostSize->handle()
#37 /home/obed/Bureau/my-api-project/vendor/laravel/framework/src/Illuminate/Foundation/Http/Middleware/PreventRequestsDuringMaintenance.php(109): Illuminate\\Pipeline\\Pipeline->Illuminate\\Pipeline\\{closure}()
#38 /home/obed/Bureau/my-api-project/vendor/laravel/framework/src/Illuminate/Pipeline/Pipeline.php(219): Illuminate\\Foundation\\Http\\Middleware\\PreventRequestsDuringMaintenance->handle()
#39 /home/obed/Bureau/my-api-project/vendor/laravel/framework/src/Illuminate/Http/Middleware/HandleCors.php(61): Illuminate\\Pipeline\\Pipeline->Illuminate\\Pipeline\\{closure}()
#40 /home/obed/Bureau/my-api-project/vendor/laravel/framework/src/Illuminate/Pipeline/Pipeline.php(219): Illuminate\\Http\\Middleware\\HandleCors->handle()
#41 /home/obed/Bureau/my-api-project/vendor/laravel/framework/src/Illuminate/Http/Middleware/TrustProxies.php(58): Illuminate\\Pipeline\\Pipeline->Illuminate\\Pipeline\\{closure}()
#42 /home/obed/Bureau/my-api-project/vendor/laravel/framework/src/Illuminate/Pipeline/Pipeline.php(219): Illuminate\\Http\\Middleware\\TrustProxies->handle()
#43 /home/obed/Bureau/my-api-project/vendor/laravel/framework/src/Illuminate/Foundation/Http/Middleware/InvokeDeferredCallbacks.php(22): Illuminate\\Pipeline\\Pipeline->Illuminate\\Pipeline\\{closure}()
#44 /home/obed/Bureau/my-api-project/vendor/laravel/framework/src/Illuminate/Pipeline/Pipeline.php(219): Illuminate\\Foundation\\Http\\Middleware\\InvokeDeferredCallbacks->handle()
#45 /home/obed/Bureau/my-api-project/vendor/laravel/framework/src/Illuminate/Http/Middleware/ValidatePathEncoding.php(26): Illuminate\\Pipeline\\Pipeline->Illuminate\\Pipeline\\{closure}()
#46 /home/obed/Bureau/my-api-project/vendor/laravel/framework/src/Illuminate/Pipeline/Pipeline.php(219): Illuminate\\Http\\Middleware\\ValidatePathEncoding->handle()
#47 /home/obed/Bureau/my-api-project/vendor/laravel/framework/src/Illuminate/Pipeline/Pipeline.php(137): Illuminate\\Pipeline\\Pipeline->Illuminate\\Pipeline\\{closure}()
#48 /home/obed/Bureau/my-api-project/vendor/laravel/framework/src/Illuminate/Foundation/Http/Kernel.php(175): Illuminate\\Pipeline\\Pipeline->then()
#49 /home/obed/Bureau/my-api-project/vendor/laravel/framework/src/Illuminate/Foundation/Http/Kernel.php(144): Illuminate\\Foundation\\Http\\Kernel->sendRequestThroughRouter()
#50 /home/obed/Bureau/my-api-project/vendor/laravel/framework/src/Illuminate/Foundation/Application.php(1219): Illuminate\\Foundation\\Http\\Kernel->handle()
#51 /home/obed/Bureau/my-api-project/public/index.php(20): Illuminate\\Foundation\\Application->handleRequest()
#52 /home/obed/Bureau/my-api-project/vendor/laravel/framework/src/Illuminate/Foundation/resources/server.php(23): require_once('...')
#53 {main}
"} 
[2025-09-03 13:55:31] local.INFO: Incoming updateConsultation request {"data":{"consultation_id":10},"ip":"192.168.66.38","url":"http://192.168.66.238:53800/api/update_consultation"} 
[2025-09-03 13:55:31] local.INFO: Consultation updated successfully  
[2025-09-04 11:05:43] local.INFO: Incoming updateOrdonnance request {"data":{"ordonnance_id":2,"montant_paye":48618.0,"medicaments_prescrits":[1,4]},"ip":"192.168.100.212","url":"http://192.168.100.175:53800/api/update_ordonnance"} 
[2025-09-04 11:05:43] local.INFO: Ordonnance updated successfully {"ordonnance_id":2,"montant_paye":48618.0} 
[2025-09-04 11:05:43] local.INFO: MedicamentsPrescrits updated successfully {"ordonnance_id":2,"updated_count":2} 
[2025-09-04 18:12:24] local.ERROR: Object of class PHPUnit\Framework\Constraint\IsEmpty could not be converted to string {"exception":"[object] (Error(code: 0): Object of class PHPUnit\\Framework\\Constraint\\IsEmpty could not be converted to string at /home/obed/Bureau/my-api-project/app/Http/Controllers/PlanningController.php:37)
[stacktrace]
#0 /home/obed/Bureau/my-api-project/vendor/laravel/framework/src/Illuminate/Routing/ControllerDispatcher.php(46): App\\Http\\Controllers\\PlanningController->authenticatedUserPlannings()
#1 /home/obed/Bureau/my-api-project/vendor/laravel/framework/src/Illuminate/Routing/Route.php(265): Illuminate\\Routing\\ControllerDispatcher->dispatch()
#2 /home/obed/Bureau/my-api-project/vendor/laravel/framework/src/Illuminate/Routing/Route.php(211): Illuminate\\Routing\\Route->runController()
#3 /home/obed/Bureau/my-api-project/vendor/laravel/framework/src/Illuminate/Routing/Router.php(822): Illuminate\\Routing\\Route->run()
#4 /home/obed/Bureau/my-api-project/vendor/laravel/framework/src/Illuminate/Pipeline/Pipeline.php(180): Illuminate\\Routing\\Router->Illuminate\\Routing\\{closure}()
#5 /home/obed/Bureau/my-api-project/vendor/laravel/framework/src/Illuminate/Routing/Middleware/SubstituteBindings.php(50): Illuminate\\Pipeline\\Pipeline->Illuminate\\Pipeline\\{closure}()
#6 /home/obed/Bureau/my-api-project/vendor/laravel/framework/src/Illuminate/Pipeline/Pipeline.php(219): Illuminate\\Routing\\Middleware\\SubstituteBindings->handle()
#7 /home/obed/Bureau/my-api-project/vendor/laravel/sanctum/src/Http/Middleware/EnsureFrontendRequestsAreStateful.php(26): Illuminate\\Pipeline\\Pipeline->Illuminate\\Pipeline\\{closure}()
#8 /home/obed/Bureau/my-api-project/vendor/laravel/framework/src/Illuminate/Pipeline/Pipeline.php(180): Laravel\\Sanctum\\Http\\Middleware\\EnsureFrontendRequestsAreStateful->Laravel\\Sanctum\\Http\\Middleware\\{closure}()
#9 /home/obed/Bureau/my-api-project/vendor/laravel/framework/src/Illuminate/Pipeline/Pipeline.php(137): Illuminate\\Pipeline\\Pipeline->Illuminate\\Pipeline\\{closure}()
#10 /home/obed/Bureau/my-api-project/vendor/laravel/sanctum/src/Http/Middleware/EnsureFrontendRequestsAreStateful.php(25): Illuminate\\Pipeline\\Pipeline->then()
#11 /home/obed/Bureau/my-api-project/vendor/laravel/framework/src/Illuminate/Pipeline/Pipeline.php(219): Laravel\\Sanctum\\Http\\Middleware\\EnsureFrontendRequestsAreStateful->handle()
#12 /home/obed/Bureau/my-api-project/vendor/laravel/framework/src/Illuminate/Pipeline/Pipeline.php(137): Illuminate\\Pipeline\\Pipeline->Illuminate\\Pipeline\\{closure}()
#13 /home/obed/Bureau/my-api-project/vendor/laravel/framework/src/Illuminate/Routing/Router.php(821): Illuminate\\Pipeline\\Pipeline->then()
#14 /home/obed/Bureau/my-api-project/vendor/laravel/framework/src/Illuminate/Routing/Router.php(800): Illuminate\\Routing\\Router->runRouteWithinStack()
#15 /home/obed/Bureau/my-api-project/vendor/laravel/framework/src/Illuminate/Routing/Router.php(764): Illuminate\\Routing\\Router->runRoute()
#16 /home/obed/Bureau/my-api-project/vendor/laravel/framework/src/Illuminate/Routing/Router.php(753): Illuminate\\Routing\\Router->dispatchToRoute()
#17 /home/obed/Bureau/my-api-project/vendor/laravel/framework/src/Illuminate/Foundation/Http/Kernel.php(200): Illuminate\\Routing\\Router->dispatch()
#18 /home/obed/Bureau/my-api-project/vendor/laravel/framework/src/Illuminate/Pipeline/Pipeline.php(180): Illuminate\\Foundation\\Http\\Kernel->Illuminate\\Foundation\\Http\\{closure}()
#19 /home/obed/Bureau/my-api-project/vendor/laravel/framework/src/Illuminate/Foundation/Http/Middleware/TransformsRequest.php(21): Illuminate\\Pipeline\\Pipeline->Illuminate\\Pipeline\\{closure}()
#20 /home/obed/Bureau/my-api-project/vendor/laravel/framework/src/Illuminate/Foundation/Http/Middleware/ConvertEmptyStringsToNull.php(31): Illuminate\\Foundation\\Http\\Middleware\\TransformsRequest->handle()
#21 /home/obed/Bureau/my-api-project/vendor/laravel/framework/src/Illuminate/Pipeline/Pipeline.php(219): Illuminate\\Foundation\\Http\\Middleware\\ConvertEmptyStringsToNull->handle()
#22 /home/obed/Bureau/my-api-project/vendor/laravel/framework/src/Illuminate/Foundation/Http/Middleware/TransformsRequest.php(21): Illuminate\\Pipeline\\Pipeline->Illuminate\\Pipeline\\{closure}()
#23 /home/obed/Bureau/my-api-project/vendor/laravel/framework/src/Illuminate/Foundation/Http/Middleware/TrimStrings.php(51): Illuminate\\Foundation\\Http\\Middleware\\TransformsRequest->handle()
#24 /home/obed/Bureau/my-api-project/vendor/laravel/framework/src/Illuminate/Pipeline/Pipeline.php(219): Illuminate\\Foundation\\Http\\Middleware\\TrimStrings->handle()
#25 /home/obed/Bureau/my-api-project/vendor/laravel/framework/src/Illuminate/Http/Middleware/ValidatePostSize.php(27): Illuminate\\Pipeline\\Pipeline->Illuminate\\Pipeline\\{closure}()
#26 /home/obed/Bureau/my-api-project/vendor/laravel/framework/src/Illuminate/Pipeline/Pipeline.php(219): Illuminate\\Http\\Middleware\\ValidatePostSize->handle()
#27 /home/obed/Bureau/my-api-project/vendor/laravel/framework/src/Illuminate/Foundation/Http/Middleware/PreventRequestsDuringMaintenance.php(109): Illuminate\\Pipeline\\Pipeline->Illuminate\\Pipeline\\{closure}()
#28 /home/obed/Bureau/my-api-project/vendor/laravel/framework/src/Illuminate/Pipeline/Pipeline.php(219): Illuminate\\Foundation\\Http\\Middleware\\PreventRequestsDuringMaintenance->handle()
#29 /home/obed/Bureau/my-api-project/vendor/laravel/framework/src/Illuminate/Http/Middleware/HandleCors.php(61): Illuminate\\Pipeline\\Pipeline->Illuminate\\Pipeline\\{closure}()
#30 /home/obed/Bureau/my-api-project/vendor/laravel/framework/src/Illuminate/Pipeline/Pipeline.php(219): Illuminate\\Http\\Middleware\\HandleCors->handle()
#31 /home/obed/Bureau/my-api-project/vendor/laravel/framework/src/Illuminate/Http/Middleware/TrustProxies.php(58): Illuminate\\Pipeline\\Pipeline->Illuminate\\Pipeline\\{closure}()
#32 /home/obed/Bureau/my-api-project/vendor/laravel/framework/src/Illuminate/Pipeline/Pipeline.php(219): Illuminate\\Http\\Middleware\\TrustProxies->handle()
#33 /home/obed/Bureau/my-api-project/vendor/laravel/framework/src/Illuminate/Foundation/Http/Middleware/InvokeDeferredCallbacks.php(22): Illuminate\\Pipeline\\Pipeline->Illuminate\\Pipeline\\{closure}()
#34 /home/obed/Bureau/my-api-project/vendor/laravel/framework/src/Illuminate/Pipeline/Pipeline.php(219): Illuminate\\Foundation\\Http\\Middleware\\InvokeDeferredCallbacks->handle()
#35 /home/obed/Bureau/my-api-project/vendor/laravel/framework/src/Illuminate/Http/Middleware/ValidatePathEncoding.php(26): Illuminate\\Pipeline\\Pipeline->Illuminate\\Pipeline\\{closure}()
#36 /home/obed/Bureau/my-api-project/vendor/laravel/framework/src/Illuminate/Pipeline/Pipeline.php(219): Illuminate\\Http\\Middleware\\ValidatePathEncoding->handle()
#37 /home/obed/Bureau/my-api-project/vendor/laravel/framework/src/Illuminate/Pipeline/Pipeline.php(137): Illuminate\\Pipeline\\Pipeline->Illuminate\\Pipeline\\{closure}()
#38 /home/obed/Bureau/my-api-project/vendor/laravel/framework/src/Illuminate/Foundation/Http/Kernel.php(175): Illuminate\\Pipeline\\Pipeline->then()
#39 /home/obed/Bureau/my-api-project/vendor/laravel/framework/src/Illuminate/Foundation/Http/Kernel.php(144): Illuminate\\Foundation\\Http\\Kernel->sendRequestThroughRouter()
#40 /home/obed/Bureau/my-api-project/vendor/laravel/framework/src/Illuminate/Foundation/Application.php(1219): Illuminate\\Foundation\\Http\\Kernel->handle()
#41 /home/obed/Bureau/my-api-project/public/index.php(20): Illuminate\\Foundation\\Application->handleRequest()
#42 /home/obed/Bureau/my-api-project/vendor/laravel/framework/src/Illuminate/Foundation/resources/server.php(23): require_once('...')
#43 {main}
"} 
[2025-09-04 18:12:49] local.ERROR: Object of class PHPUnit\Framework\Constraint\IsEmpty could not be converted to string {"exception":"[object] (Error(code: 0): Object of class PHPUnit\\Framework\\Constraint\\IsEmpty could not be converted to string at /home/obed/Bureau/my-api-project/app/Http/Controllers/PlanningController.php:37)
[stacktrace]
#0 /home/obed/Bureau/my-api-project/vendor/laravel/framework/src/Illuminate/Routing/ControllerDispatcher.php(46): App\\Http\\Controllers\\PlanningController->authenticatedUserPlannings()
#1 /home/obed/Bureau/my-api-project/vendor/laravel/framework/src/Illuminate/Routing/Route.php(265): Illuminate\\Routing\\ControllerDispatcher->dispatch()
#2 /home/obed/Bureau/my-api-project/vendor/laravel/framework/src/Illuminate/Routing/Route.php(211): Illuminate\\Routing\\Route->runController()
#3 /home/obed/Bureau/my-api-project/vendor/laravel/framework/src/Illuminate/Routing/Router.php(822): Illuminate\\Routing\\Route->run()
#4 /home/obed/Bureau/my-api-project/vendor/laravel/framework/src/Illuminate/Pipeline/Pipeline.php(180): Illuminate\\Routing\\Router->Illuminate\\Routing\\{closure}()
#5 /home/obed/Bureau/my-api-project/vendor/laravel/framework/src/Illuminate/Routing/Middleware/SubstituteBindings.php(50): Illuminate\\Pipeline\\Pipeline->Illuminate\\Pipeline\\{closure}()
#6 /home/obed/Bureau/my-api-project/vendor/laravel/framework/src/Illuminate/Pipeline/Pipeline.php(219): Illuminate\\Routing\\Middleware\\SubstituteBindings->handle()
#7 /home/obed/Bureau/my-api-project/vendor/laravel/sanctum/src/Http/Middleware/EnsureFrontendRequestsAreStateful.php(26): Illuminate\\Pipeline\\Pipeline->Illuminate\\Pipeline\\{closure}()
#8 /home/obed/Bureau/my-api-project/vendor/laravel/framework/src/Illuminate/Pipeline/Pipeline.php(180): Laravel\\Sanctum\\Http\\Middleware\\EnsureFrontendRequestsAreStateful->Laravel\\Sanctum\\Http\\Middleware\\{closure}()
#9 /home/obed/Bureau/my-api-project/vendor/laravel/framework/src/Illuminate/Pipeline/Pipeline.php(137): Illuminate\\Pipeline\\Pipeline->Illuminate\\Pipeline\\{closure}()
#10 /home/obed/Bureau/my-api-project/vendor/laravel/sanctum/src/Http/Middleware/EnsureFrontendRequestsAreStateful.php(25): Illuminate\\Pipeline\\Pipeline->then()
#11 /home/obed/Bureau/my-api-project/vendor/laravel/framework/src/Illuminate/Pipeline/Pipeline.php(219): Laravel\\Sanctum\\Http\\Middleware\\EnsureFrontendRequestsAreStateful->handle()
#12 /home/obed/Bureau/my-api-project/vendor/laravel/framework/src/Illuminate/Pipeline/Pipeline.php(137): Illuminate\\Pipeline\\Pipeline->Illuminate\\Pipeline\\{closure}()
#13 /home/obed/Bureau/my-api-project/vendor/laravel/framework/src/Illuminate/Routing/Router.php(821): Illuminate\\Pipeline\\Pipeline->then()
#14 /home/obed/Bureau/my-api-project/vendor/laravel/framework/src/Illuminate/Routing/Router.php(800): Illuminate\\Routing\\Router->runRouteWithinStack()
#15 /home/obed/Bureau/my-api-project/vendor/laravel/framework/src/Illuminate/Routing/Router.php(764): Illuminate\\Routing\\Router->runRoute()
#16 /home/obed/Bureau/my-api-project/vendor/laravel/framework/src/Illuminate/Routing/Router.php(753): Illuminate\\Routing\\Router->dispatchToRoute()
#17 /home/obed/Bureau/my-api-project/vendor/laravel/framework/src/Illuminate/Foundation/Http/Kernel.php(200): Illuminate\\Routing\\Router->dispatch()
#18 /home/obed/Bureau/my-api-project/vendor/laravel/framework/src/Illuminate/Pipeline/Pipeline.php(180): Illuminate\\Foundation\\Http\\Kernel->Illuminate\\Foundation\\Http\\{closure}()
#19 /home/obed/Bureau/my-api-project/vendor/laravel/framework/src/Illuminate/Foundation/Http/Middleware/TransformsRequest.php(21): Illuminate\\Pipeline\\Pipeline->Illuminate\\Pipeline\\{closure}()
#20 /home/obed/Bureau/my-api-project/vendor/laravel/framework/src/Illuminate/Foundation/Http/Middleware/ConvertEmptyStringsToNull.php(31): Illuminate\\Foundation\\Http\\Middleware\\TransformsRequest->handle()
#21 /home/obed/Bureau/my-api-project/vendor/laravel/framework/src/Illuminate/Pipeline/Pipeline.php(219): Illuminate\\Foundation\\Http\\Middleware\\ConvertEmptyStringsToNull->handle()
#22 /home/obed/Bureau/my-api-project/vendor/laravel/framework/src/Illuminate/Foundation/Http/Middleware/TransformsRequest.php(21): Illuminate\\Pipeline\\Pipeline->Illuminate\\Pipeline\\{closure}()
#23 /home/obed/Bureau/my-api-project/vendor/laravel/framework/src/Illuminate/Foundation/Http/Middleware/TrimStrings.php(51): Illuminate\\Foundation\\Http\\Middleware\\TransformsRequest->handle()
#24 /home/obed/Bureau/my-api-project/vendor/laravel/framework/src/Illuminate/Pipeline/Pipeline.php(219): Illuminate\\Foundation\\Http\\Middleware\\TrimStrings->handle()
#25 /home/obed/Bureau/my-api-project/vendor/laravel/framework/src/Illuminate/Http/Middleware/ValidatePostSize.php(27): Illuminate\\Pipeline\\Pipeline->Illuminate\\Pipeline\\{closure}()
#26 /home/obed/Bureau/my-api-project/vendor/laravel/framework/src/Illuminate/Pipeline/Pipeline.php(219): Illuminate\\Http\\Middleware\\ValidatePostSize->handle()
#27 /home/obed/Bureau/my-api-project/vendor/laravel/framework/src/Illuminate/Foundation/Http/Middleware/PreventRequestsDuringMaintenance.php(109): Illuminate\\Pipeline\\Pipeline->Illuminate\\Pipeline\\{closure}()
#28 /home/obed/Bureau/my-api-project/vendor/laravel/framework/src/Illuminate/Pipeline/Pipeline.php(219): Illuminate\\Foundation\\Http\\Middleware\\PreventRequestsDuringMaintenance->handle()
#29 /home/obed/Bureau/my-api-project/vendor/laravel/framework/src/Illuminate/Http/Middleware/HandleCors.php(61): Illuminate\\Pipeline\\Pipeline->Illuminate\\Pipeline\\{closure}()
#30 /home/obed/Bureau/my-api-project/vendor/laravel/framework/src/Illuminate/Pipeline/Pipeline.php(219): Illuminate\\Http\\Middleware\\HandleCors->handle()
#31 /home/obed/Bureau/my-api-project/vendor/laravel/framework/src/Illuminate/Http/Middleware/TrustProxies.php(58): Illuminate\\Pipeline\\Pipeline->Illuminate\\Pipeline\\{closure}()
#32 /home/obed/Bureau/my-api-project/vendor/laravel/framework/src/Illuminate/Pipeline/Pipeline.php(219): Illuminate\\Http\\Middleware\\TrustProxies->handle()
#33 /home/obed/Bureau/my-api-project/vendor/laravel/framework/src/Illuminate/Foundation/Http/Middleware/InvokeDeferredCallbacks.php(22): Illuminate\\Pipeline\\Pipeline->Illuminate\\Pipeline\\{closure}()
#34 /home/obed/Bureau/my-api-project/vendor/laravel/framework/src/Illuminate/Pipeline/Pipeline.php(219): Illuminate\\Foundation\\Http\\Middleware\\InvokeDeferredCallbacks->handle()
#35 /home/obed/Bureau/my-api-project/vendor/laravel/framework/src/Illuminate/Http/Middleware/ValidatePathEncoding.php(26): Illuminate\\Pipeline\\Pipeline->Illuminate\\Pipeline\\{closure}()
#36 /home/obed/Bureau/my-api-project/vendor/laravel/framework/src/Illuminate/Pipeline/Pipeline.php(219): Illuminate\\Http\\Middleware\\ValidatePathEncoding->handle()
#37 /home/obed/Bureau/my-api-project/vendor/laravel/framework/src/Illuminate/Pipeline/Pipeline.php(137): Illuminate\\Pipeline\\Pipeline->Illuminate\\Pipeline\\{closure}()
#38 /home/obed/Bureau/my-api-project/vendor/laravel/framework/src/Illuminate/Foundation/Http/Kernel.php(175): Illuminate\\Pipeline\\Pipeline->then()
#39 /home/obed/Bureau/my-api-project/vendor/laravel/framework/src/Illuminate/Foundation/Http/Kernel.php(144): Illuminate\\Foundation\\Http\\Kernel->sendRequestThroughRouter()
#40 /home/obed/Bureau/my-api-project/vendor/laravel/framework/src/Illuminate/Foundation/Application.php(1219): Illuminate\\Foundation\\Http\\Kernel->handle()
#41 /home/obed/Bureau/my-api-project/public/index.php(20): Illuminate\\Foundation\\Application->handleRequest()
#42 /home/obed/Bureau/my-api-project/vendor/laravel/framework/src/Illuminate/Foundation/resources/server.php(23): require_once('...')
#43 {main}
"} 
[2025-09-04 20:42:59] local.INFO: Incoming fourniture request {"data":{"fourniture_id":1,"montant":6546.0,"quantite":1},"ip":"192.168.100.212","url":"http://192.168.100.175:53800/api/achat_fourniture"} 
[2025-09-04 20:42:59] local.INFO: Enregistrement terminé  
[2025-09-05 08:25:02] local.INFO: Début de la fonction findUserSpecialite -----------------  
[2025-09-05 08:25:03] local.INFO: Spécialité trouvée pour l'utilisateur {"user_id":2,"specialite_id":2} 
[2025-09-05 09:04:55] local.INFO: Début de la fonction findUserSpecialite -----------------  
[2025-09-05 09:04:55] local.INFO: Spécialité trouvée pour l'utilisateur {"user_id":2,"specialite_id":2} 
[2025-09-05 11:10:00] local.INFO: Incoming updateAnalyse request {"data":{"analyse_patient_id":1},"ip":"192.168.100.212","url":"http://192.168.100.175:53800/api/update_analyse"} 
[2025-09-05 11:10:00] local.ERROR: Unexpected error in updateAnalyse {"message":"No query results for model [App\\Models\\AnalysePatient] 1","code":0,"file":"/home/obed/Bureau/my-api-project/vendor/laravel/framework/src/Illuminate/Database/Eloquent/Builder.php","line":615,"request_data":{"analyse_patient_id":1}} 
[2025-09-05 13:16:38] local.INFO: Incoming updateAnalyse request {"data":{"analyse_patient_id":1},"ip":"192.168.100.212","url":"http://192.168.100.175:53800/api/update_analyse"} 
[2025-09-05 13:16:38] local.INFO: Analyse updated successfully  
[2025-09-05 13:21:40] local.ERROR: Object of class PHPUnit\Framework\Constraint\IsEmpty could not be converted to string {"exception":"[object] (Error(code: 0): Object of class PHPUnit\\Framework\\Constraint\\IsEmpty could not be converted to string at /home/obed/Bureau/my-api-project/app/Http/Controllers/PlanningController.php:37)
[stacktrace]
#0 /home/obed/Bureau/my-api-project/vendor/laravel/framework/src/Illuminate/Routing/ControllerDispatcher.php(46): App\\Http\\Controllers\\PlanningController->authenticatedUserPlannings()
#1 /home/obed/Bureau/my-api-project/vendor/laravel/framework/src/Illuminate/Routing/Route.php(265): Illuminate\\Routing\\ControllerDispatcher->dispatch()
#2 /home/obed/Bureau/my-api-project/vendor/laravel/framework/src/Illuminate/Routing/Route.php(211): Illuminate\\Routing\\Route->runController()
#3 /home/obed/Bureau/my-api-project/vendor/laravel/framework/src/Illuminate/Routing/Router.php(822): Illuminate\\Routing\\Route->run()
#4 /home/obed/Bureau/my-api-project/vendor/laravel/framework/src/Illuminate/Pipeline/Pipeline.php(180): Illuminate\\Routing\\Router->Illuminate\\Routing\\{closure}()
#5 /home/obed/Bureau/my-api-project/vendor/laravel/framework/src/Illuminate/Routing/Middleware/SubstituteBindings.php(50): Illuminate\\Pipeline\\Pipeline->Illuminate\\Pipeline\\{closure}()
#6 /home/obed/Bureau/my-api-project/vendor/laravel/framework/src/Illuminate/Pipeline/Pipeline.php(219): Illuminate\\Routing\\Middleware\\SubstituteBindings->handle()
#7 /home/obed/Bureau/my-api-project/vendor/laravel/sanctum/src/Http/Middleware/EnsureFrontendRequestsAreStateful.php(26): Illuminate\\Pipeline\\Pipeline->Illuminate\\Pipeline\\{closure}()
#8 /home/obed/Bureau/my-api-project/vendor/laravel/framework/src/Illuminate/Pipeline/Pipeline.php(180): Laravel\\Sanctum\\Http\\Middleware\\EnsureFrontendRequestsAreStateful->Laravel\\Sanctum\\Http\\Middleware\\{closure}()
#9 /home/obed/Bureau/my-api-project/vendor/laravel/framework/src/Illuminate/Pipeline/Pipeline.php(137): Illuminate\\Pipeline\\Pipeline->Illuminate\\Pipeline\\{closure}()
#10 /home/obed/Bureau/my-api-project/vendor/laravel/sanctum/src/Http/Middleware/EnsureFrontendRequestsAreStateful.php(25): Illuminate\\Pipeline\\Pipeline->then()
#11 /home/obed/Bureau/my-api-project/vendor/laravel/framework/src/Illuminate/Pipeline/Pipeline.php(219): Laravel\\Sanctum\\Http\\Middleware\\EnsureFrontendRequestsAreStateful->handle()
#12 /home/obed/Bureau/my-api-project/vendor/laravel/framework/src/Illuminate/Pipeline/Pipeline.php(137): Illuminate\\Pipeline\\Pipeline->Illuminate\\Pipeline\\{closure}()
#13 /home/obed/Bureau/my-api-project/vendor/laravel/framework/src/Illuminate/Routing/Router.php(821): Illuminate\\Pipeline\\Pipeline->then()
#14 /home/obed/Bureau/my-api-project/vendor/laravel/framework/src/Illuminate/Routing/Router.php(800): Illuminate\\Routing\\Router->runRouteWithinStack()
#15 /home/obed/Bureau/my-api-project/vendor/laravel/framework/src/Illuminate/Routing/Router.php(764): Illuminate\\Routing\\Router->runRoute()
#16 /home/obed/Bureau/my-api-project/vendor/laravel/framework/src/Illuminate/Routing/Router.php(753): Illuminate\\Routing\\Router->dispatchToRoute()
#17 /home/obed/Bureau/my-api-project/vendor/laravel/framework/src/Illuminate/Foundation/Http/Kernel.php(200): Illuminate\\Routing\\Router->dispatch()
#18 /home/obed/Bureau/my-api-project/vendor/laravel/framework/src/Illuminate/Pipeline/Pipeline.php(180): Illuminate\\Foundation\\Http\\Kernel->Illuminate\\Foundation\\Http\\{closure}()
#19 /home/obed/Bureau/my-api-project/vendor/laravel/framework/src/Illuminate/Foundation/Http/Middleware/TransformsRequest.php(21): Illuminate\\Pipeline\\Pipeline->Illuminate\\Pipeline\\{closure}()
#20 /home/obed/Bureau/my-api-project/vendor/laravel/framework/src/Illuminate/Foundation/Http/Middleware/ConvertEmptyStringsToNull.php(31): Illuminate\\Foundation\\Http\\Middleware\\TransformsRequest->handle()
#21 /home/obed/Bureau/my-api-project/vendor/laravel/framework/src/Illuminate/Pipeline/Pipeline.php(219): Illuminate\\Foundation\\Http\\Middleware\\ConvertEmptyStringsToNull->handle()
#22 /home/obed/Bureau/my-api-project/vendor/laravel/framework/src/Illuminate/Foundation/Http/Middleware/TransformsRequest.php(21): Illuminate\\Pipeline\\Pipeline->Illuminate\\Pipeline\\{closure}()
#23 /home/obed/Bureau/my-api-project/vendor/laravel/framework/src/Illuminate/Foundation/Http/Middleware/TrimStrings.php(51): Illuminate\\Foundation\\Http\\Middleware\\TransformsRequest->handle()
#24 /home/obed/Bureau/my-api-project/vendor/laravel/framework/src/Illuminate/Pipeline/Pipeline.php(219): Illuminate\\Foundation\\Http\\Middleware\\TrimStrings->handle()
#25 /home/obed/Bureau/my-api-project/vendor/laravel/framework/src/Illuminate/Http/Middleware/ValidatePostSize.php(27): Illuminate\\Pipeline\\Pipeline->Illuminate\\Pipeline\\{closure}()
#26 /home/obed/Bureau/my-api-project/vendor/laravel/framework/src/Illuminate/Pipeline/Pipeline.php(219): Illuminate\\Http\\Middleware\\ValidatePostSize->handle()
#27 /home/obed/Bureau/my-api-project/vendor/laravel/framework/src/Illuminate/Foundation/Http/Middleware/PreventRequestsDuringMaintenance.php(109): Illuminate\\Pipeline\\Pipeline->Illuminate\\Pipeline\\{closure}()
#28 /home/obed/Bureau/my-api-project/vendor/laravel/framework/src/Illuminate/Pipeline/Pipeline.php(219): Illuminate\\Foundation\\Http\\Middleware\\PreventRequestsDuringMaintenance->handle()
#29 /home/obed/Bureau/my-api-project/vendor/laravel/framework/src/Illuminate/Http/Middleware/HandleCors.php(61): Illuminate\\Pipeline\\Pipeline->Illuminate\\Pipeline\\{closure}()
#30 /home/obed/Bureau/my-api-project/vendor/laravel/framework/src/Illuminate/Pipeline/Pipeline.php(219): Illuminate\\Http\\Middleware\\HandleCors->handle()
#31 /home/obed/Bureau/my-api-project/vendor/laravel/framework/src/Illuminate/Http/Middleware/TrustProxies.php(58): Illuminate\\Pipeline\\Pipeline->Illuminate\\Pipeline\\{closure}()
#32 /home/obed/Bureau/my-api-project/vendor/laravel/framework/src/Illuminate/Pipeline/Pipeline.php(219): Illuminate\\Http\\Middleware\\TrustProxies->handle()
#33 /home/obed/Bureau/my-api-project/vendor/laravel/framework/src/Illuminate/Foundation/Http/Middleware/InvokeDeferredCallbacks.php(22): Illuminate\\Pipeline\\Pipeline->Illuminate\\Pipeline\\{closure}()
#34 /home/obed/Bureau/my-api-project/vendor/laravel/framework/src/Illuminate/Pipeline/Pipeline.php(219): Illuminate\\Foundation\\Http\\Middleware\\InvokeDeferredCallbacks->handle()
#35 /home/obed/Bureau/my-api-project/vendor/laravel/framework/src/Illuminate/Http/Middleware/ValidatePathEncoding.php(26): Illuminate\\Pipeline\\Pipeline->Illuminate\\Pipeline\\{closure}()
#36 /home/obed/Bureau/my-api-project/vendor/laravel/framework/src/Illuminate/Pipeline/Pipeline.php(219): Illuminate\\Http\\Middleware\\ValidatePathEncoding->handle()
#37 /home/obed/Bureau/my-api-project/vendor/laravel/framework/src/Illuminate/Pipeline/Pipeline.php(137): Illuminate\\Pipeline\\Pipeline->Illuminate\\Pipeline\\{closure}()
#38 /home/obed/Bureau/my-api-project/vendor/laravel/framework/src/Illuminate/Foundation/Http/Kernel.php(175): Illuminate\\Pipeline\\Pipeline->then()
#39 /home/obed/Bureau/my-api-project/vendor/laravel/framework/src/Illuminate/Foundation/Http/Kernel.php(144): Illuminate\\Foundation\\Http\\Kernel->sendRequestThroughRouter()
#40 /home/obed/Bureau/my-api-project/vendor/laravel/framework/src/Illuminate/Foundation/Application.php(1219): Illuminate\\Foundation\\Http\\Kernel->handle()
#41 /home/obed/Bureau/my-api-project/public/index.php(20): Illuminate\\Foundation\\Application->handleRequest()
#42 /home/obed/Bureau/my-api-project/vendor/laravel/framework/src/Illuminate/Foundation/resources/server.php(23): require_once('...')
#43 {main}
"} 
[2025-09-05 13:21:45] local.ERROR: Object of class PHPUnit\Framework\Constraint\IsEmpty could not be converted to string {"exception":"[object] (Error(code: 0): Object of class PHPUnit\\Framework\\Constraint\\IsEmpty could not be converted to string at /home/obed/Bureau/my-api-project/app/Http/Controllers/PlanningController.php:37)
[stacktrace]
#0 /home/obed/Bureau/my-api-project/vendor/laravel/framework/src/Illuminate/Routing/ControllerDispatcher.php(46): App\\Http\\Controllers\\PlanningController->authenticatedUserPlannings()
#1 /home/obed/Bureau/my-api-project/vendor/laravel/framework/src/Illuminate/Routing/Route.php(265): Illuminate\\Routing\\ControllerDispatcher->dispatch()
#2 /home/obed/Bureau/my-api-project/vendor/laravel/framework/src/Illuminate/Routing/Route.php(211): Illuminate\\Routing\\Route->runController()
#3 /home/obed/Bureau/my-api-project/vendor/laravel/framework/src/Illuminate/Routing/Router.php(822): Illuminate\\Routing\\Route->run()
#4 /home/obed/Bureau/my-api-project/vendor/laravel/framework/src/Illuminate/Pipeline/Pipeline.php(180): Illuminate\\Routing\\Router->Illuminate\\Routing\\{closure}()
#5 /home/obed/Bureau/my-api-project/vendor/laravel/framework/src/Illuminate/Routing/Middleware/SubstituteBindings.php(50): Illuminate\\Pipeline\\Pipeline->Illuminate\\Pipeline\\{closure}()
#6 /home/obed/Bureau/my-api-project/vendor/laravel/framework/src/Illuminate/Pipeline/Pipeline.php(219): Illuminate\\Routing\\Middleware\\SubstituteBindings->handle()
#7 /home/obed/Bureau/my-api-project/vendor/laravel/sanctum/src/Http/Middleware/EnsureFrontendRequestsAreStateful.php(26): Illuminate\\Pipeline\\Pipeline->Illuminate\\Pipeline\\{closure}()
#8 /home/obed/Bureau/my-api-project/vendor/laravel/framework/src/Illuminate/Pipeline/Pipeline.php(180): Laravel\\Sanctum\\Http\\Middleware\\EnsureFrontendRequestsAreStateful->Laravel\\Sanctum\\Http\\Middleware\\{closure}()
#9 /home/obed/Bureau/my-api-project/vendor/laravel/framework/src/Illuminate/Pipeline/Pipeline.php(137): Illuminate\\Pipeline\\Pipeline->Illuminate\\Pipeline\\{closure}()
#10 /home/obed/Bureau/my-api-project/vendor/laravel/sanctum/src/Http/Middleware/EnsureFrontendRequestsAreStateful.php(25): Illuminate\\Pipeline\\Pipeline->then()
#11 /home/obed/Bureau/my-api-project/vendor/laravel/framework/src/Illuminate/Pipeline/Pipeline.php(219): Laravel\\Sanctum\\Http\\Middleware\\EnsureFrontendRequestsAreStateful->handle()
#12 /home/obed/Bureau/my-api-project/vendor/laravel/framework/src/Illuminate/Pipeline/Pipeline.php(137): Illuminate\\Pipeline\\Pipeline->Illuminate\\Pipeline\\{closure}()
#13 /home/obed/Bureau/my-api-project/vendor/laravel/framework/src/Illuminate/Routing/Router.php(821): Illuminate\\Pipeline\\Pipeline->then()
#14 /home/obed/Bureau/my-api-project/vendor/laravel/framework/src/Illuminate/Routing/Router.php(800): Illuminate\\Routing\\Router->runRouteWithinStack()
#15 /home/obed/Bureau/my-api-project/vendor/laravel/framework/src/Illuminate/Routing/Router.php(764): Illuminate\\Routing\\Router->runRoute()
#16 /home/obed/Bureau/my-api-project/vendor/laravel/framework/src/Illuminate/Routing/Router.php(753): Illuminate\\Routing\\Router->dispatchToRoute()
#17 /home/obed/Bureau/my-api-project/vendor/laravel/framework/src/Illuminate/Foundation/Http/Kernel.php(200): Illuminate\\Routing\\Router->dispatch()
#18 /home/obed/Bureau/my-api-project/vendor/laravel/framework/src/Illuminate/Pipeline/Pipeline.php(180): Illuminate\\Foundation\\Http\\Kernel->Illuminate\\Foundation\\Http\\{closure}()
#19 /home/obed/Bureau/my-api-project/vendor/laravel/framework/src/Illuminate/Foundation/Http/Middleware/TransformsRequest.php(21): Illuminate\\Pipeline\\Pipeline->Illuminate\\Pipeline\\{closure}()
#20 /home/obed/Bureau/my-api-project/vendor/laravel/framework/src/Illuminate/Foundation/Http/Middleware/ConvertEmptyStringsToNull.php(31): Illuminate\\Foundation\\Http\\Middleware\\TransformsRequest->handle()
#21 /home/obed/Bureau/my-api-project/vendor/laravel/framework/src/Illuminate/Pipeline/Pipeline.php(219): Illuminate\\Foundation\\Http\\Middleware\\ConvertEmptyStringsToNull->handle()
#22 /home/obed/Bureau/my-api-project/vendor/laravel/framework/src/Illuminate/Foundation/Http/Middleware/TransformsRequest.php(21): Illuminate\\Pipeline\\Pipeline->Illuminate\\Pipeline\\{closure}()
#23 /home/obed/Bureau/my-api-project/vendor/laravel/framework/src/Illuminate/Foundation/Http/Middleware/TrimStrings.php(51): Illuminate\\Foundation\\Http\\Middleware\\TransformsRequest->handle()
#24 /home/obed/Bureau/my-api-project/vendor/laravel/framework/src/Illuminate/Pipeline/Pipeline.php(219): Illuminate\\Foundation\\Http\\Middleware\\TrimStrings->handle()
#25 /home/obed/Bureau/my-api-project/vendor/laravel/framework/src/Illuminate/Http/Middleware/ValidatePostSize.php(27): Illuminate\\Pipeline\\Pipeline->Illuminate\\Pipeline\\{closure}()
#26 /home/obed/Bureau/my-api-project/vendor/laravel/framework/src/Illuminate/Pipeline/Pipeline.php(219): Illuminate\\Http\\Middleware\\ValidatePostSize->handle()
#27 /home/obed/Bureau/my-api-project/vendor/laravel/framework/src/Illuminate/Foundation/Http/Middleware/PreventRequestsDuringMaintenance.php(109): Illuminate\\Pipeline\\Pipeline->Illuminate\\Pipeline\\{closure}()
#28 /home/obed/Bureau/my-api-project/vendor/laravel/framework/src/Illuminate/Pipeline/Pipeline.php(219): Illuminate\\Foundation\\Http\\Middleware\\PreventRequestsDuringMaintenance->handle()
#29 /home/obed/Bureau/my-api-project/vendor/laravel/framework/src/Illuminate/Http/Middleware/HandleCors.php(61): Illuminate\\Pipeline\\Pipeline->Illuminate\\Pipeline\\{closure}()
#30 /home/obed/Bureau/my-api-project/vendor/laravel/framework/src/Illuminate/Pipeline/Pipeline.php(219): Illuminate\\Http\\Middleware\\HandleCors->handle()
#31 /home/obed/Bureau/my-api-project/vendor/laravel/framework/src/Illuminate/Http/Middleware/TrustProxies.php(58): Illuminate\\Pipeline\\Pipeline->Illuminate\\Pipeline\\{closure}()
#32 /home/obed/Bureau/my-api-project/vendor/laravel/framework/src/Illuminate/Pipeline/Pipeline.php(219): Illuminate\\Http\\Middleware\\TrustProxies->handle()
#33 /home/obed/Bureau/my-api-project/vendor/laravel/framework/src/Illuminate/Foundation/Http/Middleware/InvokeDeferredCallbacks.php(22): Illuminate\\Pipeline\\Pipeline->Illuminate\\Pipeline\\{closure}()
#34 /home/obed/Bureau/my-api-project/vendor/laravel/framework/src/Illuminate/Pipeline/Pipeline.php(219): Illuminate\\Foundation\\Http\\Middleware\\InvokeDeferredCallbacks->handle()
#35 /home/obed/Bureau/my-api-project/vendor/laravel/framework/src/Illuminate/Http/Middleware/ValidatePathEncoding.php(26): Illuminate\\Pipeline\\Pipeline->Illuminate\\Pipeline\\{closure}()
#36 /home/obed/Bureau/my-api-project/vendor/laravel/framework/src/Illuminate/Pipeline/Pipeline.php(219): Illuminate\\Http\\Middleware\\ValidatePathEncoding->handle()
#37 /home/obed/Bureau/my-api-project/vendor/laravel/framework/src/Illuminate/Pipeline/Pipeline.php(137): Illuminate\\Pipeline\\Pipeline->Illuminate\\Pipeline\\{closure}()
#38 /home/obed/Bureau/my-api-project/vendor/laravel/framework/src/Illuminate/Foundation/Http/Kernel.php(175): Illuminate\\Pipeline\\Pipeline->then()
#39 /home/obed/Bureau/my-api-project/vendor/laravel/framework/src/Illuminate/Foundation/Http/Kernel.php(144): Illuminate\\Foundation\\Http\\Kernel->sendRequestThroughRouter()
#40 /home/obed/Bureau/my-api-project/vendor/laravel/framework/src/Illuminate/Foundation/Application.php(1219): Illuminate\\Foundation\\Http\\Kernel->handle()
#41 /home/obed/Bureau/my-api-project/public/index.php(20): Illuminate\\Foundation\\Application->handleRequest()
#42 /home/obed/Bureau/my-api-project/vendor/laravel/framework/src/Illuminate/Foundation/resources/server.php(23): require_once('...')
#43 {main}
"} 
[2025-09-11 08:07:01] local.INFO: Incoming fourniture request {"data":{"fourniture_id":1,"montant":6546.0,"quantite":1},"ip":"192.168.91.76","url":"http://192.168.91.238:53800/api/achat_fourniture"} 
[2025-09-11 08:07:02] local.INFO: Enregistrement terminé  
[2025-09-11 10:56:18] local.INFO: Incoming fourniture request {"data":{"fourniture_id":1,"montant":6546.0,"quantite":1},"ip":"192.168.206.23","url":"http://192.168.206.238:53800/api/achat_fourniture"} 
[2025-09-11 10:56:19] local.INFO: Enregistrement terminé  
[2025-09-11 12:04:16] local.ERROR: Object of class PHPUnit\Framework\Constraint\IsEmpty could not be converted to string {"exception":"[object] (Error(code: 0): Object of class PHPUnit\\Framework\\Constraint\\IsEmpty could not be converted to string at /home/obed/Bureau/my-api-project/app/Http/Controllers/PlanningController.php:37)
[stacktrace]
#0 /home/obed/Bureau/my-api-project/vendor/laravel/framework/src/Illuminate/Routing/ControllerDispatcher.php(46): App\\Http\\Controllers\\PlanningController->authenticatedUserPlannings()
#1 /home/obed/Bureau/my-api-project/vendor/laravel/framework/src/Illuminate/Routing/Route.php(265): Illuminate\\Routing\\ControllerDispatcher->dispatch()
#2 /home/obed/Bureau/my-api-project/vendor/laravel/framework/src/Illuminate/Routing/Route.php(211): Illuminate\\Routing\\Route->runController()
#3 /home/obed/Bureau/my-api-project/vendor/laravel/framework/src/Illuminate/Routing/Router.php(822): Illuminate\\Routing\\Route->run()
#4 /home/obed/Bureau/my-api-project/vendor/laravel/framework/src/Illuminate/Pipeline/Pipeline.php(180): Illuminate\\Routing\\Router->Illuminate\\Routing\\{closure}()
#5 /home/obed/Bureau/my-api-project/vendor/laravel/framework/src/Illuminate/Routing/Middleware/SubstituteBindings.php(50): Illuminate\\Pipeline\\Pipeline->Illuminate\\Pipeline\\{closure}()
#6 /home/obed/Bureau/my-api-project/vendor/laravel/framework/src/Illuminate/Pipeline/Pipeline.php(219): Illuminate\\Routing\\Middleware\\SubstituteBindings->handle()
#7 /home/obed/Bureau/my-api-project/vendor/laravel/sanctum/src/Http/Middleware/EnsureFrontendRequestsAreStateful.php(26): Illuminate\\Pipeline\\Pipeline->Illuminate\\Pipeline\\{closure}()
#8 /home/obed/Bureau/my-api-project/vendor/laravel/framework/src/Illuminate/Pipeline/Pipeline.php(180): Laravel\\Sanctum\\Http\\Middleware\\EnsureFrontendRequestsAreStateful->Laravel\\Sanctum\\Http\\Middleware\\{closure}()
#9 /home/obed/Bureau/my-api-project/vendor/laravel/framework/src/Illuminate/Pipeline/Pipeline.php(137): Illuminate\\Pipeline\\Pipeline->Illuminate\\Pipeline\\{closure}()
#10 /home/obed/Bureau/my-api-project/vendor/laravel/sanctum/src/Http/Middleware/EnsureFrontendRequestsAreStateful.php(25): Illuminate\\Pipeline\\Pipeline->then()
#11 /home/obed/Bureau/my-api-project/vendor/laravel/framework/src/Illuminate/Pipeline/Pipeline.php(219): Laravel\\Sanctum\\Http\\Middleware\\EnsureFrontendRequestsAreStateful->handle()
#12 /home/obed/Bureau/my-api-project/vendor/laravel/framework/src/Illuminate/Pipeline/Pipeline.php(137): Illuminate\\Pipeline\\Pipeline->Illuminate\\Pipeline\\{closure}()
#13 /home/obed/Bureau/my-api-project/vendor/laravel/framework/src/Illuminate/Routing/Router.php(821): Illuminate\\Pipeline\\Pipeline->then()
#14 /home/obed/Bureau/my-api-project/vendor/laravel/framework/src/Illuminate/Routing/Router.php(800): Illuminate\\Routing\\Router->runRouteWithinStack()
#15 /home/obed/Bureau/my-api-project/vendor/laravel/framework/src/Illuminate/Routing/Router.php(764): Illuminate\\Routing\\Router->runRoute()
#16 /home/obed/Bureau/my-api-project/vendor/laravel/framework/src/Illuminate/Routing/Router.php(753): Illuminate\\Routing\\Router->dispatchToRoute()
#17 /home/obed/Bureau/my-api-project/vendor/laravel/framework/src/Illuminate/Foundation/Http/Kernel.php(200): Illuminate\\Routing\\Router->dispatch()
#18 /home/obed/Bureau/my-api-project/vendor/laravel/framework/src/Illuminate/Pipeline/Pipeline.php(180): Illuminate\\Foundation\\Http\\Kernel->Illuminate\\Foundation\\Http\\{closure}()
#19 /home/obed/Bureau/my-api-project/vendor/laravel/framework/src/Illuminate/Foundation/Http/Middleware/TransformsRequest.php(21): Illuminate\\Pipeline\\Pipeline->Illuminate\\Pipeline\\{closure}()
#20 /home/obed/Bureau/my-api-project/vendor/laravel/framework/src/Illuminate/Foundation/Http/Middleware/ConvertEmptyStringsToNull.php(31): Illuminate\\Foundation\\Http\\Middleware\\TransformsRequest->handle()
#21 /home/obed/Bureau/my-api-project/vendor/laravel/framework/src/Illuminate/Pipeline/Pipeline.php(219): Illuminate\\Foundation\\Http\\Middleware\\ConvertEmptyStringsToNull->handle()
#22 /home/obed/Bureau/my-api-project/vendor/laravel/framework/src/Illuminate/Foundation/Http/Middleware/TransformsRequest.php(21): Illuminate\\Pipeline\\Pipeline->Illuminate\\Pipeline\\{closure}()
#23 /home/obed/Bureau/my-api-project/vendor/laravel/framework/src/Illuminate/Foundation/Http/Middleware/TrimStrings.php(51): Illuminate\\Foundation\\Http\\Middleware\\TransformsRequest->handle()
#24 /home/obed/Bureau/my-api-project/vendor/laravel/framework/src/Illuminate/Pipeline/Pipeline.php(219): Illuminate\\Foundation\\Http\\Middleware\\TrimStrings->handle()
#25 /home/obed/Bureau/my-api-project/vendor/laravel/framework/src/Illuminate/Http/Middleware/ValidatePostSize.php(27): Illuminate\\Pipeline\\Pipeline->Illuminate\\Pipeline\\{closure}()
#26 /home/obed/Bureau/my-api-project/vendor/laravel/framework/src/Illuminate/Pipeline/Pipeline.php(219): Illuminate\\Http\\Middleware\\ValidatePostSize->handle()
#27 /home/obed/Bureau/my-api-project/vendor/laravel/framework/src/Illuminate/Foundation/Http/Middleware/PreventRequestsDuringMaintenance.php(109): Illuminate\\Pipeline\\Pipeline->Illuminate\\Pipeline\\{closure}()
#28 /home/obed/Bureau/my-api-project/vendor/laravel/framework/src/Illuminate/Pipeline/Pipeline.php(219): Illuminate\\Foundation\\Http\\Middleware\\PreventRequestsDuringMaintenance->handle()
#29 /home/obed/Bureau/my-api-project/vendor/laravel/framework/src/Illuminate/Http/Middleware/HandleCors.php(61): Illuminate\\Pipeline\\Pipeline->Illuminate\\Pipeline\\{closure}()
#30 /home/obed/Bureau/my-api-project/vendor/laravel/framework/src/Illuminate/Pipeline/Pipeline.php(219): Illuminate\\Http\\Middleware\\HandleCors->handle()
#31 /home/obed/Bureau/my-api-project/vendor/laravel/framework/src/Illuminate/Http/Middleware/TrustProxies.php(58): Illuminate\\Pipeline\\Pipeline->Illuminate\\Pipeline\\{closure}()
#32 /home/obed/Bureau/my-api-project/vendor/laravel/framework/src/Illuminate/Pipeline/Pipeline.php(219): Illuminate\\Http\\Middleware\\TrustProxies->handle()
#33 /home/obed/Bureau/my-api-project/vendor/laravel/framework/src/Illuminate/Foundation/Http/Middleware/InvokeDeferredCallbacks.php(22): Illuminate\\Pipeline\\Pipeline->Illuminate\\Pipeline\\{closure}()
#34 /home/obed/Bureau/my-api-project/vendor/laravel/framework/src/Illuminate/Pipeline/Pipeline.php(219): Illuminate\\Foundation\\Http\\Middleware\\InvokeDeferredCallbacks->handle()
#35 /home/obed/Bureau/my-api-project/vendor/laravel/framework/src/Illuminate/Http/Middleware/ValidatePathEncoding.php(26): Illuminate\\Pipeline\\Pipeline->Illuminate\\Pipeline\\{closure}()
#36 /home/obed/Bureau/my-api-project/vendor/laravel/framework/src/Illuminate/Pipeline/Pipeline.php(219): Illuminate\\Http\\Middleware\\ValidatePathEncoding->handle()
#37 /home/obed/Bureau/my-api-project/vendor/laravel/framework/src/Illuminate/Pipeline/Pipeline.php(137): Illuminate\\Pipeline\\Pipeline->Illuminate\\Pipeline\\{closure}()
#38 /home/obed/Bureau/my-api-project/vendor/laravel/framework/src/Illuminate/Foundation/Http/Kernel.php(175): Illuminate\\Pipeline\\Pipeline->then()
#39 /home/obed/Bureau/my-api-project/vendor/laravel/framework/src/Illuminate/Foundation/Http/Kernel.php(144): Illuminate\\Foundation\\Http\\Kernel->sendRequestThroughRouter()
#40 /home/obed/Bureau/my-api-project/vendor/laravel/framework/src/Illuminate/Foundation/Application.php(1219): Illuminate\\Foundation\\Http\\Kernel->handle()
#41 /home/obed/Bureau/my-api-project/public/index.php(20): Illuminate\\Foundation\\Application->handleRequest()
#42 /home/obed/Bureau/my-api-project/vendor/laravel/framework/src/Illuminate/Foundation/resources/server.php(23): require_once('...')
#43 {main}
"} 
[2025-09-11 12:04:29] local.ERROR: Object of class PHPUnit\Framework\Constraint\IsEmpty could not be converted to string {"exception":"[object] (Error(code: 0): Object of class PHPUnit\\Framework\\Constraint\\IsEmpty could not be converted to string at /home/obed/Bureau/my-api-project/app/Http/Controllers/PlanningController.php:37)
[stacktrace]
#0 /home/obed/Bureau/my-api-project/vendor/laravel/framework/src/Illuminate/Routing/ControllerDispatcher.php(46): App\\Http\\Controllers\\PlanningController->authenticatedUserPlannings()
#1 /home/obed/Bureau/my-api-project/vendor/laravel/framework/src/Illuminate/Routing/Route.php(265): Illuminate\\Routing\\ControllerDispatcher->dispatch()
#2 /home/obed/Bureau/my-api-project/vendor/laravel/framework/src/Illuminate/Routing/Route.php(211): Illuminate\\Routing\\Route->runController()
#3 /home/obed/Bureau/my-api-project/vendor/laravel/framework/src/Illuminate/Routing/Router.php(822): Illuminate\\Routing\\Route->run()
#4 /home/obed/Bureau/my-api-project/vendor/laravel/framework/src/Illuminate/Pipeline/Pipeline.php(180): Illuminate\\Routing\\Router->Illuminate\\Routing\\{closure}()
#5 /home/obed/Bureau/my-api-project/vendor/laravel/framework/src/Illuminate/Routing/Middleware/SubstituteBindings.php(50): Illuminate\\Pipeline\\Pipeline->Illuminate\\Pipeline\\{closure}()
#6 /home/obed/Bureau/my-api-project/vendor/laravel/framework/src/Illuminate/Pipeline/Pipeline.php(219): Illuminate\\Routing\\Middleware\\SubstituteBindings->handle()
#7 /home/obed/Bureau/my-api-project/vendor/laravel/sanctum/src/Http/Middleware/EnsureFrontendRequestsAreStateful.php(26): Illuminate\\Pipeline\\Pipeline->Illuminate\\Pipeline\\{closure}()
#8 /home/obed/Bureau/my-api-project/vendor/laravel/framework/src/Illuminate/Pipeline/Pipeline.php(180): Laravel\\Sanctum\\Http\\Middleware\\EnsureFrontendRequestsAreStateful->Laravel\\Sanctum\\Http\\Middleware\\{closure}()
#9 /home/obed/Bureau/my-api-project/vendor/laravel/framework/src/Illuminate/Pipeline/Pipeline.php(137): Illuminate\\Pipeline\\Pipeline->Illuminate\\Pipeline\\{closure}()
#10 /home/obed/Bureau/my-api-project/vendor/laravel/sanctum/src/Http/Middleware/EnsureFrontendRequestsAreStateful.php(25): Illuminate\\Pipeline\\Pipeline->then()
#11 /home/obed/Bureau/my-api-project/vendor/laravel/framework/src/Illuminate/Pipeline/Pipeline.php(219): Laravel\\Sanctum\\Http\\Middleware\\EnsureFrontendRequestsAreStateful->handle()
#12 /home/obed/Bureau/my-api-project/vendor/laravel/framework/src/Illuminate/Pipeline/Pipeline.php(137): Illuminate\\Pipeline\\Pipeline->Illuminate\\Pipeline\\{closure}()
#13 /home/obed/Bureau/my-api-project/vendor/laravel/framework/src/Illuminate/Routing/Router.php(821): Illuminate\\Pipeline\\Pipeline->then()
#14 /home/obed/Bureau/my-api-project/vendor/laravel/framework/src/Illuminate/Routing/Router.php(800): Illuminate\\Routing\\Router->runRouteWithinStack()
#15 /home/obed/Bureau/my-api-project/vendor/laravel/framework/src/Illuminate/Routing/Router.php(764): Illuminate\\Routing\\Router->runRoute()
#16 /home/obed/Bureau/my-api-project/vendor/laravel/framework/src/Illuminate/Routing/Router.php(753): Illuminate\\Routing\\Router->dispatchToRoute()
#17 /home/obed/Bureau/my-api-project/vendor/laravel/framework/src/Illuminate/Foundation/Http/Kernel.php(200): Illuminate\\Routing\\Router->dispatch()
#18 /home/obed/Bureau/my-api-project/vendor/laravel/framework/src/Illuminate/Pipeline/Pipeline.php(180): Illuminate\\Foundation\\Http\\Kernel->Illuminate\\Foundation\\Http\\{closure}()
#19 /home/obed/Bureau/my-api-project/vendor/laravel/framework/src/Illuminate/Foundation/Http/Middleware/TransformsRequest.php(21): Illuminate\\Pipeline\\Pipeline->Illuminate\\Pipeline\\{closure}()
#20 /home/obed/Bureau/my-api-project/vendor/laravel/framework/src/Illuminate/Foundation/Http/Middleware/ConvertEmptyStringsToNull.php(31): Illuminate\\Foundation\\Http\\Middleware\\TransformsRequest->handle()
#21 /home/obed/Bureau/my-api-project/vendor/laravel/framework/src/Illuminate/Pipeline/Pipeline.php(219): Illuminate\\Foundation\\Http\\Middleware\\ConvertEmptyStringsToNull->handle()
#22 /home/obed/Bureau/my-api-project/vendor/laravel/framework/src/Illuminate/Foundation/Http/Middleware/TransformsRequest.php(21): Illuminate\\Pipeline\\Pipeline->Illuminate\\Pipeline\\{closure}()
#23 /home/obed/Bureau/my-api-project/vendor/laravel/framework/src/Illuminate/Foundation/Http/Middleware/TrimStrings.php(51): Illuminate\\Foundation\\Http\\Middleware\\TransformsRequest->handle()
#24 /home/obed/Bureau/my-api-project/vendor/laravel/framework/src/Illuminate/Pipeline/Pipeline.php(219): Illuminate\\Foundation\\Http\\Middleware\\TrimStrings->handle()
#25 /home/obed/Bureau/my-api-project/vendor/laravel/framework/src/Illuminate/Http/Middleware/ValidatePostSize.php(27): Illuminate\\Pipeline\\Pipeline->Illuminate\\Pipeline\\{closure}()
#26 /home/obed/Bureau/my-api-project/vendor/laravel/framework/src/Illuminate/Pipeline/Pipeline.php(219): Illuminate\\Http\\Middleware\\ValidatePostSize->handle()
#27 /home/obed/Bureau/my-api-project/vendor/laravel/framework/src/Illuminate/Foundation/Http/Middleware/PreventRequestsDuringMaintenance.php(109): Illuminate\\Pipeline\\Pipeline->Illuminate\\Pipeline\\{closure}()
#28 /home/obed/Bureau/my-api-project/vendor/laravel/framework/src/Illuminate/Pipeline/Pipeline.php(219): Illuminate\\Foundation\\Http\\Middleware\\PreventRequestsDuringMaintenance->handle()
#29 /home/obed/Bureau/my-api-project/vendor/laravel/framework/src/Illuminate/Http/Middleware/HandleCors.php(61): Illuminate\\Pipeline\\Pipeline->Illuminate\\Pipeline\\{closure}()
#30 /home/obed/Bureau/my-api-project/vendor/laravel/framework/src/Illuminate/Pipeline/Pipeline.php(219): Illuminate\\Http\\Middleware\\HandleCors->handle()
#31 /home/obed/Bureau/my-api-project/vendor/laravel/framework/src/Illuminate/Http/Middleware/TrustProxies.php(58): Illuminate\\Pipeline\\Pipeline->Illuminate\\Pipeline\\{closure}()
#32 /home/obed/Bureau/my-api-project/vendor/laravel/framework/src/Illuminate/Pipeline/Pipeline.php(219): Illuminate\\Http\\Middleware\\TrustProxies->handle()
#33 /home/obed/Bureau/my-api-project/vendor/laravel/framework/src/Illuminate/Foundation/Http/Middleware/InvokeDeferredCallbacks.php(22): Illuminate\\Pipeline\\Pipeline->Illuminate\\Pipeline\\{closure}()
#34 /home/obed/Bureau/my-api-project/vendor/laravel/framework/src/Illuminate/Pipeline/Pipeline.php(219): Illuminate\\Foundation\\Http\\Middleware\\InvokeDeferredCallbacks->handle()
#35 /home/obed/Bureau/my-api-project/vendor/laravel/framework/src/Illuminate/Http/Middleware/ValidatePathEncoding.php(26): Illuminate\\Pipeline\\Pipeline->Illuminate\\Pipeline\\{closure}()
#36 /home/obed/Bureau/my-api-project/vendor/laravel/framework/src/Illuminate/Pipeline/Pipeline.php(219): Illuminate\\Http\\Middleware\\ValidatePathEncoding->handle()
#37 /home/obed/Bureau/my-api-project/vendor/laravel/framework/src/Illuminate/Pipeline/Pipeline.php(137): Illuminate\\Pipeline\\Pipeline->Illuminate\\Pipeline\\{closure}()
#38 /home/obed/Bureau/my-api-project/vendor/laravel/framework/src/Illuminate/Foundation/Http/Kernel.php(175): Illuminate\\Pipeline\\Pipeline->then()
#39 /home/obed/Bureau/my-api-project/vendor/laravel/framework/src/Illuminate/Foundation/Http/Kernel.php(144): Illuminate\\Foundation\\Http\\Kernel->sendRequestThroughRouter()
#40 /home/obed/Bureau/my-api-project/vendor/laravel/framework/src/Illuminate/Foundation/Application.php(1219): Illuminate\\Foundation\\Http\\Kernel->handle()
#41 /home/obed/Bureau/my-api-project/public/index.php(20): Illuminate\\Foundation\\Application->handleRequest()
#42 /home/obed/Bureau/my-api-project/vendor/laravel/framework/src/Illuminate/Foundation/resources/server.php(23): require_once('...')
#43 {main}
"} 
[2025-09-11 16:37:22] local.ERROR: Object of class PHPUnit\Framework\Constraint\IsEmpty could not be converted to string {"exception":"[object] (Error(code: 0): Object of class PHPUnit\\Framework\\Constraint\\IsEmpty could not be converted to string at /home/obed/Bureau/my-api-project/app/Http/Controllers/PlanningController.php:37)
[stacktrace]
#0 /home/obed/Bureau/my-api-project/vendor/laravel/framework/src/Illuminate/Routing/ControllerDispatcher.php(46): App\\Http\\Controllers\\PlanningController->authenticatedUserPlannings()
#1 /home/obed/Bureau/my-api-project/vendor/laravel/framework/src/Illuminate/Routing/Route.php(265): Illuminate\\Routing\\ControllerDispatcher->dispatch()
#2 /home/obed/Bureau/my-api-project/vendor/laravel/framework/src/Illuminate/Routing/Route.php(211): Illuminate\\Routing\\Route->runController()
#3 /home/obed/Bureau/my-api-project/vendor/laravel/framework/src/Illuminate/Routing/Router.php(822): Illuminate\\Routing\\Route->run()
#4 /home/obed/Bureau/my-api-project/vendor/laravel/framework/src/Illuminate/Pipeline/Pipeline.php(180): Illuminate\\Routing\\Router->Illuminate\\Routing\\{closure}()
#5 /home/obed/Bureau/my-api-project/vendor/laravel/framework/src/Illuminate/Routing/Middleware/SubstituteBindings.php(50): Illuminate\\Pipeline\\Pipeline->Illuminate\\Pipeline\\{closure}()
#6 /home/obed/Bureau/my-api-project/vendor/laravel/framework/src/Illuminate/Pipeline/Pipeline.php(219): Illuminate\\Routing\\Middleware\\SubstituteBindings->handle()
#7 /home/obed/Bureau/my-api-project/vendor/laravel/sanctum/src/Http/Middleware/EnsureFrontendRequestsAreStateful.php(26): Illuminate\\Pipeline\\Pipeline->Illuminate\\Pipeline\\{closure}()
#8 /home/obed/Bureau/my-api-project/vendor/laravel/framework/src/Illuminate/Pipeline/Pipeline.php(180): Laravel\\Sanctum\\Http\\Middleware\\EnsureFrontendRequestsAreStateful->Laravel\\Sanctum\\Http\\Middleware\\{closure}()
#9 /home/obed/Bureau/my-api-project/vendor/laravel/framework/src/Illuminate/Pipeline/Pipeline.php(137): Illuminate\\Pipeline\\Pipeline->Illuminate\\Pipeline\\{closure}()
#10 /home/obed/Bureau/my-api-project/vendor/laravel/sanctum/src/Http/Middleware/EnsureFrontendRequestsAreStateful.php(25): Illuminate\\Pipeline\\Pipeline->then()
#11 /home/obed/Bureau/my-api-project/vendor/laravel/framework/src/Illuminate/Pipeline/Pipeline.php(219): Laravel\\Sanctum\\Http\\Middleware\\EnsureFrontendRequestsAreStateful->handle()
#12 /home/obed/Bureau/my-api-project/vendor/laravel/framework/src/Illuminate/Pipeline/Pipeline.php(137): Illuminate\\Pipeline\\Pipeline->Illuminate\\Pipeline\\{closure}()
#13 /home/obed/Bureau/my-api-project/vendor/laravel/framework/src/Illuminate/Routing/Router.php(821): Illuminate\\Pipeline\\Pipeline->then()
#14 /home/obed/Bureau/my-api-project/vendor/laravel/framework/src/Illuminate/Routing/Router.php(800): Illuminate\\Routing\\Router->runRouteWithinStack()
#15 /home/obed/Bureau/my-api-project/vendor/laravel/framework/src/Illuminate/Routing/Router.php(764): Illuminate\\Routing\\Router->runRoute()
#16 /home/obed/Bureau/my-api-project/vendor/laravel/framework/src/Illuminate/Routing/Router.php(753): Illuminate\\Routing\\Router->dispatchToRoute()
#17 /home/obed/Bureau/my-api-project/vendor/laravel/framework/src/Illuminate/Foundation/Http/Kernel.php(200): Illuminate\\Routing\\Router->dispatch()
#18 /home/obed/Bureau/my-api-project/vendor/laravel/framework/src/Illuminate/Pipeline/Pipeline.php(180): Illuminate\\Foundation\\Http\\Kernel->Illuminate\\Foundation\\Http\\{closure}()
#19 /home/obed/Bureau/my-api-project/vendor/laravel/framework/src/Illuminate/Foundation/Http/Middleware/TransformsRequest.php(21): Illuminate\\Pipeline\\Pipeline->Illuminate\\Pipeline\\{closure}()
#20 /home/obed/Bureau/my-api-project/vendor/laravel/framework/src/Illuminate/Foundation/Http/Middleware/ConvertEmptyStringsToNull.php(31): Illuminate\\Foundation\\Http\\Middleware\\TransformsRequest->handle()
#21 /home/obed/Bureau/my-api-project/vendor/laravel/framework/src/Illuminate/Pipeline/Pipeline.php(219): Illuminate\\Foundation\\Http\\Middleware\\ConvertEmptyStringsToNull->handle()
#22 /home/obed/Bureau/my-api-project/vendor/laravel/framework/src/Illuminate/Foundation/Http/Middleware/TransformsRequest.php(21): Illuminate\\Pipeline\\Pipeline->Illuminate\\Pipeline\\{closure}()
#23 /home/obed/Bureau/my-api-project/vendor/laravel/framework/src/Illuminate/Foundation/Http/Middleware/TrimStrings.php(51): Illuminate\\Foundation\\Http\\Middleware\\TransformsRequest->handle()
#24 /home/obed/Bureau/my-api-project/vendor/laravel/framework/src/Illuminate/Pipeline/Pipeline.php(219): Illuminate\\Foundation\\Http\\Middleware\\TrimStrings->handle()
#25 /home/obed/Bureau/my-api-project/vendor/laravel/framework/src/Illuminate/Http/Middleware/ValidatePostSize.php(27): Illuminate\\Pipeline\\Pipeline->Illuminate\\Pipeline\\{closure}()
#26 /home/obed/Bureau/my-api-project/vendor/laravel/framework/src/Illuminate/Pipeline/Pipeline.php(219): Illuminate\\Http\\Middleware\\ValidatePostSize->handle()
#27 /home/obed/Bureau/my-api-project/vendor/laravel/framework/src/Illuminate/Foundation/Http/Middleware/PreventRequestsDuringMaintenance.php(109): Illuminate\\Pipeline\\Pipeline->Illuminate\\Pipeline\\{closure}()
#28 /home/obed/Bureau/my-api-project/vendor/laravel/framework/src/Illuminate/Pipeline/Pipeline.php(219): Illuminate\\Foundation\\Http\\Middleware\\PreventRequestsDuringMaintenance->handle()
#29 /home/obed/Bureau/my-api-project/vendor/laravel/framework/src/Illuminate/Http/Middleware/HandleCors.php(61): Illuminate\\Pipeline\\Pipeline->Illuminate\\Pipeline\\{closure}()
#30 /home/obed/Bureau/my-api-project/vendor/laravel/framework/src/Illuminate/Pipeline/Pipeline.php(219): Illuminate\\Http\\Middleware\\HandleCors->handle()
#31 /home/obed/Bureau/my-api-project/vendor/laravel/framework/src/Illuminate/Http/Middleware/TrustProxies.php(58): Illuminate\\Pipeline\\Pipeline->Illuminate\\Pipeline\\{closure}()
#32 /home/obed/Bureau/my-api-project/vendor/laravel/framework/src/Illuminate/Pipeline/Pipeline.php(219): Illuminate\\Http\\Middleware\\TrustProxies->handle()
#33 /home/obed/Bureau/my-api-project/vendor/laravel/framework/src/Illuminate/Foundation/Http/Middleware/InvokeDeferredCallbacks.php(22): Illuminate\\Pipeline\\Pipeline->Illuminate\\Pipeline\\{closure}()
#34 /home/obed/Bureau/my-api-project/vendor/laravel/framework/src/Illuminate/Pipeline/Pipeline.php(219): Illuminate\\Foundation\\Http\\Middleware\\InvokeDeferredCallbacks->handle()
#35 /home/obed/Bureau/my-api-project/vendor/laravel/framework/src/Illuminate/Http/Middleware/ValidatePathEncoding.php(26): Illuminate\\Pipeline\\Pipeline->Illuminate\\Pipeline\\{closure}()
#36 /home/obed/Bureau/my-api-project/vendor/laravel/framework/src/Illuminate/Pipeline/Pipeline.php(219): Illuminate\\Http\\Middleware\\ValidatePathEncoding->handle()
#37 /home/obed/Bureau/my-api-project/vendor/laravel/framework/src/Illuminate/Pipeline/Pipeline.php(137): Illuminate\\Pipeline\\Pipeline->Illuminate\\Pipeline\\{closure}()
#38 /home/obed/Bureau/my-api-project/vendor/laravel/framework/src/Illuminate/Foundation/Http/Kernel.php(175): Illuminate\\Pipeline\\Pipeline->then()
#39 /home/obed/Bureau/my-api-project/vendor/laravel/framework/src/Illuminate/Foundation/Http/Kernel.php(144): Illuminate\\Foundation\\Http\\Kernel->sendRequestThroughRouter()
#40 /home/obed/Bureau/my-api-project/vendor/laravel/framework/src/Illuminate/Foundation/Application.php(1219): Illuminate\\Foundation\\Http\\Kernel->handle()
#41 /home/obed/Bureau/my-api-project/public/index.php(20): Illuminate\\Foundation\\Application->handleRequest()
#42 /home/obed/Bureau/my-api-project/vendor/laravel/framework/src/Illuminate/Foundation/resources/server.php(23): require_once('...')
#43 {main}
"} 
[2025-09-12 14:42:31] local.ERROR: There are no commands defined in the "clear" namespace. {"exception":"[object] (Symfony\\Component\\Console\\Exception\\NamespaceNotFoundException(code: 0): There are no commands defined in the \"clear\" namespace. at /home/obed/Bureau/my-api-project/vendor/symfony/console/Application.php:659)
[stacktrace]
#0 /home/obed/Bureau/my-api-project/vendor/symfony/console/Application.php(708): Symfony\\Component\\Console\\Application->findNamespace()
#1 /home/obed/Bureau/my-api-project/vendor/symfony/console/Application.php(283): Symfony\\Component\\Console\\Application->find()
#2 /home/obed/Bureau/my-api-project/vendor/symfony/console/Application.php(192): Symfony\\Component\\Console\\Application->doRun()
#3 /home/obed/Bureau/my-api-project/vendor/laravel/framework/src/Illuminate/Foundation/Console/Kernel.php(197): Symfony\\Component\\Console\\Application->run()
#4 /home/obed/Bureau/my-api-project/vendor/laravel/framework/src/Illuminate/Foundation/Application.php(1234): Illuminate\\Foundation\\Console\\Kernel->handle()
#5 /home/obed/Bureau/my-api-project/artisan(16): Illuminate\\Foundation\\Application->handleCommand()
#6 {main}
"} 
[2025-09-12 14:42:47] local.ERROR: Unable to prepare route [register] for serialization. Another route has already been assigned name [register]. {"exception":"[object] (LogicException(code: 0): Unable to prepare route [register] for serialization. Another route has already been assigned name [register]. at /home/obed/Bureau/my-api-project/vendor/laravel/framework/src/Illuminate/Routing/AbstractRouteCollection.php:248)
[stacktrace]
#0 /home/obed/Bureau/my-api-project/vendor/laravel/framework/src/Illuminate/Routing/AbstractRouteCollection.php(209): Illuminate\\Routing\\AbstractRouteCollection->addToSymfonyRoutesCollection()
#1 /home/obed/Bureau/my-api-project/vendor/laravel/framework/src/Illuminate/Routing/RouteCollection.php(246): Illuminate\\Routing\\AbstractRouteCollection->toSymfonyRouteCollection()
#2 /home/obed/Bureau/my-api-project/vendor/laravel/framework/src/Illuminate/Routing/AbstractRouteCollection.php(193): Illuminate\\Routing\\RouteCollection->toSymfonyRouteCollection()
#3 /home/obed/Bureau/my-api-project/vendor/laravel/framework/src/Illuminate/Routing/AbstractRouteCollection.php(164): Illuminate\\Routing\\AbstractRouteCollection->dumper()
#4 /home/obed/Bureau/my-api-project/vendor/laravel/framework/src/Illuminate/Foundation/Console/RouteCacheCommand.php(108): Illuminate\\Routing\\AbstractRouteCollection->compile()
#5 /home/obed/Bureau/my-api-project/vendor/laravel/framework/src/Illuminate/Foundation/Console/RouteCacheCommand.php(67): Illuminate\\Foundation\\Console\\RouteCacheCommand->buildRouteCacheFile()
#6 /home/obed/Bureau/my-api-project/vendor/laravel/framework/src/Illuminate/Container/BoundMethod.php(36): Illuminate\\Foundation\\Console\\RouteCacheCommand->handle()
#7 /home/obed/Bureau/my-api-project/vendor/laravel/framework/src/Illuminate/Container/Util.php(43): Illuminate\\Container\\BoundMethod::Illuminate\\Container\\{closure}()
#8 /home/obed/Bureau/my-api-project/vendor/laravel/framework/src/Illuminate/Container/BoundMethod.php(96): Illuminate\\Container\\Util::unwrapIfClosure()
#9 /home/obed/Bureau/my-api-project/vendor/laravel/framework/src/Illuminate/Container/BoundMethod.php(35): Illuminate\\Container\\BoundMethod::callBoundMethod()
#10 /home/obed/Bureau/my-api-project/vendor/laravel/framework/src/Illuminate/Container/Container.php(835): Illuminate\\Container\\BoundMethod::call()
#11 /home/obed/Bureau/my-api-project/vendor/laravel/framework/src/Illuminate/Console/Command.php(211): Illuminate\\Container\\Container->call()
#12 /home/obed/Bureau/my-api-project/vendor/symfony/console/Command/Command.php(318): Illuminate\\Console\\Command->execute()
#13 /home/obed/Bureau/my-api-project/vendor/laravel/framework/src/Illuminate/Console/Command.php(180): Symfony\\Component\\Console\\Command\\Command->run()
#14 /home/obed/Bureau/my-api-project/vendor/symfony/console/Application.php(1092): Illuminate\\Console\\Command->run()
#15 /home/obed/Bureau/my-api-project/vendor/symfony/console/Application.php(341): Symfony\\Component\\Console\\Application->doRunCommand()
#16 /home/obed/Bureau/my-api-project/vendor/symfony/console/Application.php(192): Symfony\\Component\\Console\\Application->doRun()
#17 /home/obed/Bureau/my-api-project/vendor/laravel/framework/src/Illuminate/Foundation/Console/Kernel.php(197): Symfony\\Component\\Console\\Application->run()
#18 /home/obed/Bureau/my-api-project/vendor/laravel/framework/src/Illuminate/Foundation/Application.php(1234): Illuminate\\Foundation\\Console\\Kernel->handle()
#19 /home/obed/Bureau/my-api-project/artisan(16): Illuminate\\Foundation\\Application->handleCommand()
#20 {main}
"} 
[2025-09-12 14:43:54] local.ERROR: Command "cache:config" is not defined.

Did you mean one of these?
    cache:clear
    cache:forget
    cache:prune-stale-tags
    cache:table {"exception":"[object] (Symfony\\Component\\Console\\Exception\\CommandNotFoundException(code: 0): Command \"cache:config\" is not defined.

Did you mean one of these?
    cache:clear
    cache:forget
    cache:prune-stale-tags
    cache:table at /home/obed/Bureau/my-api-project/vendor/symfony/console/Application.php:725)
[stacktrace]
#0 /home/obed/Bureau/my-api-project/vendor/symfony/console/Application.php(283): Symfony\\Component\\Console\\Application->find()
#1 /home/obed/Bureau/my-api-project/vendor/symfony/console/Application.php(192): Symfony\\Component\\Console\\Application->doRun()
#2 /home/obed/Bureau/my-api-project/vendor/laravel/framework/src/Illuminate/Foundation/Console/Kernel.php(197): Symfony\\Component\\Console\\Application->run()
#3 /home/obed/Bureau/my-api-project/vendor/laravel/framework/src/Illuminate/Foundation/Application.php(1234): Illuminate\\Foundation\\Console\\Kernel->handle()
#4 /home/obed/Bureau/my-api-project/artisan(16): Illuminate\\Foundation\\Application->handleCommand()
#5 {main}
"} 
[2025-09-13 08:23:48] local.ERROR: SQLSTATE[42S22]: Column not found: 1054 Unknown column 'service_id' in 'field list' (Connection: mysql, SQL: update `users` set `service_id` = 1, `users`.`updated_at` = 2025-09-13 08:23:48 where `id` = 2) {"exception":"[object] (Illuminate\\Database\\QueryException(code: 42S22): SQLSTATE[42S22]: Column not found: 1054 Unknown column 'service_id' in 'field list' (Connection: mysql, SQL: update `users` set `service_id` = 1, `users`.`updated_at` = 2025-09-13 08:23:48 where `id` = 2) at /home/obed/Bureau/my-api-project/vendor/laravel/framework/src/Illuminate/Database/Connection.php:824)
[stacktrace]
#0 /home/obed/Bureau/my-api-project/vendor/laravel/framework/src/Illuminate/Database/Connection.php(778): Illuminate\\Database\\Connection->runQueryCallback()
#1 /home/obed/Bureau/my-api-project/vendor/laravel/framework/src/Illuminate/Database/Connection.php(583): Illuminate\\Database\\Connection->run()
#2 /home/obed/Bureau/my-api-project/vendor/laravel/framework/src/Illuminate/Database/Connection.php(535): Illuminate\\Database\\Connection->affectingStatement()
#3 /home/obed/Bureau/my-api-project/vendor/laravel/framework/src/Illuminate/Database/Query/Builder.php(3917): Illuminate\\Database\\Connection->update()
#4 /home/obed/Bureau/my-api-project/vendor/laravel/framework/src/Illuminate/Database/Eloquent/Builder.php(1251): Illuminate\\Database\\Query\\Builder->update()
#5 /home/obed/Bureau/my-api-project/vendor/laravel/framework/src/Illuminate/Database/Eloquent/Model.php(1314): Illuminate\\Database\\Eloquent\\Builder->update()
#6 /home/obed/Bureau/my-api-project/vendor/laravel/framework/src/Illuminate/Database/Eloquent/Model.php(1231): Illuminate\\Database\\Eloquent\\Model->performUpdate()
#7 /home/obed/Bureau/my-api-project/app/Http/Controllers/RoleController.php(68): Illuminate\\Database\\Eloquent\\Model->save()
#8 /home/obed/Bureau/my-api-project/vendor/laravel/framework/src/Illuminate/Routing/ControllerDispatcher.php(46): App\\Http\\Controllers\\RoleController->updatePersonnelRole()
#9 /home/obed/Bureau/my-api-project/vendor/laravel/framework/src/Illuminate/Routing/Route.php(265): Illuminate\\Routing\\ControllerDispatcher->dispatch()
#10 /home/obed/Bureau/my-api-project/vendor/laravel/framework/src/Illuminate/Routing/Route.php(211): Illuminate\\Routing\\Route->runController()
#11 /home/obed/Bureau/my-api-project/vendor/laravel/framework/src/Illuminate/Routing/Router.php(822): Illuminate\\Routing\\Route->run()
#12 /home/obed/Bureau/my-api-project/vendor/laravel/framework/src/Illuminate/Pipeline/Pipeline.php(180): Illuminate\\Routing\\Router->Illuminate\\Routing\\{closure}()
#13 /home/obed/Bureau/my-api-project/vendor/laravel/framework/src/Illuminate/Routing/Middleware/SubstituteBindings.php(50): Illuminate\\Pipeline\\Pipeline->Illuminate\\Pipeline\\{closure}()
#14 /home/obed/Bureau/my-api-project/vendor/laravel/framework/src/Illuminate/Pipeline/Pipeline.php(219): Illuminate\\Routing\\Middleware\\SubstituteBindings->handle()
#15 /home/obed/Bureau/my-api-project/vendor/laravel/sanctum/src/Http/Middleware/EnsureFrontendRequestsAreStateful.php(26): Illuminate\\Pipeline\\Pipeline->Illuminate\\Pipeline\\{closure}()
#16 /home/obed/Bureau/my-api-project/vendor/laravel/framework/src/Illuminate/Pipeline/Pipeline.php(180): Laravel\\Sanctum\\Http\\Middleware\\EnsureFrontendRequestsAreStateful->Laravel\\Sanctum\\Http\\Middleware\\{closure}()
#17 /home/obed/Bureau/my-api-project/vendor/laravel/framework/src/Illuminate/Pipeline/Pipeline.php(137): Illuminate\\Pipeline\\Pipeline->Illuminate\\Pipeline\\{closure}()
#18 /home/obed/Bureau/my-api-project/vendor/laravel/sanctum/src/Http/Middleware/EnsureFrontendRequestsAreStateful.php(25): Illuminate\\Pipeline\\Pipeline->then()
#19 /home/obed/Bureau/my-api-project/vendor/laravel/framework/src/Illuminate/Pipeline/Pipeline.php(219): Laravel\\Sanctum\\Http\\Middleware\\EnsureFrontendRequestsAreStateful->handle()
#20 /home/obed/Bureau/my-api-project/vendor/laravel/framework/src/Illuminate/Pipeline/Pipeline.php(137): Illuminate\\Pipeline\\Pipeline->Illuminate\\Pipeline\\{closure}()
#21 /home/obed/Bureau/my-api-project/vendor/laravel/framework/src/Illuminate/Routing/Router.php(821): Illuminate\\Pipeline\\Pipeline->then()
#22 /home/obed/Bureau/my-api-project/vendor/laravel/framework/src/Illuminate/Routing/Router.php(800): Illuminate\\Routing\\Router->runRouteWithinStack()
#23 /home/obed/Bureau/my-api-project/vendor/laravel/framework/src/Illuminate/Routing/Router.php(764): Illuminate\\Routing\\Router->runRoute()
#24 /home/obed/Bureau/my-api-project/vendor/laravel/framework/src/Illuminate/Routing/Router.php(753): Illuminate\\Routing\\Router->dispatchToRoute()
#25 /home/obed/Bureau/my-api-project/vendor/laravel/framework/src/Illuminate/Foundation/Http/Kernel.php(200): Illuminate\\Routing\\Router->dispatch()
#26 /home/obed/Bureau/my-api-project/vendor/laravel/framework/src/Illuminate/Pipeline/Pipeline.php(180): Illuminate\\Foundation\\Http\\Kernel->Illuminate\\Foundation\\Http\\{closure}()
#27 /home/obed/Bureau/my-api-project/vendor/laravel/framework/src/Illuminate/Foundation/Http/Middleware/TransformsRequest.php(21): Illuminate\\Pipeline\\Pipeline->Illuminate\\Pipeline\\{closure}()
#28 /home/obed/Bureau/my-api-project/vendor/laravel/framework/src/Illuminate/Foundation/Http/Middleware/ConvertEmptyStringsToNull.php(31): Illuminate\\Foundation\\Http\\Middleware\\TransformsRequest->handle()
#29 /home/obed/Bureau/my-api-project/vendor/laravel/framework/src/Illuminate/Pipeline/Pipeline.php(219): Illuminate\\Foundation\\Http\\Middleware\\ConvertEmptyStringsToNull->handle()
#30 /home/obed/Bureau/my-api-project/vendor/laravel/framework/src/Illuminate/Foundation/Http/Middleware/TransformsRequest.php(21): Illuminate\\Pipeline\\Pipeline->Illuminate\\Pipeline\\{closure}()
#31 /home/obed/Bureau/my-api-project/vendor/laravel/framework/src/Illuminate/Foundation/Http/Middleware/TrimStrings.php(51): Illuminate\\Foundation\\Http\\Middleware\\TransformsRequest->handle()
#32 /home/obed/Bureau/my-api-project/vendor/laravel/framework/src/Illuminate/Pipeline/Pipeline.php(219): Illuminate\\Foundation\\Http\\Middleware\\TrimStrings->handle()
#33 /home/obed/Bureau/my-api-project/vendor/laravel/framework/src/Illuminate/Http/Middleware/ValidatePostSize.php(27): Illuminate\\Pipeline\\Pipeline->Illuminate\\Pipeline\\{closure}()
#34 /home/obed/Bureau/my-api-project/vendor/laravel/framework/src/Illuminate/Pipeline/Pipeline.php(219): Illuminate\\Http\\Middleware\\ValidatePostSize->handle()
#35 /home/obed/Bureau/my-api-project/vendor/laravel/framework/src/Illuminate/Foundation/Http/Middleware/PreventRequestsDuringMaintenance.php(109): Illuminate\\Pipeline\\Pipeline->Illuminate\\Pipeline\\{closure}()
#36 /home/obed/Bureau/my-api-project/vendor/laravel/framework/src/Illuminate/Pipeline/Pipeline.php(219): Illuminate\\Foundation\\Http\\Middleware\\PreventRequestsDuringMaintenance->handle()
#37 /home/obed/Bureau/my-api-project/vendor/laravel/framework/src/Illuminate/Http/Middleware/HandleCors.php(61): Illuminate\\Pipeline\\Pipeline->Illuminate\\Pipeline\\{closure}()
#38 /home/obed/Bureau/my-api-project/vendor/laravel/framework/src/Illuminate/Pipeline/Pipeline.php(219): Illuminate\\Http\\Middleware\\HandleCors->handle()
#39 /home/obed/Bureau/my-api-project/vendor/laravel/framework/src/Illuminate/Http/Middleware/TrustProxies.php(58): Illuminate\\Pipeline\\Pipeline->Illuminate\\Pipeline\\{closure}()
#40 /home/obed/Bureau/my-api-project/vendor/laravel/framework/src/Illuminate/Pipeline/Pipeline.php(219): Illuminate\\Http\\Middleware\\TrustProxies->handle()
#41 /home/obed/Bureau/my-api-project/vendor/laravel/framework/src/Illuminate/Foundation/Http/Middleware/InvokeDeferredCallbacks.php(22): Illuminate\\Pipeline\\Pipeline->Illuminate\\Pipeline\\{closure}()
#42 /home/obed/Bureau/my-api-project/vendor/laravel/framework/src/Illuminate/Pipeline/Pipeline.php(219): Illuminate\\Foundation\\Http\\Middleware\\InvokeDeferredCallbacks->handle()
#43 /home/obed/Bureau/my-api-project/vendor/laravel/framework/src/Illuminate/Http/Middleware/ValidatePathEncoding.php(26): Illuminate\\Pipeline\\Pipeline->Illuminate\\Pipeline\\{closure}()
#44 /home/obed/Bureau/my-api-project/vendor/laravel/framework/src/Illuminate/Pipeline/Pipeline.php(219): Illuminate\\Http\\Middleware\\ValidatePathEncoding->handle()
#45 /home/obed/Bureau/my-api-project/vendor/laravel/framework/src/Illuminate/Pipeline/Pipeline.php(137): Illuminate\\Pipeline\\Pipeline->Illuminate\\Pipeline\\{closure}()
#46 /home/obed/Bureau/my-api-project/vendor/laravel/framework/src/Illuminate/Foundation/Http/Kernel.php(175): Illuminate\\Pipeline\\Pipeline->then()
#47 /home/obed/Bureau/my-api-project/vendor/laravel/framework/src/Illuminate/Foundation/Http/Kernel.php(144): Illuminate\\Foundation\\Http\\Kernel->sendRequestThroughRouter()
#48 /home/obed/Bureau/my-api-project/vendor/laravel/framework/src/Illuminate/Foundation/Application.php(1219): Illuminate\\Foundation\\Http\\Kernel->handle()
#49 /home/obed/Bureau/my-api-project/public/index.php(20): Illuminate\\Foundation\\Application->handleRequest()
#50 /home/obed/Bureau/my-api-project/vendor/laravel/framework/src/Illuminate/Foundation/resources/server.php(23): require_once('...')
#51 {main}

[previous exception] [object] (PDOException(code: 42S22): SQLSTATE[42S22]: Column not found: 1054 Unknown column 'service_id' in 'field list' at /home/obed/Bureau/my-api-project/vendor/laravel/framework/src/Illuminate/Database/Connection.php:591)
[stacktrace]
#0 /home/obed/Bureau/my-api-project/vendor/laravel/framework/src/Illuminate/Database/Connection.php(591): PDO->prepare()
#1 /home/obed/Bureau/my-api-project/vendor/laravel/framework/src/Illuminate/Database/Connection.php(811): Illuminate\\Database\\Connection->Illuminate\\Database\\{closure}()
#2 /home/obed/Bureau/my-api-project/vendor/laravel/framework/src/Illuminate/Database/Connection.php(778): Illuminate\\Database\\Connection->runQueryCallback()
#3 /home/obed/Bureau/my-api-project/vendor/laravel/framework/src/Illuminate/Database/Connection.php(583): Illuminate\\Database\\Connection->run()
#4 /home/obed/Bureau/my-api-project/vendor/laravel/framework/src/Illuminate/Database/Connection.php(535): Illuminate\\Database\\Connection->affectingStatement()
#5 /home/obed/Bureau/my-api-project/vendor/laravel/framework/src/Illuminate/Database/Query/Builder.php(3917): Illuminate\\Database\\Connection->update()
#6 /home/obed/Bureau/my-api-project/vendor/laravel/framework/src/Illuminate/Database/Eloquent/Builder.php(1251): Illuminate\\Database\\Query\\Builder->update()
#7 /home/obed/Bureau/my-api-project/vendor/laravel/framework/src/Illuminate/Database/Eloquent/Model.php(1314): Illuminate\\Database\\Eloquent\\Builder->update()
#8 /home/obed/Bureau/my-api-project/vendor/laravel/framework/src/Illuminate/Database/Eloquent/Model.php(1231): Illuminate\\Database\\Eloquent\\Model->performUpdate()
#9 /home/obed/Bureau/my-api-project/app/Http/Controllers/RoleController.php(68): Illuminate\\Database\\Eloquent\\Model->save()
#10 /home/obed/Bureau/my-api-project/vendor/laravel/framework/src/Illuminate/Routing/ControllerDispatcher.php(46): App\\Http\\Controllers\\RoleController->updatePersonnelRole()
#11 /home/obed/Bureau/my-api-project/vendor/laravel/framework/src/Illuminate/Routing/Route.php(265): Illuminate\\Routing\\ControllerDispatcher->dispatch()
#12 /home/obed/Bureau/my-api-project/vendor/laravel/framework/src/Illuminate/Routing/Route.php(211): Illuminate\\Routing\\Route->runController()
#13 /home/obed/Bureau/my-api-project/vendor/laravel/framework/src/Illuminate/Routing/Router.php(822): Illuminate\\Routing\\Route->run()
#14 /home/obed/Bureau/my-api-project/vendor/laravel/framework/src/Illuminate/Pipeline/Pipeline.php(180): Illuminate\\Routing\\Router->Illuminate\\Routing\\{closure}()
#15 /home/obed/Bureau/my-api-project/vendor/laravel/framework/src/Illuminate/Routing/Middleware/SubstituteBindings.php(50): Illuminate\\Pipeline\\Pipeline->Illuminate\\Pipeline\\{closure}()
#16 /home/obed/Bureau/my-api-project/vendor/laravel/framework/src/Illuminate/Pipeline/Pipeline.php(219): Illuminate\\Routing\\Middleware\\SubstituteBindings->handle()
#17 /home/obed/Bureau/my-api-project/vendor/laravel/sanctum/src/Http/Middleware/EnsureFrontendRequestsAreStateful.php(26): Illuminate\\Pipeline\\Pipeline->Illuminate\\Pipeline\\{closure}()
#18 /home/obed/Bureau/my-api-project/vendor/laravel/framework/src/Illuminate/Pipeline/Pipeline.php(180): Laravel\\Sanctum\\Http\\Middleware\\EnsureFrontendRequestsAreStateful->Laravel\\Sanctum\\Http\\Middleware\\{closure}()
#19 /home/obed/Bureau/my-api-project/vendor/laravel/framework/src/Illuminate/Pipeline/Pipeline.php(137): Illuminate\\Pipeline\\Pipeline->Illuminate\\Pipeline\\{closure}()
#20 /home/obed/Bureau/my-api-project/vendor/laravel/sanctum/src/Http/Middleware/EnsureFrontendRequestsAreStateful.php(25): Illuminate\\Pipeline\\Pipeline->then()
#21 /home/obed/Bureau/my-api-project/vendor/laravel/framework/src/Illuminate/Pipeline/Pipeline.php(219): Laravel\\Sanctum\\Http\\Middleware\\EnsureFrontendRequestsAreStateful->handle()
#22 /home/obed/Bureau/my-api-project/vendor/laravel/framework/src/Illuminate/Pipeline/Pipeline.php(137): Illuminate\\Pipeline\\Pipeline->Illuminate\\Pipeline\\{closure}()
#23 /home/obed/Bureau/my-api-project/vendor/laravel/framework/src/Illuminate/Routing/Router.php(821): Illuminate\\Pipeline\\Pipeline->then()
#24 /home/obed/Bureau/my-api-project/vendor/laravel/framework/src/Illuminate/Routing/Router.php(800): Illuminate\\Routing\\Router->runRouteWithinStack()
#25 /home/obed/Bureau/my-api-project/vendor/laravel/framework/src/Illuminate/Routing/Router.php(764): Illuminate\\Routing\\Router->runRoute()
#26 /home/obed/Bureau/my-api-project/vendor/laravel/framework/src/Illuminate/Routing/Router.php(753): Illuminate\\Routing\\Router->dispatchToRoute()
#27 /home/obed/Bureau/my-api-project/vendor/laravel/framework/src/Illuminate/Foundation/Http/Kernel.php(200): Illuminate\\Routing\\Router->dispatch()
#28 /home/obed/Bureau/my-api-project/vendor/laravel/framework/src/Illuminate/Pipeline/Pipeline.php(180): Illuminate\\Foundation\\Http\\Kernel->Illuminate\\Foundation\\Http\\{closure}()
#29 /home/obed/Bureau/my-api-project/vendor/laravel/framework/src/Illuminate/Foundation/Http/Middleware/TransformsRequest.php(21): Illuminate\\Pipeline\\Pipeline->Illuminate\\Pipeline\\{closure}()
#30 /home/obed/Bureau/my-api-project/vendor/laravel/framework/src/Illuminate/Foundation/Http/Middleware/ConvertEmptyStringsToNull.php(31): Illuminate\\Foundation\\Http\\Middleware\\TransformsRequest->handle()
#31 /home/obed/Bureau/my-api-project/vendor/laravel/framework/src/Illuminate/Pipeline/Pipeline.php(219): Illuminate\\Foundation\\Http\\Middleware\\ConvertEmptyStringsToNull->handle()
#32 /home/obed/Bureau/my-api-project/vendor/laravel/framework/src/Illuminate/Foundation/Http/Middleware/TransformsRequest.php(21): Illuminate\\Pipeline\\Pipeline->Illuminate\\Pipeline\\{closure}()
#33 /home/obed/Bureau/my-api-project/vendor/laravel/framework/src/Illuminate/Foundation/Http/Middleware/TrimStrings.php(51): Illuminate\\Foundation\\Http\\Middleware\\TransformsRequest->handle()
#34 /home/obed/Bureau/my-api-project/vendor/laravel/framework/src/Illuminate/Pipeline/Pipeline.php(219): Illuminate\\Foundation\\Http\\Middleware\\TrimStrings->handle()
#35 /home/obed/Bureau/my-api-project/vendor/laravel/framework/src/Illuminate/Http/Middleware/ValidatePostSize.php(27): Illuminate\\Pipeline\\Pipeline->Illuminate\\Pipeline\\{closure}()
#36 /home/obed/Bureau/my-api-project/vendor/laravel/framework/src/Illuminate/Pipeline/Pipeline.php(219): Illuminate\\Http\\Middleware\\ValidatePostSize->handle()
#37 /home/obed/Bureau/my-api-project/vendor/laravel/framework/src/Illuminate/Foundation/Http/Middleware/PreventRequestsDuringMaintenance.php(109): Illuminate\\Pipeline\\Pipeline->Illuminate\\Pipeline\\{closure}()
#38 /home/obed/Bureau/my-api-project/vendor/laravel/framework/src/Illuminate/Pipeline/Pipeline.php(219): Illuminate\\Foundation\\Http\\Middleware\\PreventRequestsDuringMaintenance->handle()
#39 /home/obed/Bureau/my-api-project/vendor/laravel/framework/src/Illuminate/Http/Middleware/HandleCors.php(61): Illuminate\\Pipeline\\Pipeline->Illuminate\\Pipeline\\{closure}()
#40 /home/obed/Bureau/my-api-project/vendor/laravel/framework/src/Illuminate/Pipeline/Pipeline.php(219): Illuminate\\Http\\Middleware\\HandleCors->handle()
#41 /home/obed/Bureau/my-api-project/vendor/laravel/framework/src/Illuminate/Http/Middleware/TrustProxies.php(58): Illuminate\\Pipeline\\Pipeline->Illuminate\\Pipeline\\{closure}()
#42 /home/obed/Bureau/my-api-project/vendor/laravel/framework/src/Illuminate/Pipeline/Pipeline.php(219): Illuminate\\Http\\Middleware\\TrustProxies->handle()
#43 /home/obed/Bureau/my-api-project/vendor/laravel/framework/src/Illuminate/Foundation/Http/Middleware/InvokeDeferredCallbacks.php(22): Illuminate\\Pipeline\\Pipeline->Illuminate\\Pipeline\\{closure}()
#44 /home/obed/Bureau/my-api-project/vendor/laravel/framework/src/Illuminate/Pipeline/Pipeline.php(219): Illuminate\\Foundation\\Http\\Middleware\\InvokeDeferredCallbacks->handle()
#45 /home/obed/Bureau/my-api-project/vendor/laravel/framework/src/Illuminate/Http/Middleware/ValidatePathEncoding.php(26): Illuminate\\Pipeline\\Pipeline->Illuminate\\Pipeline\\{closure}()
#46 /home/obed/Bureau/my-api-project/vendor/laravel/framework/src/Illuminate/Pipeline/Pipeline.php(219): Illuminate\\Http\\Middleware\\ValidatePathEncoding->handle()
#47 /home/obed/Bureau/my-api-project/vendor/laravel/framework/src/Illuminate/Pipeline/Pipeline.php(137): Illuminate\\Pipeline\\Pipeline->Illuminate\\Pipeline\\{closure}()
#48 /home/obed/Bureau/my-api-project/vendor/laravel/framework/src/Illuminate/Foundation/Http/Kernel.php(175): Illuminate\\Pipeline\\Pipeline->then()
#49 /home/obed/Bureau/my-api-project/vendor/laravel/framework/src/Illuminate/Foundation/Http/Kernel.php(144): Illuminate\\Foundation\\Http\\Kernel->sendRequestThroughRouter()
#50 /home/obed/Bureau/my-api-project/vendor/laravel/framework/src/Illuminate/Foundation/Application.php(1219): Illuminate\\Foundation\\Http\\Kernel->handle()
#51 /home/obed/Bureau/my-api-project/public/index.php(20): Illuminate\\Foundation\\Application->handleRequest()
#52 /home/obed/Bureau/my-api-project/vendor/laravel/framework/src/Illuminate/Foundation/resources/server.php(23): require_once('...')
#53 {main}
"} 
[2025-09-13 08:25:35] local.INFO: Début de la méthode store {"request_data":{"montant_total":6565.0,"patient_id":4,"medicaments_prescrits":[{"quantite":1,"statut":false,"posologie":"1 comprimé par jour","duree":"7 jours","avis":"Aucun","substitution_autorisee":true,"pharmaceutical_product_id":2}]},"headers":{"user-agent":["Dart/3.6 (dart:io)"],"content-type":["application/json"],"accept-encoding":["gzip"],"content-length":["223"],"authorization":["Bearer 101|8DyVS2pNcUiMccU6TOiMh1pBNRMWi6i5kc5AYpUP0045c212"],"host":["192.168.100.224:53800"]},"ip":"192.168.100.212","url":"http://192.168.100.224:53800/api/save_ordonnance"} 
[2025-09-13 08:25:35] local.INFO: Début de la validation des données  
[2025-09-13 08:25:35] local.INFO: Liste des meds {"validated_data":[{"quantite":1,"statut":false,"posologie":"1 comprimé par jour","duree":"7 jours","avis":"Aucun","substitution_autorisee":true,"pharmaceutical_product_id":2}]} 
[2025-09-13 08:25:35] local.INFO: Validation réussie {"validated_data":{"montant_total":6565.0,"medicaments_prescrits":[{"quantite":1,"statut":false,"posologie":"1 comprimé par jour","duree":"7 jours","avis":"Aucun","substitution_autorisee":true,"pharmaceutical_product_id":2}],"patient_id":4}} 
[2025-09-13 08:25:35] local.INFO: Création de l'ordonnance  
[2025-09-13 08:25:35] local.INFO: Ordonnance créée {"ordonnance_id":8} 
[2025-09-13 08:25:35] local.INFO: Début de la création des médicaments prescrits  
[2025-09-13 08:25:35] local.INFO: Création du médicament prescrit {"index":0,"data":{"quantite":1,"statut":false,"posologie":"1 comprimé par jour","duree":"7 jours","avis":"Aucun","substitution_autorisee":true,"pharmaceutical_product_id":2}} 
[2025-09-13 08:25:35] local.INFO: Médicaments prescrits créés avec succès  
[2025-09-13 08:25:35] local.INFO: Préparation de la réponse JSON  
[2025-09-13 09:14:19] local.INFO: Début de la méthode store {"request_data":{"montant_total":689.0,"patient_id":4,"medicaments_prescrits":[{"quantite":1,"statut":false,"posologie":"1 comprimé par jour","duree":"7 jours","avis":"Aucun","substitution_autorisee":true,"pharmaceutical_product_id":1}]},"headers":{"user-agent":["Dart/3.6 (dart:io)"],"content-type":["application/json"],"accept-encoding":["gzip"],"content-length":["222"],"authorization":["Bearer 101|8DyVS2pNcUiMccU6TOiMh1pBNRMWi6i5kc5AYpUP0045c212"],"host":["192.168.100.224:53800"]},"ip":"192.168.100.212","url":"http://192.168.100.224:53800/api/save_ordonnance"} 
[2025-09-13 09:14:19] local.INFO: Début de la validation des données  
[2025-09-13 09:14:19] local.INFO: Liste des meds {"validated_data":[{"quantite":1,"statut":false,"posologie":"1 comprimé par jour","duree":"7 jours","avis":"Aucun","substitution_autorisee":true,"pharmaceutical_product_id":1}]} 
[2025-09-13 09:14:19] local.INFO: Validation réussie {"validated_data":{"montant_total":689.0,"medicaments_prescrits":[{"quantite":1,"statut":false,"posologie":"1 comprimé par jour","duree":"7 jours","avis":"Aucun","substitution_autorisee":true,"pharmaceutical_product_id":1}],"patient_id":4}} 
[2025-09-13 09:14:19] local.INFO: Création de l'ordonnance  
[2025-09-13 09:14:19] local.ERROR: Erreur inattendue dans la méthode store {"message":"SQLSTATE[42S02]: Base table or view not found: 1146 Table 'laravel.ordonnances' doesn't exist (Connection: mysql, SQL: insert into `ordonnances` (`montant_total`, `montant_paye`, `code_ordonnance`, `patient_id`, `updated_at`, `created_at`) values (689, 0, ORD-OJZQM, 4, 2025-09-13 09:14:19, 2025-09-13 09:14:19))","code":"42S02","file":"/home/obed/Bureau/my-api-project/vendor/laravel/framework/src/Illuminate/Database/Connection.php","line":824,"trace":"#0 /home/obed/Bureau/my-api-project/vendor/laravel/framework/src/Illuminate/Database/Connection.php(778): Illuminate\\Database\\Connection->runQueryCallback()
#1 /home/obed/Bureau/my-api-project/vendor/laravel/framework/src/Illuminate/Database/MySqlConnection.php(42): Illuminate\\Database\\Connection->run()
#2 /home/obed/Bureau/my-api-project/vendor/laravel/framework/src/Illuminate/Database/Query/Processors/MySqlProcessor.php(35): Illuminate\\Database\\MySqlConnection->insert()
#3 /home/obed/Bureau/my-api-project/vendor/laravel/framework/src/Illuminate/Database/Query/Builder.php(3853): Illuminate\\Database\\Query\\Processors\\MySqlProcessor->processInsertGetId()
#4 /home/obed/Bureau/my-api-project/vendor/laravel/framework/src/Illuminate/Database/Eloquent/Builder.php(2220): Illuminate\\Database\\Query\\Builder->insertGetId()
#5 /home/obed/Bureau/my-api-project/vendor/laravel/framework/src/Illuminate/Database/Eloquent/Model.php(1434): Illuminate\\Database\\Eloquent\\Builder->__call()
#6 /home/obed/Bureau/my-api-project/vendor/laravel/framework/src/Illuminate/Database/Eloquent/Model.php(1399): Illuminate\\Database\\Eloquent\\Model->insertAndSetId()
#7 /home/obed/Bureau/my-api-project/vendor/laravel/framework/src/Illuminate/Database/Eloquent/Model.php(1238): Illuminate\\Database\\Eloquent\\Model->performInsert()
#8 /home/obed/Bureau/my-api-project/vendor/laravel/framework/src/Illuminate/Database/Eloquent/Builder.php(1204): Illuminate\\Database\\Eloquent\\Model->save()
#9 /home/obed/Bureau/my-api-project/vendor/laravel/framework/src/Illuminate/Support/helpers.php(390): Illuminate\\Database\\Eloquent\\Builder->Illuminate\\Database\\Eloquent\\{closure}()
#10 /home/obed/Bureau/my-api-project/vendor/laravel/framework/src/Illuminate/Database/Eloquent/Builder.php(1203): tap()
#11 /home/obed/Bureau/my-api-project/vendor/laravel/framework/src/Illuminate/Support/Traits/ForwardsCalls.php(23): Illuminate\\Database\\Eloquent\\Builder->create()
#12 /home/obed/Bureau/my-api-project/vendor/laravel/framework/src/Illuminate/Database/Eloquent/Model.php(2537): Illuminate\\Database\\Eloquent\\Model->forwardCallTo()
#13 /home/obed/Bureau/my-api-project/vendor/laravel/framework/src/Illuminate/Database/Eloquent/Model.php(2553): Illuminate\\Database\\Eloquent\\Model->__call()
#14 /home/obed/Bureau/my-api-project/app/Http/Controllers/OrdonnanceController.php(71): Illuminate\\Database\\Eloquent\\Model::__callStatic()
#15 /home/obed/Bureau/my-api-project/vendor/laravel/framework/src/Illuminate/Routing/ControllerDispatcher.php(46): App\\Http\\Controllers\\OrdonnanceController->store()
#16 /home/obed/Bureau/my-api-project/vendor/laravel/framework/src/Illuminate/Routing/Route.php(265): Illuminate\\Routing\\ControllerDispatcher->dispatch()
#17 /home/obed/Bureau/my-api-project/vendor/laravel/framework/src/Illuminate/Routing/Route.php(211): Illuminate\\Routing\\Route->runController()
#18 /home/obed/Bureau/my-api-project/vendor/laravel/framework/src/Illuminate/Routing/Router.php(822): Illuminate\\Routing\\Route->run()
#19 /home/obed/Bureau/my-api-project/vendor/laravel/framework/src/Illuminate/Pipeline/Pipeline.php(180): Illuminate\\Routing\\Router->Illuminate\\Routing\\{closure}()
#20 /home/obed/Bureau/my-api-project/vendor/laravel/framework/src/Illuminate/Routing/Middleware/SubstituteBindings.php(50): Illuminate\\Pipeline\\Pipeline->Illuminate\\Pipeline\\{closure}()
#21 /home/obed/Bureau/my-api-project/vendor/laravel/framework/src/Illuminate/Pipeline/Pipeline.php(219): Illuminate\\Routing\\Middleware\\SubstituteBindings->handle()
#22 /home/obed/Bureau/my-api-project/vendor/laravel/sanctum/src/Http/Middleware/EnsureFrontendRequestsAreStateful.php(26): Illuminate\\Pipeline\\Pipeline->Illuminate\\Pipeline\\{closure}()
#23 /home/obed/Bureau/my-api-project/vendor/laravel/framework/src/Illuminate/Pipeline/Pipeline.php(180): Laravel\\Sanctum\\Http\\Middleware\\EnsureFrontendRequestsAreStateful->Laravel\\Sanctum\\Http\\Middleware\\{closure}()
#24 /home/obed/Bureau/my-api-project/vendor/laravel/framework/src/Illuminate/Pipeline/Pipeline.php(137): Illuminate\\Pipeline\\Pipeline->Illuminate\\Pipeline\\{closure}()
#25 /home/obed/Bureau/my-api-project/vendor/laravel/sanctum/src/Http/Middleware/EnsureFrontendRequestsAreStateful.php(25): Illuminate\\Pipeline\\Pipeline->then()
#26 /home/obed/Bureau/my-api-project/vendor/laravel/framework/src/Illuminate/Pipeline/Pipeline.php(219): Laravel\\Sanctum\\Http\\Middleware\\EnsureFrontendRequestsAreStateful->handle()
#27 /home/obed/Bureau/my-api-project/vendor/laravel/framework/src/Illuminate/Pipeline/Pipeline.php(137): Illuminate\\Pipeline\\Pipeline->Illuminate\\Pipeline\\{closure}()
#28 /home/obed/Bureau/my-api-project/vendor/laravel/framework/src/Illuminate/Routing/Router.php(821): Illuminate\\Pipeline\\Pipeline->then()
#29 /home/obed/Bureau/my-api-project/vendor/laravel/framework/src/Illuminate/Routing/Router.php(800): Illuminate\\Routing\\Router->runRouteWithinStack()
#30 /home/obed/Bureau/my-api-project/vendor/laravel/framework/src/Illuminate/Routing/Router.php(764): Illuminate\\Routing\\Router->runRoute()
#31 /home/obed/Bureau/my-api-project/vendor/laravel/framework/src/Illuminate/Routing/Router.php(753): Illuminate\\Routing\\Router->dispatchToRoute()
#32 /home/obed/Bureau/my-api-project/vendor/laravel/framework/src/Illuminate/Foundation/Http/Kernel.php(200): Illuminate\\Routing\\Router->dispatch()
#33 /home/obed/Bureau/my-api-project/vendor/laravel/framework/src/Illuminate/Pipeline/Pipeline.php(180): Illuminate\\Foundation\\Http\\Kernel->Illuminate\\Foundation\\Http\\{closure}()
#34 /home/obed/Bureau/my-api-project/vendor/laravel/framework/src/Illuminate/Foundation/Http/Middleware/TransformsRequest.php(21): Illuminate\\Pipeline\\Pipeline->Illuminate\\Pipeline\\{closure}()
#35 /home/obed/Bureau/my-api-project/vendor/laravel/framework/src/Illuminate/Foundation/Http/Middleware/ConvertEmptyStringsToNull.php(31): Illuminate\\Foundation\\Http\\Middleware\\TransformsRequest->handle()
#36 /home/obed/Bureau/my-api-project/vendor/laravel/framework/src/Illuminate/Pipeline/Pipeline.php(219): Illuminate\\Foundation\\Http\\Middleware\\ConvertEmptyStringsToNull->handle()
#37 /home/obed/Bureau/my-api-project/vendor/laravel/framework/src/Illuminate/Foundation/Http/Middleware/TransformsRequest.php(21): Illuminate\\Pipeline\\Pipeline->Illuminate\\Pipeline\\{closure}()
#38 /home/obed/Bureau/my-api-project/vendor/laravel/framework/src/Illuminate/Foundation/Http/Middleware/TrimStrings.php(51): Illuminate\\Foundation\\Http\\Middleware\\TransformsRequest->handle()
#39 /home/obed/Bureau/my-api-project/vendor/laravel/framework/src/Illuminate/Pipeline/Pipeline.php(219): Illuminate\\Foundation\\Http\\Middleware\\TrimStrings->handle()
#40 /home/obed/Bureau/my-api-project/vendor/laravel/framework/src/Illuminate/Http/Middleware/ValidatePostSize.php(27): Illuminate\\Pipeline\\Pipeline->Illuminate\\Pipeline\\{closure}()
#41 /home/obed/Bureau/my-api-project/vendor/laravel/framework/src/Illuminate/Pipeline/Pipeline.php(219): Illuminate\\Http\\Middleware\\ValidatePostSize->handle()
#42 /home/obed/Bureau/my-api-project/vendor/laravel/framework/src/Illuminate/Foundation/Http/Middleware/PreventRequestsDuringMaintenance.php(109): Illuminate\\Pipeline\\Pipeline->Illuminate\\Pipeline\\{closure}()
#43 /home/obed/Bureau/my-api-project/vendor/laravel/framework/src/Illuminate/Pipeline/Pipeline.php(219): Illuminate\\Foundation\\Http\\Middleware\\PreventRequestsDuringMaintenance->handle()
#44 /home/obed/Bureau/my-api-project/vendor/laravel/framework/src/Illuminate/Http/Middleware/HandleCors.php(61): Illuminate\\Pipeline\\Pipeline->Illuminate\\Pipeline\\{closure}()
#45 /home/obed/Bureau/my-api-project/vendor/laravel/framework/src/Illuminate/Pipeline/Pipeline.php(219): Illuminate\\Http\\Middleware\\HandleCors->handle()
#46 /home/obed/Bureau/my-api-project/vendor/laravel/framework/src/Illuminate/Http/Middleware/TrustProxies.php(58): Illuminate\\Pipeline\\Pipeline->Illuminate\\Pipeline\\{closure}()
#47 /home/obed/Bureau/my-api-project/vendor/laravel/framework/src/Illuminate/Pipeline/Pipeline.php(219): Illuminate\\Http\\Middleware\\TrustProxies->handle()
#48 /home/obed/Bureau/my-api-project/vendor/laravel/framework/src/Illuminate/Foundation/Http/Middleware/InvokeDeferredCallbacks.php(22): Illuminate\\Pipeline\\Pipeline->Illuminate\\Pipeline\\{closure}()
#49 /home/obed/Bureau/my-api-project/vendor/laravel/framework/src/Illuminate/Pipeline/Pipeline.php(219): Illuminate\\Foundation\\Http\\Middleware\\InvokeDeferredCallbacks->handle()
#50 /home/obed/Bureau/my-api-project/vendor/laravel/framework/src/Illuminate/Http/Middleware/ValidatePathEncoding.php(26): Illuminate\\Pipeline\\Pipeline->Illuminate\\Pipeline\\{closure}()
#51 /home/obed/Bureau/my-api-project/vendor/laravel/framework/src/Illuminate/Pipeline/Pipeline.php(219): Illuminate\\Http\\Middleware\\ValidatePathEncoding->handle()
#52 /home/obed/Bureau/my-api-project/vendor/laravel/framework/src/Illuminate/Pipeline/Pipeline.php(137): Illuminate\\Pipeline\\Pipeline->Illuminate\\Pipeline\\{closure}()
#53 /home/obed/Bureau/my-api-project/vendor/laravel/framework/src/Illuminate/Foundation/Http/Kernel.php(175): Illuminate\\Pipeline\\Pipeline->then()
#54 /home/obed/Bureau/my-api-project/vendor/laravel/framework/src/Illuminate/Foundation/Http/Kernel.php(144): Illuminate\\Foundation\\Http\\Kernel->sendRequestThroughRouter()
#55 /home/obed/Bureau/my-api-project/vendor/laravel/framework/src/Illuminate/Foundation/Application.php(1219): Illuminate\\Foundation\\Http\\Kernel->handle()
#56 /home/obed/Bureau/my-api-project/public/index.php(20): Illuminate\\Foundation\\Application->handleRequest()
#57 /home/obed/Bureau/my-api-project/vendor/laravel/framework/src/Illuminate/Foundation/resources/server.php(23): require_once('...')
#58 {main}","request_data":{"montant_total":689.0,"patient_id":4,"medicaments_prescrits":[{"quantite":1,"statut":false,"posologie":"1 comprimé par jour","duree":"7 jours","avis":"Aucun","substitution_autorisee":true,"pharmaceutical_product_id":1}]}} 
[2025-09-13 09:14:26] local.INFO: Début de la méthode store {"request_data":{"montant_total":689.0,"patient_id":4,"medicaments_prescrits":[{"quantite":1,"statut":false,"posologie":"1 comprimé par jour","duree":"7 jours","avis":"Aucun","substitution_autorisee":true,"pharmaceutical_product_id":1}]},"headers":{"user-agent":["Dart/3.6 (dart:io)"],"content-type":["application/json"],"accept-encoding":["gzip"],"content-length":["222"],"authorization":["Bearer 101|8DyVS2pNcUiMccU6TOiMh1pBNRMWi6i5kc5AYpUP0045c212"],"host":["192.168.100.224:53800"]},"ip":"192.168.100.212","url":"http://192.168.100.224:53800/api/save_ordonnance"} 
[2025-09-13 09:14:26] local.INFO: Début de la validation des données  
[2025-09-13 09:14:26] local.INFO: Liste des meds {"validated_data":[{"quantite":1,"statut":false,"posologie":"1 comprimé par jour","duree":"7 jours","avis":"Aucun","substitution_autorisee":true,"pharmaceutical_product_id":1}]} 
[2025-09-13 09:14:26] local.INFO: Validation réussie {"validated_data":{"montant_total":689.0,"medicaments_prescrits":[{"quantite":1,"statut":false,"posologie":"1 comprimé par jour","duree":"7 jours","avis":"Aucun","substitution_autorisee":true,"pharmaceutical_product_id":1}],"patient_id":4}} 
[2025-09-13 09:14:26] local.INFO: Création de l'ordonnance  
[2025-09-13 09:14:26] local.ERROR: Erreur inattendue dans la méthode store {"message":"SQLSTATE[42S02]: Base table or view not found: 1146 Table 'laravel.ordonnances' doesn't exist (Connection: mysql, SQL: insert into `ordonnances` (`montant_total`, `montant_paye`, `code_ordonnance`, `patient_id`, `updated_at`, `created_at`) values (689, 0, ORD-41S0Y, 4, 2025-09-13 09:14:26, 2025-09-13 09:14:26))","code":"42S02","file":"/home/obed/Bureau/my-api-project/vendor/laravel/framework/src/Illuminate/Database/Connection.php","line":824,"trace":"#0 /home/obed/Bureau/my-api-project/vendor/laravel/framework/src/Illuminate/Database/Connection.php(778): Illuminate\\Database\\Connection->runQueryCallback()
#1 /home/obed/Bureau/my-api-project/vendor/laravel/framework/src/Illuminate/Database/MySqlConnection.php(42): Illuminate\\Database\\Connection->run()
#2 /home/obed/Bureau/my-api-project/vendor/laravel/framework/src/Illuminate/Database/Query/Processors/MySqlProcessor.php(35): Illuminate\\Database\\MySqlConnection->insert()
#3 /home/obed/Bureau/my-api-project/vendor/laravel/framework/src/Illuminate/Database/Query/Builder.php(3853): Illuminate\\Database\\Query\\Processors\\MySqlProcessor->processInsertGetId()
#4 /home/obed/Bureau/my-api-project/vendor/laravel/framework/src/Illuminate/Database/Eloquent/Builder.php(2220): Illuminate\\Database\\Query\\Builder->insertGetId()
#5 /home/obed/Bureau/my-api-project/vendor/laravel/framework/src/Illuminate/Database/Eloquent/Model.php(1434): Illuminate\\Database\\Eloquent\\Builder->__call()
#6 /home/obed/Bureau/my-api-project/vendor/laravel/framework/src/Illuminate/Database/Eloquent/Model.php(1399): Illuminate\\Database\\Eloquent\\Model->insertAndSetId()
#7 /home/obed/Bureau/my-api-project/vendor/laravel/framework/src/Illuminate/Database/Eloquent/Model.php(1238): Illuminate\\Database\\Eloquent\\Model->performInsert()
#8 /home/obed/Bureau/my-api-project/vendor/laravel/framework/src/Illuminate/Database/Eloquent/Builder.php(1204): Illuminate\\Database\\Eloquent\\Model->save()
#9 /home/obed/Bureau/my-api-project/vendor/laravel/framework/src/Illuminate/Support/helpers.php(390): Illuminate\\Database\\Eloquent\\Builder->Illuminate\\Database\\Eloquent\\{closure}()
#10 /home/obed/Bureau/my-api-project/vendor/laravel/framework/src/Illuminate/Database/Eloquent/Builder.php(1203): tap()
#11 /home/obed/Bureau/my-api-project/vendor/laravel/framework/src/Illuminate/Support/Traits/ForwardsCalls.php(23): Illuminate\\Database\\Eloquent\\Builder->create()
#12 /home/obed/Bureau/my-api-project/vendor/laravel/framework/src/Illuminate/Database/Eloquent/Model.php(2537): Illuminate\\Database\\Eloquent\\Model->forwardCallTo()
#13 /home/obed/Bureau/my-api-project/vendor/laravel/framework/src/Illuminate/Database/Eloquent/Model.php(2553): Illuminate\\Database\\Eloquent\\Model->__call()
#14 /home/obed/Bureau/my-api-project/app/Http/Controllers/OrdonnanceController.php(71): Illuminate\\Database\\Eloquent\\Model::__callStatic()
#15 /home/obed/Bureau/my-api-project/vendor/laravel/framework/src/Illuminate/Routing/ControllerDispatcher.php(46): App\\Http\\Controllers\\OrdonnanceController->store()
#16 /home/obed/Bureau/my-api-project/vendor/laravel/framework/src/Illuminate/Routing/Route.php(265): Illuminate\\Routing\\ControllerDispatcher->dispatch()
#17 /home/obed/Bureau/my-api-project/vendor/laravel/framework/src/Illuminate/Routing/Route.php(211): Illuminate\\Routing\\Route->runController()
#18 /home/obed/Bureau/my-api-project/vendor/laravel/framework/src/Illuminate/Routing/Router.php(822): Illuminate\\Routing\\Route->run()
#19 /home/obed/Bureau/my-api-project/vendor/laravel/framework/src/Illuminate/Pipeline/Pipeline.php(180): Illuminate\\Routing\\Router->Illuminate\\Routing\\{closure}()
#20 /home/obed/Bureau/my-api-project/vendor/laravel/framework/src/Illuminate/Routing/Middleware/SubstituteBindings.php(50): Illuminate\\Pipeline\\Pipeline->Illuminate\\Pipeline\\{closure}()
#21 /home/obed/Bureau/my-api-project/vendor/laravel/framework/src/Illuminate/Pipeline/Pipeline.php(219): Illuminate\\Routing\\Middleware\\SubstituteBindings->handle()
#22 /home/obed/Bureau/my-api-project/vendor/laravel/sanctum/src/Http/Middleware/EnsureFrontendRequestsAreStateful.php(26): Illuminate\\Pipeline\\Pipeline->Illuminate\\Pipeline\\{closure}()
#23 /home/obed/Bureau/my-api-project/vendor/laravel/framework/src/Illuminate/Pipeline/Pipeline.php(180): Laravel\\Sanctum\\Http\\Middleware\\EnsureFrontendRequestsAreStateful->Laravel\\Sanctum\\Http\\Middleware\\{closure}()
#24 /home/obed/Bureau/my-api-project/vendor/laravel/framework/src/Illuminate/Pipeline/Pipeline.php(137): Illuminate\\Pipeline\\Pipeline->Illuminate\\Pipeline\\{closure}()
#25 /home/obed/Bureau/my-api-project/vendor/laravel/sanctum/src/Http/Middleware/EnsureFrontendRequestsAreStateful.php(25): Illuminate\\Pipeline\\Pipeline->then()
#26 /home/obed/Bureau/my-api-project/vendor/laravel/framework/src/Illuminate/Pipeline/Pipeline.php(219): Laravel\\Sanctum\\Http\\Middleware\\EnsureFrontendRequestsAreStateful->handle()
#27 /home/obed/Bureau/my-api-project/vendor/laravel/framework/src/Illuminate/Pipeline/Pipeline.php(137): Illuminate\\Pipeline\\Pipeline->Illuminate\\Pipeline\\{closure}()
#28 /home/obed/Bureau/my-api-project/vendor/laravel/framework/src/Illuminate/Routing/Router.php(821): Illuminate\\Pipeline\\Pipeline->then()
#29 /home/obed/Bureau/my-api-project/vendor/laravel/framework/src/Illuminate/Routing/Router.php(800): Illuminate\\Routing\\Router->runRouteWithinStack()
#30 /home/obed/Bureau/my-api-project/vendor/laravel/framework/src/Illuminate/Routing/Router.php(764): Illuminate\\Routing\\Router->runRoute()
#31 /home/obed/Bureau/my-api-project/vendor/laravel/framework/src/Illuminate/Routing/Router.php(753): Illuminate\\Routing\\Router->dispatchToRoute()
#32 /home/obed/Bureau/my-api-project/vendor/laravel/framework/src/Illuminate/Foundation/Http/Kernel.php(200): Illuminate\\Routing\\Router->dispatch()
#33 /home/obed/Bureau/my-api-project/vendor/laravel/framework/src/Illuminate/Pipeline/Pipeline.php(180): Illuminate\\Foundation\\Http\\Kernel->Illuminate\\Foundation\\Http\\{closure}()
#34 /home/obed/Bureau/my-api-project/vendor/laravel/framework/src/Illuminate/Foundation/Http/Middleware/TransformsRequest.php(21): Illuminate\\Pipeline\\Pipeline->Illuminate\\Pipeline\\{closure}()
#35 /home/obed/Bureau/my-api-project/vendor/laravel/framework/src/Illuminate/Foundation/Http/Middleware/ConvertEmptyStringsToNull.php(31): Illuminate\\Foundation\\Http\\Middleware\\TransformsRequest->handle()
#36 /home/obed/Bureau/my-api-project/vendor/laravel/framework/src/Illuminate/Pipeline/Pipeline.php(219): Illuminate\\Foundation\\Http\\Middleware\\ConvertEmptyStringsToNull->handle()
#37 /home/obed/Bureau/my-api-project/vendor/laravel/framework/src/Illuminate/Foundation/Http/Middleware/TransformsRequest.php(21): Illuminate\\Pipeline\\Pipeline->Illuminate\\Pipeline\\{closure}()
#38 /home/obed/Bureau/my-api-project/vendor/laravel/framework/src/Illuminate/Foundation/Http/Middleware/TrimStrings.php(51): Illuminate\\Foundation\\Http\\Middleware\\TransformsRequest->handle()
#39 /home/obed/Bureau/my-api-project/vendor/laravel/framework/src/Illuminate/Pipeline/Pipeline.php(219): Illuminate\\Foundation\\Http\\Middleware\\TrimStrings->handle()
#40 /home/obed/Bureau/my-api-project/vendor/laravel/framework/src/Illuminate/Http/Middleware/ValidatePostSize.php(27): Illuminate\\Pipeline\\Pipeline->Illuminate\\Pipeline\\{closure}()
#41 /home/obed/Bureau/my-api-project/vendor/laravel/framework/src/Illuminate/Pipeline/Pipeline.php(219): Illuminate\\Http\\Middleware\\ValidatePostSize->handle()
#42 /home/obed/Bureau/my-api-project/vendor/laravel/framework/src/Illuminate/Foundation/Http/Middleware/PreventRequestsDuringMaintenance.php(109): Illuminate\\Pipeline\\Pipeline->Illuminate\\Pipeline\\{closure}()
#43 /home/obed/Bureau/my-api-project/vendor/laravel/framework/src/Illuminate/Pipeline/Pipeline.php(219): Illuminate\\Foundation\\Http\\Middleware\\PreventRequestsDuringMaintenance->handle()
#44 /home/obed/Bureau/my-api-project/vendor/laravel/framework/src/Illuminate/Http/Middleware/HandleCors.php(61): Illuminate\\Pipeline\\Pipeline->Illuminate\\Pipeline\\{closure}()
#45 /home/obed/Bureau/my-api-project/vendor/laravel/framework/src/Illuminate/Pipeline/Pipeline.php(219): Illuminate\\Http\\Middleware\\HandleCors->handle()
#46 /home/obed/Bureau/my-api-project/vendor/laravel/framework/src/Illuminate/Http/Middleware/TrustProxies.php(58): Illuminate\\Pipeline\\Pipeline->Illuminate\\Pipeline\\{closure}()
#47 /home/obed/Bureau/my-api-project/vendor/laravel/framework/src/Illuminate/Pipeline/Pipeline.php(219): Illuminate\\Http\\Middleware\\TrustProxies->handle()
#48 /home/obed/Bureau/my-api-project/vendor/laravel/framework/src/Illuminate/Foundation/Http/Middleware/InvokeDeferredCallbacks.php(22): Illuminate\\Pipeline\\Pipeline->Illuminate\\Pipeline\\{closure}()
#49 /home/obed/Bureau/my-api-project/vendor/laravel/framework/src/Illuminate/Pipeline/Pipeline.php(219): Illuminate\\Foundation\\Http\\Middleware\\InvokeDeferredCallbacks->handle()
#50 /home/obed/Bureau/my-api-project/vendor/laravel/framework/src/Illuminate/Http/Middleware/ValidatePathEncoding.php(26): Illuminate\\Pipeline\\Pipeline->Illuminate\\Pipeline\\{closure}()
#51 /home/obed/Bureau/my-api-project/vendor/laravel/framework/src/Illuminate/Pipeline/Pipeline.php(219): Illuminate\\Http\\Middleware\\ValidatePathEncoding->handle()
#52 /home/obed/Bureau/my-api-project/vendor/laravel/framework/src/Illuminate/Pipeline/Pipeline.php(137): Illuminate\\Pipeline\\Pipeline->Illuminate\\Pipeline\\{closure}()
#53 /home/obed/Bureau/my-api-project/vendor/laravel/framework/src/Illuminate/Foundation/Http/Kernel.php(175): Illuminate\\Pipeline\\Pipeline->then()
#54 /home/obed/Bureau/my-api-project/vendor/laravel/framework/src/Illuminate/Foundation/Http/Kernel.php(144): Illuminate\\Foundation\\Http\\Kernel->sendRequestThroughRouter()
#55 /home/obed/Bureau/my-api-project/vendor/laravel/framework/src/Illuminate/Foundation/Application.php(1219): Illuminate\\Foundation\\Http\\Kernel->handle()
#56 /home/obed/Bureau/my-api-project/public/index.php(20): Illuminate\\Foundation\\Application->handleRequest()
#57 /home/obed/Bureau/my-api-project/vendor/laravel/framework/src/Illuminate/Foundation/resources/server.php(23): require_once('...')
#58 {main}","request_data":{"montant_total":689.0,"patient_id":4,"medicaments_prescrits":[{"quantite":1,"statut":false,"posologie":"1 comprimé par jour","duree":"7 jours","avis":"Aucun","substitution_autorisee":true,"pharmaceutical_product_id":1}]}} 
[2025-09-13 09:18:56] local.INFO: Début de la méthode store {"request_data":{"montant_total":689.0,"patient_id":4,"medicaments_prescrits":[{"quantite":1,"statut":false,"posologie":"1 comprimé par jour","duree":"7 jours","avis":"Aucun","substitution_autorisee":true,"pharmaceutical_product_id":1}]},"headers":{"user-agent":["Dart/3.6 (dart:io)"],"content-type":["application/json"],"accept-encoding":["gzip"],"content-length":["222"],"authorization":["Bearer 101|8DyVS2pNcUiMccU6TOiMh1pBNRMWi6i5kc5AYpUP0045c212"],"host":["192.168.100.224:53800"]},"ip":"192.168.100.212","url":"http://192.168.100.224:53800/api/save_ordonnance"} 
[2025-09-13 09:18:56] local.INFO: Début de la validation des données  
[2025-09-13 09:18:56] local.INFO: Liste des meds {"validated_data":[{"quantite":1,"statut":false,"posologie":"1 comprimé par jour","duree":"7 jours","avis":"Aucun","substitution_autorisee":true,"pharmaceutical_product_id":1}]} 
[2025-09-13 09:18:56] local.INFO: Validation réussie {"validated_data":{"montant_total":689.0,"medicaments_prescrits":[{"quantite":1,"statut":false,"posologie":"1 comprimé par jour","duree":"7 jours","avis":"Aucun","substitution_autorisee":true,"pharmaceutical_product_id":1}],"patient_id":4}} 
[2025-09-13 09:18:56] local.INFO: Création de l'ordonnance  
[2025-09-13 09:18:56] local.ERROR: Erreur inattendue dans la méthode store {"message":"SQLSTATE[42S02]: Base table or view not found: 1146 Table 'laravel.ordonnances' doesn't exist (Connection: mysql, SQL: insert into `ordonnances` (`montant_total`, `montant_paye`, `code_ordonnance`, `patient_id`, `updated_at`, `created_at`) values (689, 0, ORD-UEE02, 4, 2025-09-13 09:18:56, 2025-09-13 09:18:56))","code":"42S02","file":"/home/obed/Bureau/my-api-project/vendor/laravel/framework/src/Illuminate/Database/Connection.php","line":824,"trace":"#0 /home/obed/Bureau/my-api-project/vendor/laravel/framework/src/Illuminate/Database/Connection.php(778): Illuminate\\Database\\Connection->runQueryCallback()
#1 /home/obed/Bureau/my-api-project/vendor/laravel/framework/src/Illuminate/Database/MySqlConnection.php(42): Illuminate\\Database\\Connection->run()
#2 /home/obed/Bureau/my-api-project/vendor/laravel/framework/src/Illuminate/Database/Query/Processors/MySqlProcessor.php(35): Illuminate\\Database\\MySqlConnection->insert()
#3 /home/obed/Bureau/my-api-project/vendor/laravel/framework/src/Illuminate/Database/Query/Builder.php(3853): Illuminate\\Database\\Query\\Processors\\MySqlProcessor->processInsertGetId()
#4 /home/obed/Bureau/my-api-project/vendor/laravel/framework/src/Illuminate/Database/Eloquent/Builder.php(2220): Illuminate\\Database\\Query\\Builder->insertGetId()
#5 /home/obed/Bureau/my-api-project/vendor/laravel/framework/src/Illuminate/Database/Eloquent/Model.php(1434): Illuminate\\Database\\Eloquent\\Builder->__call()
#6 /home/obed/Bureau/my-api-project/vendor/laravel/framework/src/Illuminate/Database/Eloquent/Model.php(1399): Illuminate\\Database\\Eloquent\\Model->insertAndSetId()
#7 /home/obed/Bureau/my-api-project/vendor/laravel/framework/src/Illuminate/Database/Eloquent/Model.php(1238): Illuminate\\Database\\Eloquent\\Model->performInsert()
#8 /home/obed/Bureau/my-api-project/vendor/laravel/framework/src/Illuminate/Database/Eloquent/Builder.php(1204): Illuminate\\Database\\Eloquent\\Model->save()
#9 /home/obed/Bureau/my-api-project/vendor/laravel/framework/src/Illuminate/Support/helpers.php(390): Illuminate\\Database\\Eloquent\\Builder->Illuminate\\Database\\Eloquent\\{closure}()
#10 /home/obed/Bureau/my-api-project/vendor/laravel/framework/src/Illuminate/Database/Eloquent/Builder.php(1203): tap()
#11 /home/obed/Bureau/my-api-project/vendor/laravel/framework/src/Illuminate/Support/Traits/ForwardsCalls.php(23): Illuminate\\Database\\Eloquent\\Builder->create()
#12 /home/obed/Bureau/my-api-project/vendor/laravel/framework/src/Illuminate/Database/Eloquent/Model.php(2537): Illuminate\\Database\\Eloquent\\Model->forwardCallTo()
#13 /home/obed/Bureau/my-api-project/vendor/laravel/framework/src/Illuminate/Database/Eloquent/Model.php(2553): Illuminate\\Database\\Eloquent\\Model->__call()
#14 /home/obed/Bureau/my-api-project/app/Http/Controllers/OrdonnanceController.php(71): Illuminate\\Database\\Eloquent\\Model::__callStatic()
#15 /home/obed/Bureau/my-api-project/vendor/laravel/framework/src/Illuminate/Routing/ControllerDispatcher.php(46): App\\Http\\Controllers\\OrdonnanceController->store()
#16 /home/obed/Bureau/my-api-project/vendor/laravel/framework/src/Illuminate/Routing/Route.php(265): Illuminate\\Routing\\ControllerDispatcher->dispatch()
#17 /home/obed/Bureau/my-api-project/vendor/laravel/framework/src/Illuminate/Routing/Route.php(211): Illuminate\\Routing\\Route->runController()
#18 /home/obed/Bureau/my-api-project/vendor/laravel/framework/src/Illuminate/Routing/Router.php(822): Illuminate\\Routing\\Route->run()
#19 /home/obed/Bureau/my-api-project/vendor/laravel/framework/src/Illuminate/Pipeline/Pipeline.php(180): Illuminate\\Routing\\Router->Illuminate\\Routing\\{closure}()
#20 /home/obed/Bureau/my-api-project/vendor/laravel/framework/src/Illuminate/Routing/Middleware/SubstituteBindings.php(50): Illuminate\\Pipeline\\Pipeline->Illuminate\\Pipeline\\{closure}()
#21 /home/obed/Bureau/my-api-project/vendor/laravel/framework/src/Illuminate/Pipeline/Pipeline.php(219): Illuminate\\Routing\\Middleware\\SubstituteBindings->handle()
#22 /home/obed/Bureau/my-api-project/vendor/laravel/sanctum/src/Http/Middleware/EnsureFrontendRequestsAreStateful.php(26): Illuminate\\Pipeline\\Pipeline->Illuminate\\Pipeline\\{closure}()
#23 /home/obed/Bureau/my-api-project/vendor/laravel/framework/src/Illuminate/Pipeline/Pipeline.php(180): Laravel\\Sanctum\\Http\\Middleware\\EnsureFrontendRequestsAreStateful->Laravel\\Sanctum\\Http\\Middleware\\{closure}()
#24 /home/obed/Bureau/my-api-project/vendor/laravel/framework/src/Illuminate/Pipeline/Pipeline.php(137): Illuminate\\Pipeline\\Pipeline->Illuminate\\Pipeline\\{closure}()
#25 /home/obed/Bureau/my-api-project/vendor/laravel/sanctum/src/Http/Middleware/EnsureFrontendRequestsAreStateful.php(25): Illuminate\\Pipeline\\Pipeline->then()
#26 /home/obed/Bureau/my-api-project/vendor/laravel/framework/src/Illuminate/Pipeline/Pipeline.php(219): Laravel\\Sanctum\\Http\\Middleware\\EnsureFrontendRequestsAreStateful->handle()
#27 /home/obed/Bureau/my-api-project/vendor/laravel/framework/src/Illuminate/Pipeline/Pipeline.php(137): Illuminate\\Pipeline\\Pipeline->Illuminate\\Pipeline\\{closure}()
#28 /home/obed/Bureau/my-api-project/vendor/laravel/framework/src/Illuminate/Routing/Router.php(821): Illuminate\\Pipeline\\Pipeline->then()
#29 /home/obed/Bureau/my-api-project/vendor/laravel/framework/src/Illuminate/Routing/Router.php(800): Illuminate\\Routing\\Router->runRouteWithinStack()
#30 /home/obed/Bureau/my-api-project/vendor/laravel/framework/src/Illuminate/Routing/Router.php(764): Illuminate\\Routing\\Router->runRoute()
#31 /home/obed/Bureau/my-api-project/vendor/laravel/framework/src/Illuminate/Routing/Router.php(753): Illuminate\\Routing\\Router->dispatchToRoute()
#32 /home/obed/Bureau/my-api-project/vendor/laravel/framework/src/Illuminate/Foundation/Http/Kernel.php(200): Illuminate\\Routing\\Router->dispatch()
#33 /home/obed/Bureau/my-api-project/vendor/laravel/framework/src/Illuminate/Pipeline/Pipeline.php(180): Illuminate\\Foundation\\Http\\Kernel->Illuminate\\Foundation\\Http\\{closure}()
#34 /home/obed/Bureau/my-api-project/vendor/laravel/framework/src/Illuminate/Foundation/Http/Middleware/TransformsRequest.php(21): Illuminate\\Pipeline\\Pipeline->Illuminate\\Pipeline\\{closure}()
#35 /home/obed/Bureau/my-api-project/vendor/laravel/framework/src/Illuminate/Foundation/Http/Middleware/ConvertEmptyStringsToNull.php(31): Illuminate\\Foundation\\Http\\Middleware\\TransformsRequest->handle()
#36 /home/obed/Bureau/my-api-project/vendor/laravel/framework/src/Illuminate/Pipeline/Pipeline.php(219): Illuminate\\Foundation\\Http\\Middleware\\ConvertEmptyStringsToNull->handle()
#37 /home/obed/Bureau/my-api-project/vendor/laravel/framework/src/Illuminate/Foundation/Http/Middleware/TransformsRequest.php(21): Illuminate\\Pipeline\\Pipeline->Illuminate\\Pipeline\\{closure}()
#38 /home/obed/Bureau/my-api-project/vendor/laravel/framework/src/Illuminate/Foundation/Http/Middleware/TrimStrings.php(51): Illuminate\\Foundation\\Http\\Middleware\\TransformsRequest->handle()
#39 /home/obed/Bureau/my-api-project/vendor/laravel/framework/src/Illuminate/Pipeline/Pipeline.php(219): Illuminate\\Foundation\\Http\\Middleware\\TrimStrings->handle()
#40 /home/obed/Bureau/my-api-project/vendor/laravel/framework/src/Illuminate/Http/Middleware/ValidatePostSize.php(27): Illuminate\\Pipeline\\Pipeline->Illuminate\\Pipeline\\{closure}()
#41 /home/obed/Bureau/my-api-project/vendor/laravel/framework/src/Illuminate/Pipeline/Pipeline.php(219): Illuminate\\Http\\Middleware\\ValidatePostSize->handle()
#42 /home/obed/Bureau/my-api-project/vendor/laravel/framework/src/Illuminate/Foundation/Http/Middleware/PreventRequestsDuringMaintenance.php(109): Illuminate\\Pipeline\\Pipeline->Illuminate\\Pipeline\\{closure}()
#43 /home/obed/Bureau/my-api-project/vendor/laravel/framework/src/Illuminate/Pipeline/Pipeline.php(219): Illuminate\\Foundation\\Http\\Middleware\\PreventRequestsDuringMaintenance->handle()
#44 /home/obed/Bureau/my-api-project/vendor/laravel/framework/src/Illuminate/Http/Middleware/HandleCors.php(61): Illuminate\\Pipeline\\Pipeline->Illuminate\\Pipeline\\{closure}()
#45 /home/obed/Bureau/my-api-project/vendor/laravel/framework/src/Illuminate/Pipeline/Pipeline.php(219): Illuminate\\Http\\Middleware\\HandleCors->handle()
#46 /home/obed/Bureau/my-api-project/vendor/laravel/framework/src/Illuminate/Http/Middleware/TrustProxies.php(58): Illuminate\\Pipeline\\Pipeline->Illuminate\\Pipeline\\{closure}()
#47 /home/obed/Bureau/my-api-project/vendor/laravel/framework/src/Illuminate/Pipeline/Pipeline.php(219): Illuminate\\Http\\Middleware\\TrustProxies->handle()
#48 /home/obed/Bureau/my-api-project/vendor/laravel/framework/src/Illuminate/Foundation/Http/Middleware/InvokeDeferredCallbacks.php(22): Illuminate\\Pipeline\\Pipeline->Illuminate\\Pipeline\\{closure}()
#49 /home/obed/Bureau/my-api-project/vendor/laravel/framework/src/Illuminate/Pipeline/Pipeline.php(219): Illuminate\\Foundation\\Http\\Middleware\\InvokeDeferredCallbacks->handle()
#50 /home/obed/Bureau/my-api-project/vendor/laravel/framework/src/Illuminate/Http/Middleware/ValidatePathEncoding.php(26): Illuminate\\Pipeline\\Pipeline->Illuminate\\Pipeline\\{closure}()
#51 /home/obed/Bureau/my-api-project/vendor/laravel/framework/src/Illuminate/Pipeline/Pipeline.php(219): Illuminate\\Http\\Middleware\\ValidatePathEncoding->handle()
#52 /home/obed/Bureau/my-api-project/vendor/laravel/framework/src/Illuminate/Pipeline/Pipeline.php(137): Illuminate\\Pipeline\\Pipeline->Illuminate\\Pipeline\\{closure}()
#53 /home/obed/Bureau/my-api-project/vendor/laravel/framework/src/Illuminate/Foundation/Http/Kernel.php(175): Illuminate\\Pipeline\\Pipeline->then()
#54 /home/obed/Bureau/my-api-project/vendor/laravel/framework/src/Illuminate/Foundation/Http/Kernel.php(144): Illuminate\\Foundation\\Http\\Kernel->sendRequestThroughRouter()
#55 /home/obed/Bureau/my-api-project/vendor/laravel/framework/src/Illuminate/Foundation/Application.php(1219): Illuminate\\Foundation\\Http\\Kernel->handle()
#56 /home/obed/Bureau/my-api-project/public/index.php(20): Illuminate\\Foundation\\Application->handleRequest()
#57 /home/obed/Bureau/my-api-project/vendor/laravel/framework/src/Illuminate/Foundation/resources/server.php(23): require_once('...')
#58 {main}","request_data":{"montant_total":689.0,"patient_id":4,"medicaments_prescrits":[{"quantite":1,"statut":false,"posologie":"1 comprimé par jour","duree":"7 jours","avis":"Aucun","substitution_autorisee":true,"pharmaceutical_product_id":1}]}} 
[2025-09-13 09:19:01] local.INFO: Début de la méthode store {"request_data":{"montant_total":689.0,"patient_id":4,"medicaments_prescrits":[{"quantite":1,"statut":false,"posologie":"1 comprimé par jour","duree":"7 jours","avis":"Aucun","substitution_autorisee":true,"pharmaceutical_product_id":1}]},"headers":{"user-agent":["Dart/3.6 (dart:io)"],"content-type":["application/json"],"accept-encoding":["gzip"],"content-length":["222"],"authorization":["Bearer 101|8DyVS2pNcUiMccU6TOiMh1pBNRMWi6i5kc5AYpUP0045c212"],"host":["192.168.100.224:53800"]},"ip":"192.168.100.212","url":"http://192.168.100.224:53800/api/save_ordonnance"} 
[2025-09-13 09:19:01] local.INFO: Début de la validation des données  
[2025-09-13 09:19:01] local.INFO: Liste des meds {"validated_data":[{"quantite":1,"statut":false,"posologie":"1 comprimé par jour","duree":"7 jours","avis":"Aucun","substitution_autorisee":true,"pharmaceutical_product_id":1}]} 
[2025-09-13 09:19:01] local.INFO: Validation réussie {"validated_data":{"montant_total":689.0,"medicaments_prescrits":[{"quantite":1,"statut":false,"posologie":"1 comprimé par jour","duree":"7 jours","avis":"Aucun","substitution_autorisee":true,"pharmaceutical_product_id":1}],"patient_id":4}} 
[2025-09-13 09:19:01] local.INFO: Création de l'ordonnance  
[2025-09-13 09:19:01] local.ERROR: Erreur inattendue dans la méthode store {"message":"SQLSTATE[42S02]: Base table or view not found: 1146 Table 'laravel.ordonnances' doesn't exist (Connection: mysql, SQL: insert into `ordonnances` (`montant_total`, `montant_paye`, `code_ordonnance`, `patient_id`, `updated_at`, `created_at`) values (689, 0, ORD-27FWJ, 4, 2025-09-13 09:19:01, 2025-09-13 09:19:01))","code":"42S02","file":"/home/obed/Bureau/my-api-project/vendor/laravel/framework/src/Illuminate/Database/Connection.php","line":824,"trace":"#0 /home/obed/Bureau/my-api-project/vendor/laravel/framework/src/Illuminate/Database/Connection.php(778): Illuminate\\Database\\Connection->runQueryCallback()
#1 /home/obed/Bureau/my-api-project/vendor/laravel/framework/src/Illuminate/Database/MySqlConnection.php(42): Illuminate\\Database\\Connection->run()
#2 /home/obed/Bureau/my-api-project/vendor/laravel/framework/src/Illuminate/Database/Query/Processors/MySqlProcessor.php(35): Illuminate\\Database\\MySqlConnection->insert()
#3 /home/obed/Bureau/my-api-project/vendor/laravel/framework/src/Illuminate/Database/Query/Builder.php(3853): Illuminate\\Database\\Query\\Processors\\MySqlProcessor->processInsertGetId()
#4 /home/obed/Bureau/my-api-project/vendor/laravel/framework/src/Illuminate/Database/Eloquent/Builder.php(2220): Illuminate\\Database\\Query\\Builder->insertGetId()
#5 /home/obed/Bureau/my-api-project/vendor/laravel/framework/src/Illuminate/Database/Eloquent/Model.php(1434): Illuminate\\Database\\Eloquent\\Builder->__call()
#6 /home/obed/Bureau/my-api-project/vendor/laravel/framework/src/Illuminate/Database/Eloquent/Model.php(1399): Illuminate\\Database\\Eloquent\\Model->insertAndSetId()
#7 /home/obed/Bureau/my-api-project/vendor/laravel/framework/src/Illuminate/Database/Eloquent/Model.php(1238): Illuminate\\Database\\Eloquent\\Model->performInsert()
#8 /home/obed/Bureau/my-api-project/vendor/laravel/framework/src/Illuminate/Database/Eloquent/Builder.php(1204): Illuminate\\Database\\Eloquent\\Model->save()
#9 /home/obed/Bureau/my-api-project/vendor/laravel/framework/src/Illuminate/Support/helpers.php(390): Illuminate\\Database\\Eloquent\\Builder->Illuminate\\Database\\Eloquent\\{closure}()
#10 /home/obed/Bureau/my-api-project/vendor/laravel/framework/src/Illuminate/Database/Eloquent/Builder.php(1203): tap()
#11 /home/obed/Bureau/my-api-project/vendor/laravel/framework/src/Illuminate/Support/Traits/ForwardsCalls.php(23): Illuminate\\Database\\Eloquent\\Builder->create()
#12 /home/obed/Bureau/my-api-project/vendor/laravel/framework/src/Illuminate/Database/Eloquent/Model.php(2537): Illuminate\\Database\\Eloquent\\Model->forwardCallTo()
#13 /home/obed/Bureau/my-api-project/vendor/laravel/framework/src/Illuminate/Database/Eloquent/Model.php(2553): Illuminate\\Database\\Eloquent\\Model->__call()
#14 /home/obed/Bureau/my-api-project/app/Http/Controllers/OrdonnanceController.php(71): Illuminate\\Database\\Eloquent\\Model::__callStatic()
#15 /home/obed/Bureau/my-api-project/vendor/laravel/framework/src/Illuminate/Routing/ControllerDispatcher.php(46): App\\Http\\Controllers\\OrdonnanceController->store()
#16 /home/obed/Bureau/my-api-project/vendor/laravel/framework/src/Illuminate/Routing/Route.php(265): Illuminate\\Routing\\ControllerDispatcher->dispatch()
#17 /home/obed/Bureau/my-api-project/vendor/laravel/framework/src/Illuminate/Routing/Route.php(211): Illuminate\\Routing\\Route->runController()
#18 /home/obed/Bureau/my-api-project/vendor/laravel/framework/src/Illuminate/Routing/Router.php(822): Illuminate\\Routing\\Route->run()
#19 /home/obed/Bureau/my-api-project/vendor/laravel/framework/src/Illuminate/Pipeline/Pipeline.php(180): Illuminate\\Routing\\Router->Illuminate\\Routing\\{closure}()
#20 /home/obed/Bureau/my-api-project/vendor/laravel/framework/src/Illuminate/Routing/Middleware/SubstituteBindings.php(50): Illuminate\\Pipeline\\Pipeline->Illuminate\\Pipeline\\{closure}()
#21 /home/obed/Bureau/my-api-project/vendor/laravel/framework/src/Illuminate/Pipeline/Pipeline.php(219): Illuminate\\Routing\\Middleware\\SubstituteBindings->handle()
#22 /home/obed/Bureau/my-api-project/vendor/laravel/sanctum/src/Http/Middleware/EnsureFrontendRequestsAreStateful.php(26): Illuminate\\Pipeline\\Pipeline->Illuminate\\Pipeline\\{closure}()
#23 /home/obed/Bureau/my-api-project/vendor/laravel/framework/src/Illuminate/Pipeline/Pipeline.php(180): Laravel\\Sanctum\\Http\\Middleware\\EnsureFrontendRequestsAreStateful->Laravel\\Sanctum\\Http\\Middleware\\{closure}()
#24 /home/obed/Bureau/my-api-project/vendor/laravel/framework/src/Illuminate/Pipeline/Pipeline.php(137): Illuminate\\Pipeline\\Pipeline->Illuminate\\Pipeline\\{closure}()
#25 /home/obed/Bureau/my-api-project/vendor/laravel/sanctum/src/Http/Middleware/EnsureFrontendRequestsAreStateful.php(25): Illuminate\\Pipeline\\Pipeline->then()
#26 /home/obed/Bureau/my-api-project/vendor/laravel/framework/src/Illuminate/Pipeline/Pipeline.php(219): Laravel\\Sanctum\\Http\\Middleware\\EnsureFrontendRequestsAreStateful->handle()
#27 /home/obed/Bureau/my-api-project/vendor/laravel/framework/src/Illuminate/Pipeline/Pipeline.php(137): Illuminate\\Pipeline\\Pipeline->Illuminate\\Pipeline\\{closure}()
#28 /home/obed/Bureau/my-api-project/vendor/laravel/framework/src/Illuminate/Routing/Router.php(821): Illuminate\\Pipeline\\Pipeline->then()
#29 /home/obed/Bureau/my-api-project/vendor/laravel/framework/src/Illuminate/Routing/Router.php(800): Illuminate\\Routing\\Router->runRouteWithinStack()
#30 /home/obed/Bureau/my-api-project/vendor/laravel/framework/src/Illuminate/Routing/Router.php(764): Illuminate\\Routing\\Router->runRoute()
#31 /home/obed/Bureau/my-api-project/vendor/laravel/framework/src/Illuminate/Routing/Router.php(753): Illuminate\\Routing\\Router->dispatchToRoute()
#32 /home/obed/Bureau/my-api-project/vendor/laravel/framework/src/Illuminate/Foundation/Http/Kernel.php(200): Illuminate\\Routing\\Router->dispatch()
#33 /home/obed/Bureau/my-api-project/vendor/laravel/framework/src/Illuminate/Pipeline/Pipeline.php(180): Illuminate\\Foundation\\Http\\Kernel->Illuminate\\Foundation\\Http\\{closure}()
#34 /home/obed/Bureau/my-api-project/vendor/laravel/framework/src/Illuminate/Foundation/Http/Middleware/TransformsRequest.php(21): Illuminate\\Pipeline\\Pipeline->Illuminate\\Pipeline\\{closure}()
#35 /home/obed/Bureau/my-api-project/vendor/laravel/framework/src/Illuminate/Foundation/Http/Middleware/ConvertEmptyStringsToNull.php(31): Illuminate\\Foundation\\Http\\Middleware\\TransformsRequest->handle()
#36 /home/obed/Bureau/my-api-project/vendor/laravel/framework/src/Illuminate/Pipeline/Pipeline.php(219): Illuminate\\Foundation\\Http\\Middleware\\ConvertEmptyStringsToNull->handle()
#37 /home/obed/Bureau/my-api-project/vendor/laravel/framework/src/Illuminate/Foundation/Http/Middleware/TransformsRequest.php(21): Illuminate\\Pipeline\\Pipeline->Illuminate\\Pipeline\\{closure}()
#38 /home/obed/Bureau/my-api-project/vendor/laravel/framework/src/Illuminate/Foundation/Http/Middleware/TrimStrings.php(51): Illuminate\\Foundation\\Http\\Middleware\\TransformsRequest->handle()
#39 /home/obed/Bureau/my-api-project/vendor/laravel/framework/src/Illuminate/Pipeline/Pipeline.php(219): Illuminate\\Foundation\\Http\\Middleware\\TrimStrings->handle()
#40 /home/obed/Bureau/my-api-project/vendor/laravel/framework/src/Illuminate/Http/Middleware/ValidatePostSize.php(27): Illuminate\\Pipeline\\Pipeline->Illuminate\\Pipeline\\{closure}()
#41 /home/obed/Bureau/my-api-project/vendor/laravel/framework/src/Illuminate/Pipeline/Pipeline.php(219): Illuminate\\Http\\Middleware\\ValidatePostSize->handle()
#42 /home/obed/Bureau/my-api-project/vendor/laravel/framework/src/Illuminate/Foundation/Http/Middleware/PreventRequestsDuringMaintenance.php(109): Illuminate\\Pipeline\\Pipeline->Illuminate\\Pipeline\\{closure}()
#43 /home/obed/Bureau/my-api-project/vendor/laravel/framework/src/Illuminate/Pipeline/Pipeline.php(219): Illuminate\\Foundation\\Http\\Middleware\\PreventRequestsDuringMaintenance->handle()
#44 /home/obed/Bureau/my-api-project/vendor/laravel/framework/src/Illuminate/Http/Middleware/HandleCors.php(61): Illuminate\\Pipeline\\Pipeline->Illuminate\\Pipeline\\{closure}()
#45 /home/obed/Bureau/my-api-project/vendor/laravel/framework/src/Illuminate/Pipeline/Pipeline.php(219): Illuminate\\Http\\Middleware\\HandleCors->handle()
#46 /home/obed/Bureau/my-api-project/vendor/laravel/framework/src/Illuminate/Http/Middleware/TrustProxies.php(58): Illuminate\\Pipeline\\Pipeline->Illuminate\\Pipeline\\{closure}()
#47 /home/obed/Bureau/my-api-project/vendor/laravel/framework/src/Illuminate/Pipeline/Pipeline.php(219): Illuminate\\Http\\Middleware\\TrustProxies->handle()
#48 /home/obed/Bureau/my-api-project/vendor/laravel/framework/src/Illuminate/Foundation/Http/Middleware/InvokeDeferredCallbacks.php(22): Illuminate\\Pipeline\\Pipeline->Illuminate\\Pipeline\\{closure}()
#49 /home/obed/Bureau/my-api-project/vendor/laravel/framework/src/Illuminate/Pipeline/Pipeline.php(219): Illuminate\\Foundation\\Http\\Middleware\\InvokeDeferredCallbacks->handle()
#50 /home/obed/Bureau/my-api-project/vendor/laravel/framework/src/Illuminate/Http/Middleware/ValidatePathEncoding.php(26): Illuminate\\Pipeline\\Pipeline->Illuminate\\Pipeline\\{closure}()
#51 /home/obed/Bureau/my-api-project/vendor/laravel/framework/src/Illuminate/Pipeline/Pipeline.php(219): Illuminate\\Http\\Middleware\\ValidatePathEncoding->handle()
#52 /home/obed/Bureau/my-api-project/vendor/laravel/framework/src/Illuminate/Pipeline/Pipeline.php(137): Illuminate\\Pipeline\\Pipeline->Illuminate\\Pipeline\\{closure}()
#53 /home/obed/Bureau/my-api-project/vendor/laravel/framework/src/Illuminate/Foundation/Http/Kernel.php(175): Illuminate\\Pipeline\\Pipeline->then()
#54 /home/obed/Bureau/my-api-project/vendor/laravel/framework/src/Illuminate/Foundation/Http/Kernel.php(144): Illuminate\\Foundation\\Http\\Kernel->sendRequestThroughRouter()
#55 /home/obed/Bureau/my-api-project/vendor/laravel/framework/src/Illuminate/Foundation/Application.php(1219): Illuminate\\Foundation\\Http\\Kernel->handle()
#56 /home/obed/Bureau/my-api-project/public/index.php(20): Illuminate\\Foundation\\Application->handleRequest()
#57 /home/obed/Bureau/my-api-project/vendor/laravel/framework/src/Illuminate/Foundation/resources/server.php(23): require_once('...')
#58 {main}","request_data":{"montant_total":689.0,"patient_id":4,"medicaments_prescrits":[{"quantite":1,"statut":false,"posologie":"1 comprimé par jour","duree":"7 jours","avis":"Aucun","substitution_autorisee":true,"pharmaceutical_product_id":1}]}} 
[2025-09-13 09:20:07] local.INFO: Début de la méthode store {"request_data":{"montant_total":689.0,"patient_id":4,"medicaments_prescrits":[{"quantite":1,"statut":false,"posologie":"1 comprimé par jour","duree":"7 jours","avis":"Aucun","substitution_autorisee":true,"pharmaceutical_product_id":1}]},"headers":{"user-agent":["Dart/3.6 (dart:io)"],"content-type":["application/json"],"accept-encoding":["gzip"],"content-length":["222"],"authorization":["Bearer 101|8DyVS2pNcUiMccU6TOiMh1pBNRMWi6i5kc5AYpUP0045c212"],"host":["192.168.100.224:53800"]},"ip":"192.168.100.212","url":"http://192.168.100.224:53800/api/save_ordonnance"} 
[2025-09-13 09:20:07] local.INFO: Début de la validation des données  
[2025-09-13 09:20:07] local.INFO: Liste des meds {"validated_data":[{"quantite":1,"statut":false,"posologie":"1 comprimé par jour","duree":"7 jours","avis":"Aucun","substitution_autorisee":true,"pharmaceutical_product_id":1}]} 
[2025-09-13 09:20:07] local.INFO: Validation réussie {"validated_data":{"montant_total":689.0,"medicaments_prescrits":[{"quantite":1,"statut":false,"posologie":"1 comprimé par jour","duree":"7 jours","avis":"Aucun","substitution_autorisee":true,"pharmaceutical_product_id":1}],"patient_id":4}} 
[2025-09-13 09:20:07] local.INFO: Création de l'ordonnance  
[2025-09-13 09:20:07] local.ERROR: Erreur inattendue dans la méthode store {"message":"SQLSTATE[42S02]: Base table or view not found: 1146 Table 'laravel.ordonnances' doesn't exist (Connection: mysql, SQL: insert into `ordonnances` (`montant_total`, `montant_paye`, `code_ordonnance`, `patient_id`, `updated_at`, `created_at`) values (689, 0, ORD-KKKPT, 4, 2025-09-13 09:20:07, 2025-09-13 09:20:07))","code":"42S02","file":"/home/obed/Bureau/my-api-project/vendor/laravel/framework/src/Illuminate/Database/Connection.php","line":824,"trace":"#0 /home/obed/Bureau/my-api-project/vendor/laravel/framework/src/Illuminate/Database/Connection.php(778): Illuminate\\Database\\Connection->runQueryCallback()
#1 /home/obed/Bureau/my-api-project/vendor/laravel/framework/src/Illuminate/Database/MySqlConnection.php(42): Illuminate\\Database\\Connection->run()
#2 /home/obed/Bureau/my-api-project/vendor/laravel/framework/src/Illuminate/Database/Query/Processors/MySqlProcessor.php(35): Illuminate\\Database\\MySqlConnection->insert()
#3 /home/obed/Bureau/my-api-project/vendor/laravel/framework/src/Illuminate/Database/Query/Builder.php(3853): Illuminate\\Database\\Query\\Processors\\MySqlProcessor->processInsertGetId()
#4 /home/obed/Bureau/my-api-project/vendor/laravel/framework/src/Illuminate/Database/Eloquent/Builder.php(2220): Illuminate\\Database\\Query\\Builder->insertGetId()
#5 /home/obed/Bureau/my-api-project/vendor/laravel/framework/src/Illuminate/Database/Eloquent/Model.php(1434): Illuminate\\Database\\Eloquent\\Builder->__call()
#6 /home/obed/Bureau/my-api-project/vendor/laravel/framework/src/Illuminate/Database/Eloquent/Model.php(1399): Illuminate\\Database\\Eloquent\\Model->insertAndSetId()
#7 /home/obed/Bureau/my-api-project/vendor/laravel/framework/src/Illuminate/Database/Eloquent/Model.php(1238): Illuminate\\Database\\Eloquent\\Model->performInsert()
#8 /home/obed/Bureau/my-api-project/vendor/laravel/framework/src/Illuminate/Database/Eloquent/Builder.php(1204): Illuminate\\Database\\Eloquent\\Model->save()
#9 /home/obed/Bureau/my-api-project/vendor/laravel/framework/src/Illuminate/Support/helpers.php(390): Illuminate\\Database\\Eloquent\\Builder->Illuminate\\Database\\Eloquent\\{closure}()
#10 /home/obed/Bureau/my-api-project/vendor/laravel/framework/src/Illuminate/Database/Eloquent/Builder.php(1203): tap()
#11 /home/obed/Bureau/my-api-project/vendor/laravel/framework/src/Illuminate/Support/Traits/ForwardsCalls.php(23): Illuminate\\Database\\Eloquent\\Builder->create()
#12 /home/obed/Bureau/my-api-project/vendor/laravel/framework/src/Illuminate/Database/Eloquent/Model.php(2537): Illuminate\\Database\\Eloquent\\Model->forwardCallTo()
#13 /home/obed/Bureau/my-api-project/vendor/laravel/framework/src/Illuminate/Database/Eloquent/Model.php(2553): Illuminate\\Database\\Eloquent\\Model->__call()
#14 /home/obed/Bureau/my-api-project/app/Http/Controllers/OrdonnanceController.php(71): Illuminate\\Database\\Eloquent\\Model::__callStatic()
#15 /home/obed/Bureau/my-api-project/vendor/laravel/framework/src/Illuminate/Routing/ControllerDispatcher.php(46): App\\Http\\Controllers\\OrdonnanceController->store()
#16 /home/obed/Bureau/my-api-project/vendor/laravel/framework/src/Illuminate/Routing/Route.php(265): Illuminate\\Routing\\ControllerDispatcher->dispatch()
#17 /home/obed/Bureau/my-api-project/vendor/laravel/framework/src/Illuminate/Routing/Route.php(211): Illuminate\\Routing\\Route->runController()
#18 /home/obed/Bureau/my-api-project/vendor/laravel/framework/src/Illuminate/Routing/Router.php(822): Illuminate\\Routing\\Route->run()
#19 /home/obed/Bureau/my-api-project/vendor/laravel/framework/src/Illuminate/Pipeline/Pipeline.php(180): Illuminate\\Routing\\Router->Illuminate\\Routing\\{closure}()
#20 /home/obed/Bureau/my-api-project/vendor/laravel/framework/src/Illuminate/Routing/Middleware/SubstituteBindings.php(50): Illuminate\\Pipeline\\Pipeline->Illuminate\\Pipeline\\{closure}()
#21 /home/obed/Bureau/my-api-project/vendor/laravel/framework/src/Illuminate/Pipeline/Pipeline.php(219): Illuminate\\Routing\\Middleware\\SubstituteBindings->handle()
#22 /home/obed/Bureau/my-api-project/vendor/laravel/sanctum/src/Http/Middleware/EnsureFrontendRequestsAreStateful.php(26): Illuminate\\Pipeline\\Pipeline->Illuminate\\Pipeline\\{closure}()
#23 /home/obed/Bureau/my-api-project/vendor/laravel/framework/src/Illuminate/Pipeline/Pipeline.php(180): Laravel\\Sanctum\\Http\\Middleware\\EnsureFrontendRequestsAreStateful->Laravel\\Sanctum\\Http\\Middleware\\{closure}()
#24 /home/obed/Bureau/my-api-project/vendor/laravel/framework/src/Illuminate/Pipeline/Pipeline.php(137): Illuminate\\Pipeline\\Pipeline->Illuminate\\Pipeline\\{closure}()
#25 /home/obed/Bureau/my-api-project/vendor/laravel/sanctum/src/Http/Middleware/EnsureFrontendRequestsAreStateful.php(25): Illuminate\\Pipeline\\Pipeline->then()
#26 /home/obed/Bureau/my-api-project/vendor/laravel/framework/src/Illuminate/Pipeline/Pipeline.php(219): Laravel\\Sanctum\\Http\\Middleware\\EnsureFrontendRequestsAreStateful->handle()
#27 /home/obed/Bureau/my-api-project/vendor/laravel/framework/src/Illuminate/Pipeline/Pipeline.php(137): Illuminate\\Pipeline\\Pipeline->Illuminate\\Pipeline\\{closure}()
#28 /home/obed/Bureau/my-api-project/vendor/laravel/framework/src/Illuminate/Routing/Router.php(821): Illuminate\\Pipeline\\Pipeline->then()
#29 /home/obed/Bureau/my-api-project/vendor/laravel/framework/src/Illuminate/Routing/Router.php(800): Illuminate\\Routing\\Router->runRouteWithinStack()
#30 /home/obed/Bureau/my-api-project/vendor/laravel/framework/src/Illuminate/Routing/Router.php(764): Illuminate\\Routing\\Router->runRoute()
#31 /home/obed/Bureau/my-api-project/vendor/laravel/framework/src/Illuminate/Routing/Router.php(753): Illuminate\\Routing\\Router->dispatchToRoute()
#32 /home/obed/Bureau/my-api-project/vendor/laravel/framework/src/Illuminate/Foundation/Http/Kernel.php(200): Illuminate\\Routing\\Router->dispatch()
#33 /home/obed/Bureau/my-api-project/vendor/laravel/framework/src/Illuminate/Pipeline/Pipeline.php(180): Illuminate\\Foundation\\Http\\Kernel->Illuminate\\Foundation\\Http\\{closure}()
#34 /home/obed/Bureau/my-api-project/vendor/laravel/framework/src/Illuminate/Foundation/Http/Middleware/TransformsRequest.php(21): Illuminate\\Pipeline\\Pipeline->Illuminate\\Pipeline\\{closure}()
#35 /home/obed/Bureau/my-api-project/vendor/laravel/framework/src/Illuminate/Foundation/Http/Middleware/ConvertEmptyStringsToNull.php(31): Illuminate\\Foundation\\Http\\Middleware\\TransformsRequest->handle()
#36 /home/obed/Bureau/my-api-project/vendor/laravel/framework/src/Illuminate/Pipeline/Pipeline.php(219): Illuminate\\Foundation\\Http\\Middleware\\ConvertEmptyStringsToNull->handle()
#37 /home/obed/Bureau/my-api-project/vendor/laravel/framework/src/Illuminate/Foundation/Http/Middleware/TransformsRequest.php(21): Illuminate\\Pipeline\\Pipeline->Illuminate\\Pipeline\\{closure}()
#38 /home/obed/Bureau/my-api-project/vendor/laravel/framework/src/Illuminate/Foundation/Http/Middleware/TrimStrings.php(51): Illuminate\\Foundation\\Http\\Middleware\\TransformsRequest->handle()
#39 /home/obed/Bureau/my-api-project/vendor/laravel/framework/src/Illuminate/Pipeline/Pipeline.php(219): Illuminate\\Foundation\\Http\\Middleware\\TrimStrings->handle()
#40 /home/obed/Bureau/my-api-project/vendor/laravel/framework/src/Illuminate/Http/Middleware/ValidatePostSize.php(27): Illuminate\\Pipeline\\Pipeline->Illuminate\\Pipeline\\{closure}()
#41 /home/obed/Bureau/my-api-project/vendor/laravel/framework/src/Illuminate/Pipeline/Pipeline.php(219): Illuminate\\Http\\Middleware\\ValidatePostSize->handle()
#42 /home/obed/Bureau/my-api-project/vendor/laravel/framework/src/Illuminate/Foundation/Http/Middleware/PreventRequestsDuringMaintenance.php(109): Illuminate\\Pipeline\\Pipeline->Illuminate\\Pipeline\\{closure}()
#43 /home/obed/Bureau/my-api-project/vendor/laravel/framework/src/Illuminate/Pipeline/Pipeline.php(219): Illuminate\\Foundation\\Http\\Middleware\\PreventRequestsDuringMaintenance->handle()
#44 /home/obed/Bureau/my-api-project/vendor/laravel/framework/src/Illuminate/Http/Middleware/HandleCors.php(61): Illuminate\\Pipeline\\Pipeline->Illuminate\\Pipeline\\{closure}()
#45 /home/obed/Bureau/my-api-project/vendor/laravel/framework/src/Illuminate/Pipeline/Pipeline.php(219): Illuminate\\Http\\Middleware\\HandleCors->handle()
#46 /home/obed/Bureau/my-api-project/vendor/laravel/framework/src/Illuminate/Http/Middleware/TrustProxies.php(58): Illuminate\\Pipeline\\Pipeline->Illuminate\\Pipeline\\{closure}()
#47 /home/obed/Bureau/my-api-project/vendor/laravel/framework/src/Illuminate/Pipeline/Pipeline.php(219): Illuminate\\Http\\Middleware\\TrustProxies->handle()
#48 /home/obed/Bureau/my-api-project/vendor/laravel/framework/src/Illuminate/Foundation/Http/Middleware/InvokeDeferredCallbacks.php(22): Illuminate\\Pipeline\\Pipeline->Illuminate\\Pipeline\\{closure}()
#49 /home/obed/Bureau/my-api-project/vendor/laravel/framework/src/Illuminate/Pipeline/Pipeline.php(219): Illuminate\\Foundation\\Http\\Middleware\\InvokeDeferredCallbacks->handle()
#50 /home/obed/Bureau/my-api-project/vendor/laravel/framework/src/Illuminate/Http/Middleware/ValidatePathEncoding.php(26): Illuminate\\Pipeline\\Pipeline->Illuminate\\Pipeline\\{closure}()
#51 /home/obed/Bureau/my-api-project/vendor/laravel/framework/src/Illuminate/Pipeline/Pipeline.php(219): Illuminate\\Http\\Middleware\\ValidatePathEncoding->handle()
#52 /home/obed/Bureau/my-api-project/vendor/laravel/framework/src/Illuminate/Pipeline/Pipeline.php(137): Illuminate\\Pipeline\\Pipeline->Illuminate\\Pipeline\\{closure}()
#53 /home/obed/Bureau/my-api-project/vendor/laravel/framework/src/Illuminate/Foundation/Http/Kernel.php(175): Illuminate\\Pipeline\\Pipeline->then()
#54 /home/obed/Bureau/my-api-project/vendor/laravel/framework/src/Illuminate/Foundation/Http/Kernel.php(144): Illuminate\\Foundation\\Http\\Kernel->sendRequestThroughRouter()
#55 /home/obed/Bureau/my-api-project/vendor/laravel/framework/src/Illuminate/Foundation/Application.php(1219): Illuminate\\Foundation\\Http\\Kernel->handle()
#56 /home/obed/Bureau/my-api-project/public/index.php(20): Illuminate\\Foundation\\Application->handleRequest()
#57 /home/obed/Bureau/my-api-project/vendor/laravel/framework/src/Illuminate/Foundation/resources/server.php(23): require_once('...')
#58 {main}","request_data":{"montant_total":689.0,"patient_id":4,"medicaments_prescrits":[{"quantite":1,"statut":false,"posologie":"1 comprimé par jour","duree":"7 jours","avis":"Aucun","substitution_autorisee":true,"pharmaceutical_product_id":1}]}} 
[2025-09-13 09:22:14] local.INFO: Début de la méthode store {"request_data":{"montant_total":689.0,"patient_id":4,"medicaments_prescrits":[{"quantite":1,"statut":false,"posologie":"1 comprimé par jour","duree":"7 jours","avis":"Aucun","substitution_autorisee":true,"pharmaceutical_product_id":1}]},"headers":{"user-agent":["Dart/3.6 (dart:io)"],"content-type":["application/json"],"accept-encoding":["gzip"],"content-length":["222"],"authorization":["Bearer 101|8DyVS2pNcUiMccU6TOiMh1pBNRMWi6i5kc5AYpUP0045c212"],"host":["192.168.100.224:53800"]},"ip":"192.168.100.212","url":"http://192.168.100.224:53800/api/save_ordonnance"} 
[2025-09-13 09:22:14] local.INFO: Début de la validation des données  
[2025-09-13 09:22:14] local.INFO: Liste des meds {"validated_data":[{"quantite":1,"statut":false,"posologie":"1 comprimé par jour","duree":"7 jours","avis":"Aucun","substitution_autorisee":true,"pharmaceutical_product_id":1}]} 
[2025-09-13 09:22:14] local.INFO: Validation réussie {"validated_data":{"montant_total":689.0,"medicaments_prescrits":[{"quantite":1,"statut":false,"posologie":"1 comprimé par jour","duree":"7 jours","avis":"Aucun","substitution_autorisee":true,"pharmaceutical_product_id":1}],"patient_id":4}} 
[2025-09-13 09:22:14] local.INFO: Création de l'ordonnance  
[2025-09-13 09:22:14] local.INFO: Ordonnance créée {"ordonnance_id":1} 
[2025-09-13 09:22:14] local.INFO: Début de la création des médicaments prescrits  
[2025-09-13 09:22:14] local.INFO: Création du médicament prescrit {"index":0,"data":{"quantite":1,"statut":false,"posologie":"1 comprimé par jour","duree":"7 jours","avis":"Aucun","substitution_autorisee":true,"pharmaceutical_product_id":1}} 
[2025-09-13 09:22:14] local.INFO: Médicaments prescrits créés avec succès  
[2025-09-13 09:22:14] local.INFO: Préparation de la réponse JSON  
[2025-09-13 10:47:01] local.ERROR: Command "cache:config" is not defined.

Did you mean one of these?
    cache:clear
    cache:forget
    cache:prune-stale-tags
    cache:table {"exception":"[object] (Symfony\\Component\\Console\\Exception\\CommandNotFoundException(code: 0): Command \"cache:config\" is not defined.

Did you mean one of these?
    cache:clear
    cache:forget
    cache:prune-stale-tags
    cache:table at /home/obed/Bureau/my-api-project/vendor/symfony/console/Application.php:725)
[stacktrace]
#0 /home/obed/Bureau/my-api-project/vendor/symfony/console/Application.php(283): Symfony\\Component\\Console\\Application->find()
#1 /home/obed/Bureau/my-api-project/vendor/symfony/console/Application.php(192): Symfony\\Component\\Console\\Application->doRun()
#2 /home/obed/Bureau/my-api-project/vendor/laravel/framework/src/Illuminate/Foundation/Console/Kernel.php(197): Symfony\\Component\\Console\\Application->run()
#3 /home/obed/Bureau/my-api-project/vendor/laravel/framework/src/Illuminate/Foundation/Application.php(1234): Illuminate\\Foundation\\Console\\Kernel->handle()
#4 /home/obed/Bureau/my-api-project/artisan(16): Illuminate\\Foundation\\Application->handleCommand()
#5 {main}
"} 
[2025-09-15 07:17:45] local.INFO: Seeder de rôle terminé avec succès  
[2025-09-15 07:41:42] local.INFO: Début de la fonction findUserSpecialite -----------------  
[2025-09-15 07:41:42] local.WARNING: Aucune spécialité trouvée pour l'utilisateur {"user_id":5} 
[2025-09-15 07:42:28] local.INFO: Début de la fonction enregistrerSpecialiste {"request_data":{"tarif":"8000.0","description":"gwhjcjvew la fkdkvd. igdieviweiwvie zihdehidveid jevdievwievwi","langue_ids":["2","3"],"image":{"Illuminate\\Http\\UploadedFile":"/tmp/phpyAwjRU"}},"ip_address":"192.168.100.212","user_agent":"Dart/3.6 (dart:io)"} 
[2025-09-15 07:42:28] local.INFO: Données validées avec succès {"validated_data":{"image":{"Illuminate\\Http\\UploadedFile":"/tmp/phpyAwjRU"},"tarif":"8000.0","description":"gwhjcjvew la fkdkvd. igdieviweiwvie zihdehidveid jevdievwievwi","langue_ids":["2","3"]}} 
[2025-09-15 07:42:28] local.INFO: Utilisateur authentifié {"specialiste_id":5,"specialiste_email":"fanousarah@gmail.com"} 
[2025-09-15 07:42:28] local.INFO: Spécialité créée avec succès {"specialite_id":3,"specialite_data":{"description":"gwhjcjvew la fkdkvd. igdieviweiwvie zihdehidveid jevdievwievwi","tarif":"8000.0","specialiste_id":5,"updated_at":"2025-09-15T07:42:28.000000Z","created_at":"2025-09-15T07:42:28.000000Z","id":3}} 
[2025-09-15 07:42:28] local.DEBUG: Traitement de langue_id {"langue_id":"2","specialite_id":3} 
[2025-09-15 07:42:29] local.DEBUG: Langue associée avec succès {"langue_id":"2","specialite_id":3} 
[2025-09-15 07:42:29] local.DEBUG: Traitement de langue_id {"langue_id":"3","specialite_id":3} 
[2025-09-15 07:42:29] local.DEBUG: Langue associée avec succès {"langue_id":"3","specialite_id":3} 
[2025-09-15 07:42:29] local.INFO: Enregistrement du spécialiste terminé avec succès {"specialite_id":3,"langue_ids":["2","3"]} 
[2025-09-15 08:05:57] local.INFO: Début de la fonction findUserSpecialite -----------------  
[2025-09-15 08:05:58] local.INFO: Spécialité trouvée pour l'utilisateur {"user_id":5,"specialite_id":3} 
[2025-09-15 08:58:20] local.INFO: Début de la fonction findUserSpecialite -----------------  
[2025-09-15 08:58:20] local.INFO: Spécialité trouvée pour l'utilisateur {"user_id":5,"specialite_id":3} 
[2025-09-15 08:59:43] local.INFO: Début de la fonction findUserSpecialite -----------------  
[2025-09-15 08:59:43] local.INFO: Spécialité trouvée pour l'utilisateur {"user_id":5,"specialite_id":3} 
[2025-09-15 12:47:50] local.INFO: Début de la fonction findUserSpecialite -----------------  
[2025-09-15 12:48:02] local.INFO: Spécialité trouvée pour l'utilisateur {"user_id":5,"specialite_id":3} 
[2025-09-15 13:11:44] local.INFO: Début de la fonction findUserSpecialite -----------------  
[2025-09-15 13:11:44] local.INFO: Spécialité trouvée pour l'utilisateur {"user_id":5,"specialite_id":3} 
[2025-09-15 14:05:36] local.ERROR: syntax error, unexpected identifier "Route" {"exception":"[object] (ParseError(code: 0): syntax error, unexpected identifier \"Route\" at /home/obed/Bureau/my-api-project/routes/api.php:53)
[stacktrace]
#0 /home/obed/Bureau/my-api-project/vendor/laravel/framework/src/Illuminate/Routing/Router.php(526): Illuminate\\Routing\\RouteFileRegistrar->register()
#1 /home/obed/Bureau/my-api-project/vendor/laravel/framework/src/Illuminate/Routing/Router.php(480): Illuminate\\Routing\\Router->loadRoutes()
#2 /home/obed/Bureau/my-api-project/vendor/laravel/framework/src/Illuminate/Routing/RouteRegistrar.php(206): Illuminate\\Routing\\Router->group()
#3 /home/obed/Bureau/my-api-project/vendor/laravel/framework/src/Illuminate/Foundation/Configuration/ApplicationBuilder.php(214): Illuminate\\Routing\\RouteRegistrar->group()
#4 /home/obed/Bureau/my-api-project/vendor/laravel/framework/src/Illuminate/Container/BoundMethod.php(36): Illuminate\\Foundation\\Configuration\\ApplicationBuilder->Illuminate\\Foundation\\Configuration\\{closure}()
#5 /home/obed/Bureau/my-api-project/vendor/laravel/framework/src/Illuminate/Container/Util.php(43): Illuminate\\Container\\BoundMethod::Illuminate\\Container\\{closure}()
#6 /home/obed/Bureau/my-api-project/vendor/laravel/framework/src/Illuminate/Container/BoundMethod.php(84): Illuminate\\Container\\Util::unwrapIfClosure()
#7 /home/obed/Bureau/my-api-project/vendor/laravel/framework/src/Illuminate/Container/BoundMethod.php(35): Illuminate\\Container\\BoundMethod::callBoundMethod()
#8 /home/obed/Bureau/my-api-project/vendor/laravel/framework/src/Illuminate/Container/Container.php(835): Illuminate\\Container\\BoundMethod::call()
#9 /home/obed/Bureau/my-api-project/vendor/laravel/framework/src/Illuminate/Foundation/Support/Providers/RouteServiceProvider.php(162): Illuminate\\Container\\Container->call()
#10 /home/obed/Bureau/my-api-project/vendor/laravel/framework/src/Illuminate/Foundation/Support/Providers/RouteServiceProvider.php(59): Illuminate\\Foundation\\Support\\Providers\\RouteServiceProvider->loadRoutes()
#11 /home/obed/Bureau/my-api-project/vendor/laravel/framework/src/Illuminate/Container/BoundMethod.php(36): Illuminate\\Foundation\\Support\\Providers\\RouteServiceProvider->Illuminate\\Foundation\\Support\\Providers\\{closure}()
#12 /home/obed/Bureau/my-api-project/vendor/laravel/framework/src/Illuminate/Container/Util.php(43): Illuminate\\Container\\BoundMethod::Illuminate\\Container\\{closure}()
#13 /home/obed/Bureau/my-api-project/vendor/laravel/framework/src/Illuminate/Container/BoundMethod.php(84): Illuminate\\Container\\Util::unwrapIfClosure()
#14 /home/obed/Bureau/my-api-project/vendor/laravel/framework/src/Illuminate/Container/BoundMethod.php(35): Illuminate\\Container\\BoundMethod::callBoundMethod()
#15 /home/obed/Bureau/my-api-project/vendor/laravel/framework/src/Illuminate/Container/Container.php(835): Illuminate\\Container\\BoundMethod::call()
#16 /home/obed/Bureau/my-api-project/vendor/laravel/framework/src/Illuminate/Support/ServiceProvider.php(143): Illuminate\\Container\\Container->call()
#17 /home/obed/Bureau/my-api-project/vendor/laravel/framework/src/Illuminate/Foundation/Application.php(1153): Illuminate\\Support\\ServiceProvider->callBootedCallbacks()
#18 /home/obed/Bureau/my-api-project/vendor/laravel/framework/src/Illuminate/Foundation/Application.php(1131): Illuminate\\Foundation\\Application->bootProvider()
#19 [internal function]: Illuminate\\Foundation\\Application->Illuminate\\Foundation\\{closure}()
#20 /home/obed/Bureau/my-api-project/vendor/laravel/framework/src/Illuminate/Foundation/Application.php(1130): array_walk()
#21 /home/obed/Bureau/my-api-project/vendor/laravel/framework/src/Illuminate/Foundation/Bootstrap/BootProviders.php(17): Illuminate\\Foundation\\Application->boot()
#22 /home/obed/Bureau/my-api-project/vendor/laravel/framework/src/Illuminate/Foundation/Application.php(341): Illuminate\\Foundation\\Bootstrap\\BootProviders->bootstrap()
#23 /home/obed/Bureau/my-api-project/vendor/laravel/framework/src/Illuminate/Foundation/Console/Kernel.php(473): Illuminate\\Foundation\\Application->bootstrapWith()
#24 /home/obed/Bureau/my-api-project/vendor/laravel/framework/src/Illuminate/Foundation/Console/Kernel.php(195): Illuminate\\Foundation\\Console\\Kernel->bootstrap()
#25 Command line code(1): Illuminate\\Foundation\\Console\\Kernel->handle()
#26 {main}
"} 
[2025-09-15 14:16:22] local.ERROR: syntax error, unexpected identifier "Route" {"exception":"[object] (ParseError(code: 0): syntax error, unexpected identifier \"Route\" at /home/obed/Bureau/my-api-project/routes/api.php:53)
[stacktrace]
#0 /home/obed/Bureau/my-api-project/vendor/laravel/framework/src/Illuminate/Routing/Router.php(526): Illuminate\\Routing\\RouteFileRegistrar->register()
#1 /home/obed/Bureau/my-api-project/vendor/laravel/framework/src/Illuminate/Routing/Router.php(480): Illuminate\\Routing\\Router->loadRoutes()
#2 /home/obed/Bureau/my-api-project/vendor/laravel/framework/src/Illuminate/Routing/RouteRegistrar.php(206): Illuminate\\Routing\\Router->group()
#3 /home/obed/Bureau/my-api-project/vendor/laravel/framework/src/Illuminate/Foundation/Configuration/ApplicationBuilder.php(214): Illuminate\\Routing\\RouteRegistrar->group()
#4 /home/obed/Bureau/my-api-project/vendor/laravel/framework/src/Illuminate/Container/BoundMethod.php(36): Illuminate\\Foundation\\Configuration\\ApplicationBuilder->Illuminate\\Foundation\\Configuration\\{closure}()
#5 /home/obed/Bureau/my-api-project/vendor/laravel/framework/src/Illuminate/Container/Util.php(43): Illuminate\\Container\\BoundMethod::Illuminate\\Container\\{closure}()
#6 /home/obed/Bureau/my-api-project/vendor/laravel/framework/src/Illuminate/Container/BoundMethod.php(84): Illuminate\\Container\\Util::unwrapIfClosure()
#7 /home/obed/Bureau/my-api-project/vendor/laravel/framework/src/Illuminate/Container/BoundMethod.php(35): Illuminate\\Container\\BoundMethod::callBoundMethod()
#8 /home/obed/Bureau/my-api-project/vendor/laravel/framework/src/Illuminate/Container/Container.php(835): Illuminate\\Container\\BoundMethod::call()
#9 /home/obed/Bureau/my-api-project/vendor/laravel/framework/src/Illuminate/Foundation/Support/Providers/RouteServiceProvider.php(162): Illuminate\\Container\\Container->call()
#10 /home/obed/Bureau/my-api-project/vendor/laravel/framework/src/Illuminate/Foundation/Support/Providers/RouteServiceProvider.php(59): Illuminate\\Foundation\\Support\\Providers\\RouteServiceProvider->loadRoutes()
#11 /home/obed/Bureau/my-api-project/vendor/laravel/framework/src/Illuminate/Container/BoundMethod.php(36): Illuminate\\Foundation\\Support\\Providers\\RouteServiceProvider->Illuminate\\Foundation\\Support\\Providers\\{closure}()
#12 /home/obed/Bureau/my-api-project/vendor/laravel/framework/src/Illuminate/Container/Util.php(43): Illuminate\\Container\\BoundMethod::Illuminate\\Container\\{closure}()
#13 /home/obed/Bureau/my-api-project/vendor/laravel/framework/src/Illuminate/Container/BoundMethod.php(84): Illuminate\\Container\\Util::unwrapIfClosure()
#14 /home/obed/Bureau/my-api-project/vendor/laravel/framework/src/Illuminate/Container/BoundMethod.php(35): Illuminate\\Container\\BoundMethod::callBoundMethod()
#15 /home/obed/Bureau/my-api-project/vendor/laravel/framework/src/Illuminate/Container/Container.php(835): Illuminate\\Container\\BoundMethod::call()
#16 /home/obed/Bureau/my-api-project/vendor/laravel/framework/src/Illuminate/Support/ServiceProvider.php(143): Illuminate\\Container\\Container->call()
#17 /home/obed/Bureau/my-api-project/vendor/laravel/framework/src/Illuminate/Foundation/Application.php(1153): Illuminate\\Support\\ServiceProvider->callBootedCallbacks()
#18 /home/obed/Bureau/my-api-project/vendor/laravel/framework/src/Illuminate/Foundation/Application.php(1131): Illuminate\\Foundation\\Application->bootProvider()
#19 [internal function]: Illuminate\\Foundation\\Application->Illuminate\\Foundation\\{closure}()
#20 /home/obed/Bureau/my-api-project/vendor/laravel/framework/src/Illuminate/Foundation/Application.php(1130): array_walk()
#21 /home/obed/Bureau/my-api-project/vendor/laravel/framework/src/Illuminate/Foundation/Bootstrap/BootProviders.php(17): Illuminate\\Foundation\\Application->boot()
#22 /home/obed/Bureau/my-api-project/vendor/laravel/framework/src/Illuminate/Foundation/Application.php(341): Illuminate\\Foundation\\Bootstrap\\BootProviders->bootstrap()
#23 /home/obed/Bureau/my-api-project/vendor/laravel/framework/src/Illuminate/Foundation/Console/Kernel.php(473): Illuminate\\Foundation\\Application->bootstrapWith()
#24 /home/obed/Bureau/my-api-project/vendor/laravel/framework/src/Illuminate/Foundation/Console/Kernel.php(195): Illuminate\\Foundation\\Console\\Kernel->bootstrap()
#25 Command line code(1): Illuminate\\Foundation\\Console\\Kernel->handle()
#26 {main}
"} 
[2025-09-15 15:27:15] local.INFO: Début de la fonction findUserSpecialite -----------------  
[2025-09-15 15:27:15] local.INFO: Spécialité trouvée pour l'utilisateur {"user_id":5,"specialite_id":3} 
[2025-09-15 15:28:25] local.INFO: Début de la méthode store {"request_data":{"montant_total":5555.0,"patient_id":4,"medicaments_prescrits":[{"quantite":1,"statut":false,"posologie":"1 comprimé par jour","duree":"7 jours","avis":"Aucun","substitution_autorisee":true,"pharmaceutical_product_id":3}]},"headers":{"user-agent":["Dart/3.6 (dart:io)"],"content-type":["application/json"],"accept-encoding":["gzip"],"content-length":["223"],"authorization":["Bearer 123|AVyYtIQWbmQhbKMjeuryBLNdpBqCKSCHDxMXwpys6c407be4"],"host":["192.168.100.224:53800"]},"ip":"192.168.100.212","url":"http://192.168.100.224:53800/api/save_ordonnance"} 
[2025-09-15 15:28:25] local.INFO: Début de la validation des données  
[2025-09-15 15:28:25] local.INFO: Liste des meds {"validated_data":[{"quantite":1,"statut":false,"posologie":"1 comprimé par jour","duree":"7 jours","avis":"Aucun","substitution_autorisee":true,"pharmaceutical_product_id":3}]} 
[2025-09-15 15:28:25] local.INFO: Validation réussie {"validated_data":{"montant_total":5555.0,"medicaments_prescrits":[{"quantite":1,"statut":false,"posologie":"1 comprimé par jour","duree":"7 jours","avis":"Aucun","substitution_autorisee":true,"pharmaceutical_product_id":3}],"patient_id":4}} 
[2025-09-15 15:28:25] local.INFO: Création de l'ordonnance  
[2025-09-15 15:28:25] local.INFO: Ordonnance créée {"ordonnance_id":2} 
[2025-09-15 15:28:25] local.INFO: Début de la création des médicaments prescrits  
[2025-09-15 15:28:25] local.INFO: Création du médicament prescrit {"index":0,"data":{"quantite":1,"statut":false,"posologie":"1 comprimé par jour","duree":"7 jours","avis":"Aucun","substitution_autorisee":true,"pharmaceutical_product_id":3}} 
[2025-09-15 15:28:26] local.INFO: Médicaments prescrits créés avec succès  
[2025-09-15 15:28:26] local.INFO: Préparation de la réponse JSON  
[2025-09-15 15:38:49] local.INFO: Début de la méthode store {"request_data":{"montant_total":5555.0,"patient_id":4,"medicaments_prescrits":[{"quantite":1,"statut":false,"posologie":"1 comprimé par jour","duree":"7 jours","avis":"Aucun","substitution_autorisee":true,"pharmaceutical_product_id":3}]},"headers":{"user-agent":["Dart/3.6 (dart:io)"],"content-type":["application/json"],"accept-encoding":["gzip"],"content-length":["223"],"authorization":["Bearer 123|AVyYtIQWbmQhbKMjeuryBLNdpBqCKSCHDxMXwpys6c407be4"],"host":["192.168.100.224:53800"]},"ip":"192.168.100.212","url":"http://192.168.100.224:53800/api/save_ordonnance"} 
[2025-09-15 15:38:49] local.INFO: Début de la validation des données  
[2025-09-15 15:38:49] local.INFO: Liste des meds {"validated_data":[{"quantite":1,"statut":false,"posologie":"1 comprimé par jour","duree":"7 jours","avis":"Aucun","substitution_autorisee":true,"pharmaceutical_product_id":3}]} 
[2025-09-15 15:38:49] local.INFO: Validation réussie {"validated_data":{"montant_total":5555.0,"medicaments_prescrits":[{"quantite":1,"statut":false,"posologie":"1 comprimé par jour","duree":"7 jours","avis":"Aucun","substitution_autorisee":true,"pharmaceutical_product_id":3}],"patient_id":4}} 
[2025-09-15 15:38:49] local.INFO: Création de l'ordonnance  
[2025-09-15 15:38:49] local.INFO: Ordonnance créée {"ordonnance_id":3} 
[2025-09-15 15:38:49] local.INFO: Début de la création des médicaments prescrits  
[2025-09-15 15:38:49] local.INFO: Création du médicament prescrit {"index":0,"data":{"quantite":1,"statut":false,"posologie":"1 comprimé par jour","duree":"7 jours","avis":"Aucun","substitution_autorisee":true,"pharmaceutical_product_id":3}} 
[2025-09-15 15:38:50] local.INFO: Médicaments prescrits créés avec succès  
[2025-09-15 15:38:50] local.INFO: Préparation de la réponse JSON  
[2025-09-15 15:55:38] local.INFO: Début de la fonction findUserSpecialite -----------------  
[2025-09-15 15:55:38] local.INFO: Spécialité trouvée pour l'utilisateur {"user_id":5,"specialite_id":3} 
[2025-09-15 16:03:55] local.INFO: Début de la méthode store {"request_data":{"montant_total":646.0,"patient_id":4,"medicaments_prescrits":[{"quantite":1,"statut":false,"posologie":"1 comprimé par jour","duree":"7 jours","avis":"Aucun","substitution_autorisee":true,"pharmaceutical_product_id":9}]},"headers":{"user-agent":["Dart/3.6 (dart:io)"],"content-type":["application/json"],"accept-encoding":["gzip"],"content-length":["222"],"authorization":["Bearer 125|4chvjxzhAfGG7QVjagRYq7P6IeOe3eEaQHGEyxrB85bb8253"],"host":["192.168.100.224:53800"]},"ip":"192.168.100.212","url":"http://192.168.100.224:53800/api/save_ordonnance"} 
[2025-09-15 16:03:55] local.INFO: Début de la validation des données  
[2025-09-15 16:03:55] local.INFO: Liste des meds {"validated_data":[{"quantite":1,"statut":false,"posologie":"1 comprimé par jour","duree":"7 jours","avis":"Aucun","substitution_autorisee":true,"pharmaceutical_product_id":9}]} 
[2025-09-15 16:03:55] local.INFO: Validation réussie {"validated_data":{"montant_total":646.0,"medicaments_prescrits":[{"quantite":1,"statut":false,"posologie":"1 comprimé par jour","duree":"7 jours","avis":"Aucun","substitution_autorisee":true,"pharmaceutical_product_id":9}],"patient_id":4}} 
[2025-09-15 16:03:55] local.INFO: Création de l'ordonnance  
[2025-09-15 16:03:55] local.INFO: Ordonnance créée {"ordonnance_id":4} 
[2025-09-15 16:03:55] local.INFO: Début de la création des médicaments prescrits  
[2025-09-15 16:03:55] local.INFO: Création du médicament prescrit {"index":0,"data":{"quantite":1,"statut":false,"posologie":"1 comprimé par jour","duree":"7 jours","avis":"Aucun","substitution_autorisee":true,"pharmaceutical_product_id":9}} 
[2025-09-15 16:03:56] local.INFO: Médicaments prescrits créés avec succès  
[2025-09-15 16:03:56] local.INFO: Préparation de la réponse JSON  
[2025-09-15 16:08:23] local.INFO: Début de la méthode store {"request_data":{"montant_total":646.0,"patient_id":4,"medicaments_prescrits":[{"quantite":1,"statut":false,"posologie":"1 comprimé par jour","duree":"7 jours","avis":"Aucun","substitution_autorisee":true,"pharmaceutical_product_id":9}]},"headers":{"user-agent":["Dart/3.6 (dart:io)"],"content-type":["application/json"],"accept-encoding":["gzip"],"content-length":["222"],"authorization":["Bearer 125|4chvjxzhAfGG7QVjagRYq7P6IeOe3eEaQHGEyxrB85bb8253"],"host":["192.168.100.224:53800"]},"ip":"192.168.100.212","url":"http://192.168.100.224:53800/api/save_ordonnance"} 
[2025-09-15 16:08:23] local.INFO: Début de la validation des données  
[2025-09-15 16:08:23] local.INFO: Liste des meds {"validated_data":[{"quantite":1,"statut":false,"posologie":"1 comprimé par jour","duree":"7 jours","avis":"Aucun","substitution_autorisee":true,"pharmaceutical_product_id":9}]} 
[2025-09-15 16:08:23] local.INFO: Validation réussie {"validated_data":{"montant_total":646.0,"medicaments_prescrits":[{"quantite":1,"statut":false,"posologie":"1 comprimé par jour","duree":"7 jours","avis":"Aucun","substitution_autorisee":true,"pharmaceutical_product_id":9}],"patient_id":4}} 
[2025-09-15 16:08:23] local.INFO: Création de l'ordonnance  
[2025-09-15 16:08:25] local.INFO: Ordonnance créée {"ordonnance_id":5} 
[2025-09-15 16:08:25] local.INFO: Début de la création des médicaments prescrits  
[2025-09-15 16:08:25] local.INFO: Création du médicament prescrit {"index":0,"data":{"quantite":1,"statut":false,"posologie":"1 comprimé par jour","duree":"7 jours","avis":"Aucun","substitution_autorisee":true,"pharmaceutical_product_id":9}} 
[2025-09-15 16:08:30] local.INFO: Médicaments prescrits créés avec succès  
[2025-09-15 16:08:30] local.INFO: Préparation de la réponse JSON  
[2025-09-15 16:11:50] local.INFO: Début de la méthode store {"request_data":{"montant_total":646.0,"patient_id":4,"medicaments_prescrits":[{"quantite":1,"statut":false,"posologie":"1 comprimé par jour","duree":"7 jours","avis":"Aucun","substitution_autorisee":true,"pharmaceutical_product_id":9}]},"headers":{"user-agent":["Dart/3.6 (dart:io)"],"content-type":["application/json"],"accept-encoding":["gzip"],"content-length":["222"],"authorization":["Bearer 125|4chvjxzhAfGG7QVjagRYq7P6IeOe3eEaQHGEyxrB85bb8253"],"host":["192.168.100.224:53800"]},"ip":"192.168.100.212","url":"http://192.168.100.224:53800/api/save_ordonnance"} 
[2025-09-15 16:11:50] local.INFO: Début de la validation des données  
[2025-09-15 16:11:50] local.INFO: Liste des meds {"validated_data":[{"quantite":1,"statut":false,"posologie":"1 comprimé par jour","duree":"7 jours","avis":"Aucun","substitution_autorisee":true,"pharmaceutical_product_id":9}]} 
[2025-09-15 16:11:50] local.INFO: Validation réussie {"validated_data":{"montant_total":646.0,"medicaments_prescrits":[{"quantite":1,"statut":false,"posologie":"1 comprimé par jour","duree":"7 jours","avis":"Aucun","substitution_autorisee":true,"pharmaceutical_product_id":9}],"patient_id":4}} 
[2025-09-15 16:11:50] local.INFO: Création de l'ordonnance  
[2025-09-15 16:11:50] local.INFO: Ordonnance créée {"ordonnance_id":6} 
[2025-09-15 16:11:50] local.INFO: Début de la création des médicaments prescrits  
[2025-09-15 16:11:50] local.INFO: Création du médicament prescrit {"index":0,"data":{"quantite":1,"statut":false,"posologie":"1 comprimé par jour","duree":"7 jours","avis":"Aucun","substitution_autorisee":true,"pharmaceutical_product_id":9}} 
[2025-09-15 16:11:50] local.INFO: Médicaments prescrits créés avec succès  
[2025-09-15 16:11:50] local.INFO: Préparation de la réponse JSON  
[2025-09-15 16:13:11] local.INFO: Début de la méthode store {"request_data":{"montant_total":646.0,"patient_id":4,"medicaments_prescrits":[{"quantite":1,"statut":false,"posologie":"1 comprimé par jour","duree":"7 jours","avis":"Aucun","substitution_autorisee":true,"pharmaceutical_product_id":9}]},"headers":{"user-agent":["Dart/3.6 (dart:io)"],"content-type":["application/json"],"accept-encoding":["gzip"],"content-length":["222"],"authorization":["Bearer 125|4chvjxzhAfGG7QVjagRYq7P6IeOe3eEaQHGEyxrB85bb8253"],"host":["192.168.100.224:53800"]},"ip":"192.168.100.212","url":"http://192.168.100.224:53800/api/save_ordonnance"} 
[2025-09-15 16:13:11] local.INFO: Début de la validation des données  
[2025-09-15 16:13:11] local.INFO: Liste des meds {"validated_data":[{"quantite":1,"statut":false,"posologie":"1 comprimé par jour","duree":"7 jours","avis":"Aucun","substitution_autorisee":true,"pharmaceutical_product_id":9}]} 
[2025-09-15 16:13:11] local.INFO: Validation réussie {"validated_data":{"montant_total":646.0,"medicaments_prescrits":[{"quantite":1,"statut":false,"posologie":"1 comprimé par jour","duree":"7 jours","avis":"Aucun","substitution_autorisee":true,"pharmaceutical_product_id":9}],"patient_id":4}} 
[2025-09-15 16:13:11] local.INFO: Création de l'ordonnance  
[2025-09-15 16:13:12] local.INFO: Ordonnance créée {"ordonnance_id":7} 
[2025-09-15 16:13:12] local.INFO: Début de la création des médicaments prescrits  
[2025-09-15 16:13:12] local.INFO: Création du médicament prescrit {"index":0,"data":{"quantite":1,"statut":false,"posologie":"1 comprimé par jour","duree":"7 jours","avis":"Aucun","substitution_autorisee":true,"pharmaceutical_product_id":9}} 
[2025-09-15 16:13:12] local.INFO: Médicaments prescrits créés avec succès  
[2025-09-15 16:13:12] local.INFO: Préparation de la réponse JSON  
[2025-09-15 16:14:28] local.INFO: Début de la méthode store {"request_data":{"montant_total":646.0,"patient_id":4,"medicaments_prescrits":[{"quantite":1,"statut":false,"posologie":"1 comprimé par jour","duree":"7 jours","avis":"Aucun","substitution_autorisee":true,"pharmaceutical_product_id":9}]},"headers":{"user-agent":["Dart/3.6 (dart:io)"],"content-type":["application/json"],"accept-encoding":["gzip"],"content-length":["222"],"authorization":["Bearer 125|4chvjxzhAfGG7QVjagRYq7P6IeOe3eEaQHGEyxrB85bb8253"],"host":["192.168.100.224:53800"]},"ip":"192.168.100.212","url":"http://192.168.100.224:53800/api/save_ordonnance"} 
[2025-09-15 16:14:28] local.INFO: Début de la validation des données  
[2025-09-15 16:14:28] local.INFO: Liste des meds {"validated_data":[{"quantite":1,"statut":false,"posologie":"1 comprimé par jour","duree":"7 jours","avis":"Aucun","substitution_autorisee":true,"pharmaceutical_product_id":9}]} 
[2025-09-15 16:14:28] local.INFO: Validation réussie {"validated_data":{"montant_total":646.0,"medicaments_prescrits":[{"quantite":1,"statut":false,"posologie":"1 comprimé par jour","duree":"7 jours","avis":"Aucun","substitution_autorisee":true,"pharmaceutical_product_id":9}],"patient_id":4}} 
[2025-09-15 16:14:28] local.INFO: Création de l'ordonnance  
[2025-09-15 16:14:29] local.INFO: Ordonnance créée {"ordonnance_id":8} 
[2025-09-15 16:14:29] local.INFO: Début de la création des médicaments prescrits  
[2025-09-15 16:14:29] local.INFO: Création du médicament prescrit {"index":0,"data":{"quantite":1,"statut":false,"posologie":"1 comprimé par jour","duree":"7 jours","avis":"Aucun","substitution_autorisee":true,"pharmaceutical_product_id":9}} 
[2025-09-15 16:14:29] local.INFO: Médicaments prescrits créés avec succès  
[2025-09-15 16:14:29] local.INFO: Préparation de la réponse JSON  
[2025-09-15 16:15:49] local.INFO: Début de la méthode store {"request_data":{"montant_total":646.0,"patient_id":4,"medicaments_prescrits":[{"quantite":1,"statut":false,"posologie":"1 comprimé par jour","duree":"7 jours","avis":"Aucun","substitution_autorisee":true,"pharmaceutical_product_id":9}]},"headers":{"user-agent":["Dart/3.6 (dart:io)"],"content-type":["application/json"],"accept-encoding":["gzip"],"content-length":["222"],"authorization":["Bearer 125|4chvjxzhAfGG7QVjagRYq7P6IeOe3eEaQHGEyxrB85bb8253"],"host":["192.168.100.224:53800"]},"ip":"192.168.100.212","url":"http://192.168.100.224:53800/api/save_ordonnance"} 
[2025-09-15 16:15:49] local.INFO: Début de la validation des données  
[2025-09-15 16:15:49] local.INFO: Liste des meds {"validated_data":[{"quantite":1,"statut":false,"posologie":"1 comprimé par jour","duree":"7 jours","avis":"Aucun","substitution_autorisee":true,"pharmaceutical_product_id":9}]} 
[2025-09-15 16:15:49] local.INFO: Validation réussie {"validated_data":{"montant_total":646.0,"medicaments_prescrits":[{"quantite":1,"statut":false,"posologie":"1 comprimé par jour","duree":"7 jours","avis":"Aucun","substitution_autorisee":true,"pharmaceutical_product_id":9}],"patient_id":4}} 
[2025-09-15 16:15:49] local.INFO: Création de l'ordonnance  
[2025-09-15 16:15:49] local.INFO: Ordonnance créée {"ordonnance_id":9} 
[2025-09-15 16:15:49] local.INFO: Début de la création des médicaments prescrits  
[2025-09-15 16:15:49] local.INFO: Création du médicament prescrit {"index":0,"data":{"quantite":1,"statut":false,"posologie":"1 comprimé par jour","duree":"7 jours","avis":"Aucun","substitution_autorisee":true,"pharmaceutical_product_id":9}} 
[2025-09-15 16:15:49] local.INFO: Médicaments prescrits créés avec succès  
[2025-09-15 16:15:49] local.INFO: Préparation de la réponse JSON  
[2025-09-15 16:20:37] local.INFO: Début de la méthode store {"request_data":{"montant_total":646.0,"patient_id":4,"medicaments_prescrits":[{"quantite":1,"statut":false,"posologie":"1 comprimé par jour","duree":"7 jours","avis":"Aucun","substitution_autorisee":true,"pharmaceutical_product_id":9}]},"headers":{"user-agent":["Dart/3.6 (dart:io)"],"content-type":["application/json"],"accept-encoding":["gzip"],"content-length":["222"],"authorization":["Bearer 125|4chvjxzhAfGG7QVjagRYq7P6IeOe3eEaQHGEyxrB85bb8253"],"host":["192.168.100.224:53800"]},"ip":"192.168.100.212","url":"http://192.168.100.224:53800/api/save_ordonnance"} 
[2025-09-15 16:20:37] local.INFO: Début de la validation des données  
[2025-09-15 16:20:37] local.INFO: Liste des meds {"validated_data":[{"quantite":1,"statut":false,"posologie":"1 comprimé par jour","duree":"7 jours","avis":"Aucun","substitution_autorisee":true,"pharmaceutical_product_id":9}]} 
[2025-09-15 16:20:37] local.INFO: Validation réussie {"validated_data":{"montant_total":646.0,"medicaments_prescrits":[{"quantite":1,"statut":false,"posologie":"1 comprimé par jour","duree":"7 jours","avis":"Aucun","substitution_autorisee":true,"pharmaceutical_product_id":9}],"patient_id":4}} 
[2025-09-15 16:20:37] local.INFO: Création de l'ordonnance  
[2025-09-15 16:20:38] local.INFO: Ordonnance créée {"ordonnance_id":10} 
[2025-09-15 16:20:38] local.INFO: Début de la création des médicaments prescrits  
[2025-09-15 16:20:38] local.INFO: Création du médicament prescrit {"index":0,"data":{"quantite":1,"statut":false,"posologie":"1 comprimé par jour","duree":"7 jours","avis":"Aucun","substitution_autorisee":true,"pharmaceutical_product_id":9}} 
[2025-09-15 16:20:38] local.INFO: Médicaments prescrits créés avec succès  
[2025-09-15 16:20:38] local.INFO: Préparation de la réponse JSON  
[2025-09-15 16:24:11] local.INFO: Début de la méthode store {"request_data":{"montant_total":646.0,"patient_id":4,"medicaments_prescrits":[{"quantite":1,"statut":false,"posologie":"1 comprimé par jour","duree":"7 jours","avis":"Aucun","substitution_autorisee":true,"pharmaceutical_product_id":9}]},"headers":{"user-agent":["Dart/3.6 (dart:io)"],"content-type":["application/json"],"accept-encoding":["gzip"],"content-length":["222"],"authorization":["Bearer 125|4chvjxzhAfGG7QVjagRYq7P6IeOe3eEaQHGEyxrB85bb8253"],"host":["192.168.100.224:53800"]},"ip":"192.168.100.212","url":"http://192.168.100.224:53800/api/save_ordonnance"} 
[2025-09-15 16:24:11] local.INFO: Début de la validation des données  
[2025-09-15 16:24:11] local.INFO: Liste des meds {"validated_data":[{"quantite":1,"statut":false,"posologie":"1 comprimé par jour","duree":"7 jours","avis":"Aucun","substitution_autorisee":true,"pharmaceutical_product_id":9}]} 
[2025-09-15 16:24:11] local.INFO: Validation réussie {"validated_data":{"montant_total":646.0,"medicaments_prescrits":[{"quantite":1,"statut":false,"posologie":"1 comprimé par jour","duree":"7 jours","avis":"Aucun","substitution_autorisee":true,"pharmaceutical_product_id":9}],"patient_id":4}} 
[2025-09-15 16:24:11] local.INFO: Création de l'ordonnance  
[2025-09-15 16:24:11] local.INFO: Ordonnance créée {"ordonnance_id":11} 
[2025-09-15 16:24:11] local.INFO: Début de la création des médicaments prescrits  
[2025-09-15 16:24:11] local.INFO: Création du médicament prescrit {"index":0,"data":{"quantite":1,"statut":false,"posologie":"1 comprimé par jour","duree":"7 jours","avis":"Aucun","substitution_autorisee":true,"pharmaceutical_product_id":9}} 
[2025-09-15 16:24:12] local.INFO: Médicaments prescrits créés avec succès  
[2025-09-15 16:24:12] local.INFO: Préparation de la réponse JSON  
[2025-09-15 16:24:24] local.INFO: Début de la méthode store {"request_data":{"montant_total":646.0,"patient_id":4,"medicaments_prescrits":[{"quantite":1,"statut":false,"posologie":"1 comprimé par jour","duree":"7 jours","avis":"Aucun","substitution_autorisee":true,"pharmaceutical_product_id":9}]},"headers":{"user-agent":["Dart/3.6 (dart:io)"],"content-type":["application/json"],"accept-encoding":["gzip"],"content-length":["222"],"authorization":["Bearer 125|4chvjxzhAfGG7QVjagRYq7P6IeOe3eEaQHGEyxrB85bb8253"],"host":["192.168.100.224:53800"]},"ip":"192.168.100.212","url":"http://192.168.100.224:53800/api/save_ordonnance"} 
[2025-09-15 16:24:24] local.INFO: Début de la validation des données  
[2025-09-15 16:24:24] local.INFO: Liste des meds {"validated_data":[{"quantite":1,"statut":false,"posologie":"1 comprimé par jour","duree":"7 jours","avis":"Aucun","substitution_autorisee":true,"pharmaceutical_product_id":9}]} 
[2025-09-15 16:24:24] local.INFO: Validation réussie {"validated_data":{"montant_total":646.0,"medicaments_prescrits":[{"quantite":1,"statut":false,"posologie":"1 comprimé par jour","duree":"7 jours","avis":"Aucun","substitution_autorisee":true,"pharmaceutical_product_id":9}],"patient_id":4}} 
[2025-09-15 16:24:24] local.INFO: Création de l'ordonnance  
[2025-09-15 16:24:24] local.INFO: Ordonnance créée {"ordonnance_id":12} 
[2025-09-15 16:24:24] local.INFO: Début de la création des médicaments prescrits  
[2025-09-15 16:24:24] local.INFO: Création du médicament prescrit {"index":0,"data":{"quantite":1,"statut":false,"posologie":"1 comprimé par jour","duree":"7 jours","avis":"Aucun","substitution_autorisee":true,"pharmaceutical_product_id":9}} 
[2025-09-15 16:24:24] local.INFO: Médicaments prescrits créés avec succès  
[2025-09-15 16:24:24] local.INFO: Préparation de la réponse JSON  
[2025-09-15 16:36:59] local.INFO: Début de la fonction findUserSpecialite -----------------  
[2025-09-15 16:36:59] local.INFO: Spécialité trouvée pour l'utilisateur {"user_id":5,"specialite_id":3} 
[2025-09-15 17:53:01] local.INFO: Début de la fonction findUserSpecialite -----------------  
[2025-09-15 17:53:01] local.INFO: Spécialité trouvée pour l'utilisateur {"user_id":5,"specialite_id":3} 
[2025-09-15 18:59:18] local.INFO: Incoming updateConsultation request {"data":{"consultation_id":19},"ip":"192.168.100.212","url":"http://192.168.100.224:53800/api/update_consultation"} 
[2025-09-15 18:59:18] local.INFO: Consultation updated successfully  
[2025-09-18 10:36:05] local.INFO: Incoming updateConsultation request {"data":{"consultation_id":22},"ip":"192.168.186.127","url":"http://192.168.186.238:53800/api/update_consultation"} 
[2025-09-18 10:36:05] local.INFO: Consultation updated successfully  
[2025-09-24 06:52:59] local.ERROR: Database connection [] not configured. {"exception":"[object] (InvalidArgumentException(code: 0): Database connection [] not configured. at /home/obed/Bureau/new/soutenance_api_12/vendor/laravel/framework/src/Illuminate/Database/DatabaseManager.php:227)
[stacktrace]
#0 /home/obed/Bureau/new/soutenance_api_12/vendor/laravel/framework/src/Illuminate/Database/DatabaseManager.php(191): Illuminate\\Database\\DatabaseManager->configuration()
#1 /home/obed/Bureau/new/soutenance_api_12/vendor/laravel/framework/src/Illuminate/Database/DatabaseManager.php(104): Illuminate\\Database\\DatabaseManager->makeConnection()
#2 /home/obed/Bureau/new/soutenance_api_12/vendor/laravel/framework/src/Illuminate/Database/DatabaseServiceProvider.php(76): Illuminate\\Database\\DatabaseManager->connection()
#3 /home/obed/Bureau/new/soutenance_api_12/vendor/laravel/framework/src/Illuminate/Container/Container.php(1153): Illuminate\\Database\\DatabaseServiceProvider->Illuminate\\Database\\{closure}()
#4 /home/obed/Bureau/new/soutenance_api_12/vendor/laravel/framework/src/Illuminate/Container/Container.php(971): Illuminate\\Container\\Container->build()
#5 /home/obed/Bureau/new/soutenance_api_12/vendor/laravel/framework/src/Illuminate/Foundation/Application.php(1077): Illuminate\\Container\\Container->resolve()
#6 /home/obed/Bureau/new/soutenance_api_12/vendor/laravel/framework/src/Illuminate/Container/Container.php(902): Illuminate\\Foundation\\Application->resolve()
#7 /home/obed/Bureau/new/soutenance_api_12/vendor/laravel/framework/src/Illuminate/Foundation/Application.php(1057): Illuminate\\Container\\Container->make()
#8 /home/obed/Bureau/new/soutenance_api_12/vendor/laravel/framework/src/Illuminate/Container/Container.php(1822): Illuminate\\Foundation\\Application->make()
#9 /home/obed/Bureau/new/soutenance_api_12/vendor/laravel/framework/src/Illuminate/Support/Facades/Facade.php(243): Illuminate\\Container\\Container->offsetGet()
#10 /home/obed/Bureau/new/soutenance_api_12/vendor/laravel/framework/src/Illuminate/Support/Facades/Facade.php(211): Illuminate\\Support\\Facades\\Facade::resolveFacadeInstance()
#11 /home/obed/Bureau/new/soutenance_api_12/vendor/laravel/framework/src/Illuminate/Support/Facades/Facade.php(357): Illuminate\\Support\\Facades\\Facade::getFacadeRoot()
#12 /home/obed/Bureau/new/soutenance_api_12/app/Providers/AppServiceProvider.php(26): Illuminate\\Support\\Facades\\Facade::__callStatic()
#13 /home/obed/Bureau/new/soutenance_api_12/vendor/laravel/framework/src/Illuminate/Container/BoundMethod.php(36): App\\Providers\\AppServiceProvider->boot()
#14 /home/obed/Bureau/new/soutenance_api_12/vendor/laravel/framework/src/Illuminate/Container/Util.php(43): Illuminate\\Container\\BoundMethod::Illuminate\\Container\\{closure}()
#15 /home/obed/Bureau/new/soutenance_api_12/vendor/laravel/framework/src/Illuminate/Container/BoundMethod.php(96): Illuminate\\Container\\Util::unwrapIfClosure()
#16 /home/obed/Bureau/new/soutenance_api_12/vendor/laravel/framework/src/Illuminate/Container/BoundMethod.php(35): Illuminate\\Container\\BoundMethod::callBoundMethod()
#17 /home/obed/Bureau/new/soutenance_api_12/vendor/laravel/framework/src/Illuminate/Container/Container.php(835): Illuminate\\Container\\BoundMethod::call()
#18 /home/obed/Bureau/new/soutenance_api_12/vendor/laravel/framework/src/Illuminate/Foundation/Application.php(1150): Illuminate\\Container\\Container->call()
#19 /home/obed/Bureau/new/soutenance_api_12/vendor/laravel/framework/src/Illuminate/Foundation/Application.php(1131): Illuminate\\Foundation\\Application->bootProvider()
#20 [internal function]: Illuminate\\Foundation\\Application->Illuminate\\Foundation\\{closure}()
#21 /home/obed/Bureau/new/soutenance_api_12/vendor/laravel/framework/src/Illuminate/Foundation/Application.php(1130): array_walk()
#22 /home/obed/Bureau/new/soutenance_api_12/vendor/laravel/framework/src/Illuminate/Foundation/Bootstrap/BootProviders.php(17): Illuminate\\Foundation\\Application->boot()
#23 /home/obed/Bureau/new/soutenance_api_12/vendor/laravel/framework/src/Illuminate/Foundation/Application.php(341): Illuminate\\Foundation\\Bootstrap\\BootProviders->bootstrap()
#24 /home/obed/Bureau/new/soutenance_api_12/vendor/laravel/framework/src/Illuminate/Foundation/Console/Kernel.php(473): Illuminate\\Foundation\\Application->bootstrapWith()
#25 /home/obed/Bureau/new/soutenance_api_12/vendor/laravel/framework/src/Illuminate/Foundation/Console/Kernel.php(195): Illuminate\\Foundation\\Console\\Kernel->bootstrap()
#26 Command line code(1): Illuminate\\Foundation\\Console\\Kernel->handle()
#27 {main}
"} 
[2025-09-24 06:53:02] local.ERROR: Database connection [] not configured. {"exception":"[object] (InvalidArgumentException(code: 0): Database connection [] not configured. at /home/obed/Bureau/new/soutenance_api_12/vendor/laravel/framework/src/Illuminate/Database/DatabaseManager.php:227)
[stacktrace]
#0 /home/obed/Bureau/new/soutenance_api_12/vendor/laravel/framework/src/Illuminate/Database/DatabaseManager.php(191): Illuminate\\Database\\DatabaseManager->configuration()
#1 /home/obed/Bureau/new/soutenance_api_12/vendor/laravel/framework/src/Illuminate/Database/DatabaseManager.php(104): Illuminate\\Database\\DatabaseManager->makeConnection()
#2 /home/obed/Bureau/new/soutenance_api_12/vendor/laravel/framework/src/Illuminate/Database/DatabaseServiceProvider.php(76): Illuminate\\Database\\DatabaseManager->connection()
#3 /home/obed/Bureau/new/soutenance_api_12/vendor/laravel/framework/src/Illuminate/Container/Container.php(1153): Illuminate\\Database\\DatabaseServiceProvider->Illuminate\\Database\\{closure}()
#4 /home/obed/Bureau/new/soutenance_api_12/vendor/laravel/framework/src/Illuminate/Container/Container.php(971): Illuminate\\Container\\Container->build()
#5 /home/obed/Bureau/new/soutenance_api_12/vendor/laravel/framework/src/Illuminate/Foundation/Application.php(1077): Illuminate\\Container\\Container->resolve()
#6 /home/obed/Bureau/new/soutenance_api_12/vendor/laravel/framework/src/Illuminate/Container/Container.php(902): Illuminate\\Foundation\\Application->resolve()
#7 /home/obed/Bureau/new/soutenance_api_12/vendor/laravel/framework/src/Illuminate/Foundation/Application.php(1057): Illuminate\\Container\\Container->make()
#8 /home/obed/Bureau/new/soutenance_api_12/vendor/laravel/framework/src/Illuminate/Container/Container.php(1822): Illuminate\\Foundation\\Application->make()
#9 /home/obed/Bureau/new/soutenance_api_12/vendor/laravel/framework/src/Illuminate/Support/Facades/Facade.php(243): Illuminate\\Container\\Container->offsetGet()
#10 /home/obed/Bureau/new/soutenance_api_12/vendor/laravel/framework/src/Illuminate/Support/Facades/Facade.php(211): Illuminate\\Support\\Facades\\Facade::resolveFacadeInstance()
#11 /home/obed/Bureau/new/soutenance_api_12/vendor/laravel/framework/src/Illuminate/Support/Facades/Facade.php(357): Illuminate\\Support\\Facades\\Facade::getFacadeRoot()
#12 /home/obed/Bureau/new/soutenance_api_12/app/Providers/AppServiceProvider.php(26): Illuminate\\Support\\Facades\\Facade::__callStatic()
#13 /home/obed/Bureau/new/soutenance_api_12/vendor/laravel/framework/src/Illuminate/Container/BoundMethod.php(36): App\\Providers\\AppServiceProvider->boot()
#14 /home/obed/Bureau/new/soutenance_api_12/vendor/laravel/framework/src/Illuminate/Container/Util.php(43): Illuminate\\Container\\BoundMethod::Illuminate\\Container\\{closure}()
#15 /home/obed/Bureau/new/soutenance_api_12/vendor/laravel/framework/src/Illuminate/Container/BoundMethod.php(96): Illuminate\\Container\\Util::unwrapIfClosure()
#16 /home/obed/Bureau/new/soutenance_api_12/vendor/laravel/framework/src/Illuminate/Container/BoundMethod.php(35): Illuminate\\Container\\BoundMethod::callBoundMethod()
#17 /home/obed/Bureau/new/soutenance_api_12/vendor/laravel/framework/src/Illuminate/Container/Container.php(835): Illuminate\\Container\\BoundMethod::call()
#18 /home/obed/Bureau/new/soutenance_api_12/vendor/laravel/framework/src/Illuminate/Foundation/Application.php(1150): Illuminate\\Container\\Container->call()
#19 /home/obed/Bureau/new/soutenance_api_12/vendor/laravel/framework/src/Illuminate/Foundation/Application.php(1131): Illuminate\\Foundation\\Application->bootProvider()
#20 [internal function]: Illuminate\\Foundation\\Application->Illuminate\\Foundation\\{closure}()
#21 /home/obed/Bureau/new/soutenance_api_12/vendor/laravel/framework/src/Illuminate/Foundation/Application.php(1130): array_walk()
#22 /home/obed/Bureau/new/soutenance_api_12/vendor/laravel/framework/src/Illuminate/Foundation/Bootstrap/BootProviders.php(17): Illuminate\\Foundation\\Application->boot()
#23 /home/obed/Bureau/new/soutenance_api_12/vendor/laravel/framework/src/Illuminate/Foundation/Application.php(341): Illuminate\\Foundation\\Bootstrap\\BootProviders->bootstrap()
#24 /home/obed/Bureau/new/soutenance_api_12/vendor/laravel/framework/src/Illuminate/Foundation/Console/Kernel.php(473): Illuminate\\Foundation\\Application->bootstrapWith()
#25 /home/obed/Bureau/new/soutenance_api_12/vendor/laravel/framework/src/Illuminate/Foundation/Console/Kernel.php(195): Illuminate\\Foundation\\Console\\Kernel->bootstrap()
#26 Command line code(1): Illuminate\\Foundation\\Console\\Kernel->handle()
#27 {main}
"} 
